symbol,name,lastsale,netchange,pctchange,volume,marketCap,country,ipoyear,industry,sector,url,last_price,today_pct,market_cap,nasdaq_volume,current_dollar_volume
CPHI,China Pharma Holdings Inc. Common Stock,$8.10,7.19,790.11%,88812034,328228216.00,China,,Biotechnology: Pharmaceutical Preparations,Health Care,/market-activity/stocks/cphi,8.1,790.11,328228216.0,88812034.0,719377475.4
CLBK,Columbia Financial Inc. Common Stock,$11.08,-0.0564,-0.506%,57505015,1152845957.00,United States,2018,Savings Institutions,Finance,/market-activity/stocks/clbk,11.08,-0.506,1152845957.0,57505015.0,637155566.2
VIVK,Vivakor Inc. Common Stock,$2.58,0.85,49.133%,140769019,1721376.00,United States,,,,/market-activity/stocks/vivk,2.58,49.133,1721376.0,140769019.0,363184069.02
TE,T1 Energy Inc. Common Stock,$6.10,0.07,1.161%,48218374,1703555418.00,Luxembourg,2021,Industrial Machinery/Components,Miscellaneous,/market-activity/stocks/te,6.1,1.161,1703555418.0,48218374.0,294132081.4
FCEL,FuelCell Energy Inc. Common Stock,$21.64,1.80,9.073%,9749437,1463040864.00,United States,,Industrial Machinery/Components,Energy,/market-activity/stocks/fcel,21.64,9.073,1463040864.0,9749437.0,210977816.68
AMC,AMC Entertainment Holdings Inc. Class A Common Stock,$2.20,-0.26,-10.569%,86355345,1963730204.00,United States,2013,Movies/Entertainment,Consumer Discretionary,/market-activity/stocks/amc,2.2,-10.569,1963730204.0,86355345.0,189981759.00000003
DFNS,T3 Defense Inc. Common Stock,$6.57,2.31,54.225%,21422710,16597384.00,United States,2020,Professional Services,Consumer Discretionary,/market-activity/stocks/dfns,6.57,54.225,16597384.0,21422710.0,140747204.70000002
JBLU,JetBlue Airways Corporation Common Stock,$5.35,-0.10,-1.835%,25088374,1990301083.00,United States,2002,Air Freight/Delivery Services,Consumer Discretionary,/market-activity/stocks/jblu,5.35,-1.835,1990301083.0,25088374.0,134222800.9
POET,POET Technologies Inc. Common Shares,$8.37,0.90,12.048%,14574173,1279719465.00,Canada,,Semiconductors,Technology,/market-activity/stocks/poet,8.37,12.048,1279719465.0,14574173.0,121985828.00999999
ZYBT,Zhengye Biotechnology Holding Limited Class A Ordinary Shares,$2.85,-5.16,-64.419%,37639894,135065422.00,China,2025,Biotechnology: Pharmaceutical Preparations,Health Care,/market-activity/stocks/zybt,2.85,-64.419,135065422.0,37639894.0,107273697.9
NUAI,New Era Energy & Digital Inc. Common Stock,$5.91,0.76,14.757%,16006626,598629384.00,United States,,Oil & Gas Production,Energy,/market-activity/stocks/nuai,5.91,14.757,598629384.0,16006626.0,94599159.66
PSNL,Personalis Inc. Common Stock,$13.44,0.10,0.75%,6812347,1407451557.00,United States,2019,Medical Specialities,Health Care,/market-activity/stocks/psnl,13.44,0.75,1407451557.0,6812347.0,91557943.67999999
WOLF,Wolfspeed Inc. Common Stock New,$31.73,2.35,7.999%,2756113,1649074765.00,United States,2025,Semiconductors,Technology,/market-activity/stocks/wolf,31.73,7.999,1649074765.0,2756113.0,87451465.49
WYFI,WhiteFiber Inc. Ordinary Shares,$27.55,0.42,1.548%,2881870,1063821651.00,United States,2025,Finance: Consumer Services,Finance,/market-activity/stocks/wyfi,27.55,1.548,1063821651.0,2881870.0,79395518.5
EOSE,Eos Energy Enterprises Inc. Class A Common Stock,$4.24,0.18,4.433%,17950731,1497558083.00,United States,,Industrial Machinery/Components,Miscellaneous,/market-activity/stocks/eose,4.24,4.433,1497558083.0,17950731.0,76111099.44
CBRL,Cracker Barrel Old Country Store Inc Common Stock,$53.90,0.49,0.917%,1328954,1204743694.00,United States,1981,Restaurants,Consumer Discretionary,/market-activity/stocks/cbrl,53.9,0.917,1204743694.0,1328954.0,71630620.6
QUBT,Quantum Computing Inc. Common Stock,$8.22,0.30,3.788%,8513421,1853897593.00,United States,,Computer Software: Prepackaged Software,Technology,/market-activity/stocks/qubt,8.22,3.788,1853897593.0,8513421.0,69980320.62
ANAB,AnaptysBio Inc. Common Stock,$53.76,3.47,6.90%,1272033,1591751939.00,United States,2017,Biotechnology: Pharmaceutical Preparations,Health Care,/market-activity/stocks/anab,53.76,6.9,1591751939.0,1272033.0,68384494.08
JZXN,Jiuzi Holdings Inc. Ordinary Shares,$1.93,0.78,67.826%,35416132,2564663.00,China,2021,Retail-Auto Dealers and Gas Stations,Consumer Discretionary,/market-activity/stocks/jzxn,1.93,67.826,2564663.0,35416132.0,68353134.75999999
SRPT,Sarepta Therapeutics Inc. Common Stock (DE),$16.21,-0.62,-3.684%,4122430,1711390559.00,United States,,Biotechnology: Pharmaceutical Preparations,Health Care,/market-activity/stocks/srpt,16.21,-3.684,1711390559.0,4122430.0,66824590.300000004
PURR,Hyperliquid Strategies Inc Common Stock,$7.08,0.03,0.426%,9335331,1391595629.00,United States,,Finance: Consumer Services,Finance,/market-activity/stocks/purr,7.08,0.426,1391595629.0,9335331.0,66094143.480000004
OMCL,Omnicell Inc. Common Stock ($0.001 par value),$41.83,-3.39,-7.497%,1579774,1902382763.00,United States,2001,Computer Manufacturing,Technology,/market-activity/stocks/omcl,41.83,-7.497,1902382763.0,1579774.0,66081946.419999994
CPRI,Capri Holdings Limited Ordinary Shares,$15.93,-0.01,-0.063%,4119026,1834888065.00,Hong Kong,2011,Apparel,Consumer Discretionary,/market-activity/stocks/cpri,15.93,-0.063,1834888065.0,4119026.0,65616084.18
BH,Biglari Holdings Inc. Class B Common Stock,$393.57,11.18,2.924%,165860,902973948.00,United States,2018,Restaurants,Consumer Discretionary,/market-activity/stocks/bh,393.57,2.924,902973948.0,165860.0,65277520.199999996
HIVE,HIVE Digital Technologies Ltd. Common Shares,$3.23,0.145,4.70%,19476229,863801552.00,Canada,,Finance: Consumer Services,Finance,/market-activity/stocks/hive,3.23,4.7,863801552.0,19476229.0,62908219.67
RCAT,Red Cat Holdings Inc. Common Stock,$8.59,0.83,10.696%,7215680,1054356881.00,United States,,Computer Software: Prepackaged Software,Technology,/market-activity/stocks/rcat,8.59,10.696,1054356881.0,7215680.0,61982691.199999996
AMPX,Amprius Technologies Inc. Common Stock,$10.88,0.74,7.298%,5567766,1540903610.00,United States,2022,Industrial Machinery/Components,Miscellaneous,/market-activity/stocks/ampx,10.88,7.298,1540903610.0,5567766.0,60577294.080000006
UMAC,Unusual Machines Inc. Common Stock,$19.53,2.15,12.371%,2950245,933415316.00,United States,2024,Radio And Television Broadcasting And Communications Equipment,Technology,/market-activity/stocks/umac,19.53,12.371,933415316.0,2950245.0,57618284.85
LPTH,LightPath Technologies Inc. Class A Common Stock,$12.66,2.30,22.201%,4527000,794913893.00,United States,1996,Semiconductors,Technology,/market-activity/stocks/lpth,12.66,22.201,794913893.0,4527000.0,57311820.0
HIHO,Highway Holdings Limited Common Stock,$1.07,0.1404,15.103%,52100725,4950543.00,Hong Kong,,Metal Fabrications,Industrials,/market-activity/stocks/hiho,1.07,15.103,4950543.0,52100725.0,55747775.75
SBET,Sharplink Inc. Common Stock,$6.27,0.13,2.117%,8740848,1331718970.00,United States,,Computer Software: Prepackaged Software,Technology,/market-activity/stocks/sbet,6.27,2.117,1331718970.0,8740848.0,54805116.95999999
GRPN,Groupon Inc. Common Stock,$26.05,-1.90,-6.798%,2011209,989482679.00,United States,2011,Advertising,Consumer Discretionary,/market-activity/stocks/grpn,26.05,-6.798,989482679.0,2011209.0,52391994.45
ASAN,Asana Inc. Class A Common Stock,$7.39,-0.21,-2.763%,7064447,1703467622.00,United States,2020,Computer Software: Prepackaged Software,Technology,/market-activity/stocks/asan,7.39,-2.763,1703467622.0,7064447.0,52206263.33
HAWK,HawkEye 360 Inc. Common Stock,$18.40,0.96,5.505%,2829111,1802463430.00,,2026,EDP Services,Technology,/market-activity/stocks/hawk,18.4,5.505,1802463430.0,2829111.0,52055642.4
BBAI,BigBear.ai Inc. Common Stock,$2.94,0.12,4.255%,16809183,1408111383.00,United States,2021,Computer Software: Prepackaged Software,Technology,/market-activity/stocks/bbai,2.94,4.255,1408111383.0,16809183.0,49418998.019999996
IIPR,Innovative Industrial Properties Inc. Common Stock,$63.26,-1.09,-1.694%,776333,1820272972.00,United States,2016,Real Estate,Finance,/market-activity/stocks/iipr,63.26,-1.694,1820272972.0,776333.0,49110825.58
WGS,GeneDx Holdings Corp. Class A Common Stock,$61.65,1.00,1.649%,772714,1830266865.00,United States,2020,Retail: Computer Software & Peripheral Equipment,Technology,/market-activity/stocks/wgs,61.65,1.649,1830266865.0,772714.0,47637818.1
CRML,Critical Metals Corp. Ordinary Shares,$6.35,0.14,2.254%,7474542,932743582.00,British Virgin Islands,,Metal Mining,Basic Materials,/market-activity/stocks/crml,6.35,2.254,932743582.0,7474542.0,47463341.699999996
PUMP,ProPetro Holding Corp. Common Stock,$13.22,0.32,2.481%,3571639,1620996423.00,United States,2017,Oilfield Services/Equipment,Energy,/market-activity/stocks/pump,13.22,2.481,1620996423.0,3571639.0,47217067.580000006
TRIP,TripAdvisor Inc. Common Stock,$13.80,-0.61,-4.233%,3420795,1605784132.00,United States,,Computer Software: Programming Data Processing,Technology,/market-activity/stocks/trip,13.8,-4.233,1605784132.0,3420795.0,47206971.0
FBRX,Forte Biosciences Inc. Common Stock,$50.73,3.24,6.822%,927577,1038890386.00,United States,2017,Biotechnology: Pharmaceutical Preparations,Health Care,/market-activity/stocks/fbrx,50.73,6.822,1038890386.0,927577.0,47055981.20999999
SMA,SmartStop Self Storage REIT Inc. Common Stock,$34.36,0.61,1.807%,1340942,1902351536.00,United States,2025,Real Estate Investment Trusts,Real Estate,/market-activity/stocks/sma,34.36,1.807,1902351536.0,1340942.0,46074767.12
RXRX,Recursion Pharmaceuticals Inc. Class A Common Stock,$3.08,0.19,6.574%,14823978,1632108013.00,United States,2021,Biotechnology: Biological Products (No Diagnostic Substances),Health Care,/market-activity/stocks/rxrx,3.08,6.574,1632108013.0,14823978.0,45657852.24
HELP,Cybin Inc. Common Stock,$8.10,0.99,13.924%,5622537,502071032.00,Canada,,Biotechnology: Pharmaceutical Preparations,Health Care,/market-activity/stocks/help,8.1,13.924,502071032.0,5622537.0,45542549.699999996
STAA,STAAR Surgical Company Common Stock,$24.27,0.30,1.252%,1868594,1208366774.00,United States,,Ophthalmic Goods,Health Care,/market-activity/stocks/staa,24.27,1.252,1208366774.0,1868594.0,45350776.38
REAL,The RealReal Inc. Common Stock,$11.92,0.41,3.562%,3766857,1436213718.00,United States,2019,Other Specialty Stores,Consumer Discretionary,/market-activity/stocks/real,11.92,3.562,1436213718.0,3766857.0,44900935.44
REPL,Replimune Group Inc. Common Stock,$11.00,0.49,4.662%,4069891,923606409.00,United States,2018,Biotechnology: Biological Products (No Diagnostic Substances),Health Care,/market-activity/stocks/repl,11.0,4.662,923606409.0,4069891.0,44768801.0
CAPR,Capricor Therapeutics Inc. Common Stock,$19.79,0.29,1.487%,2254117,1146076362.00,United States,,Biotechnology: Pharmaceutical Preparations,Health Care,/market-activity/stocks/capr,19.79,1.487,1146076362.0,2254117.0,44608975.43
AI,C3.ai Inc. Class A Common Stock,$8.59,-0.02,-0.232%,5153291,1335309289.00,United States,2020,Computer Software: Prepackaged Software,Technology,/market-activity/stocks/ai,8.59,-0.232,1335309289.0,5153291.0,44266769.69
CDNA,CareDx Inc. Common Stock,$38.54,0.17,0.443%,1135512,1990956398.00,United States,2014,Medical Specialities,Health Care,/market-activity/stocks/cdna,38.54,0.443,1990956398.0,1135512.0,43762632.48
FWRD,Forward Air Corporation Common Stock,$16.21,3.01,22.803%,2639825,512641996.00,United States,,Integrated Freight & Logistics,Industrials,/market-activity/stocks/fwrd,16.21,22.803,512641996.0,2639825.0,42791563.25
SAM,Boston Beer Company Inc. (The) Common Stock,$170.98,-9.61,-5.321%,247270,1780490313.00,United States,,Beverages (Production/Distribution),Consumer Staples,/market-activity/stocks/sam,170.98,-5.321,1780490313.0,247270.0,42278224.599999994
SG,Sweetgreen Inc. Class A Common Stock,$6.79,0.14,2.105%,6157275,806839791.00,United States,2021,Restaurants,Consumer Discretionary,/market-activity/stocks/sg,6.79,2.105,806839791.0,6157275.0,41807897.25
ASST,Strive Inc. Class A Common Stock,$13.00,0.66,5.348%,3203340,1081983643.00,United States,2023,Computer Software: Prepackaged Software,Technology,/market-activity/stocks/asst,13.0,5.348,1081983643.0,3203340.0,41643420.0
CSIQ,Canadian Solar Inc. Common Shares (ON),$15.37,0.17,1.118%,2709316,1042343048.00,Canada,2006,Semiconductors,Technology,/market-activity/stocks/csiq,15.37,1.118,1042343048.0,2709316.0,41642186.919999994
MPTI,M-tron Industries Inc. Common Stock,$79.33,2.70,3.523%,518937,342820073.00,United States,2022,Industrial Machinery/Components,Technology,/market-activity/stocks/mpti,79.33,3.523,342820073.0,518937.0,41167272.21
GREE,Greenidge Generation Holdings Inc. Class A Common Stock,$2.91,0.78,36.62%,13949827,46629962.00,United States,,Finance: Consumer Services,Finance,/market-activity/stocks/gree,2.91,36.62,46629962.0,13949827.0,40593996.57
GENI,Genius Sports Limited Ordinary Shares,$6.65,-0.10,-1.481%,6087735,1710713670.00,Guernsey,2021,Services-Misc. Amusement & Recreation,Consumer Discretionary,/market-activity/stocks/geni,6.65,-1.481,1710713670.0,6087735.0,40483437.75
WEN,Wendy's Company (The) Common Stock,$7.63,-0.22,-2.803%,5304195,1453367283.00,United States,,Restaurants,Consumer Discretionary,/market-activity/stocks/wen,7.63,-2.803,1453367283.0,5304195.0,40471007.85
RXT,Rackspace Technology Inc. Common Stock,$4.39,0.09,2.093%,9198116,1114658754.00,United States,2020,Computer Software: Programming Data Processing,Technology,/market-activity/stocks/rxt,4.39,2.093,1114658754.0,9198116.0,40379729.239999995
WRLD,World Acceptance Corporation Common Stock,$188.82,0.93,0.495%,213367,876185789.00,United States,1991,Finance: Consumer Services,Finance,/market-activity/stocks/wrld,188.82,0.495,876185789.0,213367.0,40287956.94
NTLA,Intellia Therapeutics Inc. Common Stock,$11.47,0.55,5.037%,3511626,1602614517.00,United States,2016,Biotechnology: In Vitro & In Vivo Diagnostic Substances,Health Care,/market-activity/stocks/ntla,11.47,5.037,1602614517.0,3511626.0,40278350.22
TRAX,First Tracks Biotherapeutics Inc. Ordinary Shares ,$37.37,0.50,1.356%,1070229,1303928278.00,United States,,Biotechnology: Pharmaceutical Preparations,Health Care,/market-activity/stocks/trax,37.37,1.356,1303928278.0,1070229.0,39994457.73
BFLY,Butterfly Network Inc. Class A Common Stock,$6.82,0.13,1.943%,5834824,1781859388.00,United States,2020,Medical Electronics,Health Care,/market-activity/stocks/bfly,6.82,1.943,1781859388.0,5834824.0,39793499.68
ARRY,Array Technologies Inc. Common Stock,$6.045,0.095,1.597%,6581166,929880455.00,United States,2020,Miscellaneous manufacturing industries,Consumer Discretionary,/market-activity/stocks/arry,6.045,1.597,929880455.0,6581166.0,39783148.47
VERX,Vertex Inc. Class A Common Stock,$12.28,-0.61,-4.732%,3207408,1987111913.00,United States,2020,Computer Software: Prepackaged Software,Technology,/market-activity/stocks/verx,12.28,-4.732,1987111913.0,3207408.0,39386970.239999995
PKE,Park Aerospace Corp. Common Stock,$35.06,2.40,7.348%,1119144,731977737.00,United States,,Military/Government/Technical,Industrials,/market-activity/stocks/pke,35.06,7.348,731977737.0,1119144.0,39237188.64
FIVN,Five9 Inc. Common Stock,$25.23,-0.47,-1.829%,1542895,1931709417.00,United States,2014,EDP Services,Technology,/market-activity/stocks/fivn,25.23,-1.829,1931709417.0,1542895.0,38927240.85
IE,Ivanhoe Electric Inc. Common Stock,$9.39,1.31,16.213%,4141689,1498552532.00,Canada,2022,Metal Mining,Basic Materials,/market-activity/stocks/ie,9.39,16.213,1498552532.0,4141689.0,38890459.71
SHLS,Shoals Technologies Group Inc. Class A Common Stock,$10.38,0.76,7.90%,3697816,1741471460.00,United States,2021,Semiconductors,Technology,/market-activity/stocks/shls,10.38,7.9,1741471460.0,3697816.0,38383330.080000006
HURN,Huron Consulting Group Inc. Common Stock,$110.85,-1.78,-1.58%,343156,1797081245.00,United States,2004,Professional Services,Consumer Discretionary,/market-activity/stocks/hurn,110.85,-1.58,1797081245.0,343156.0,38038842.6
BRBR,BellRing Brands Inc. Common Stock ,$12.66,0.51,4.198%,2997528,1472077581.00,United States,2022,Packaged Foods,Consumer Staples,/market-activity/stocks/brbr,12.66,4.198,1472077581.0,2997528.0,37948704.48
ALGT,Allegiant Travel Company Common Stock,$101.35,-0.82,-0.803%,373157,1868619342.00,United States,2006,Air Freight/Delivery Services,Consumer Discretionary,/market-activity/stocks/algt,101.35,-0.803,1868619342.0,373157.0,37819461.949999996
SLP,Simulations Plus Inc. Common Stock,$18.23,0.02,0.11%,2071320,368698797.00,United States,,EDP Services,Technology,/market-activity/stocks/slp,18.23,0.11,368698797.0,2071320.0,37760163.6
XNCR,Xencor Inc. Common Stock,$20.45,1.64,8.719%,1825929,1516195638.00,United States,2013,Biotechnology: Pharmaceutical Preparations,Health Care,/market-activity/stocks/xncr,20.45,8.719,1516195638.0,1825929.0,37340248.05
NSP,Insperity Inc. Common Stock,$51.11,-0.59,-1.141%,730325,1950826892.00,United States,,Professional Services,Consumer Discretionary,/market-activity/stocks/nsp,51.11,-1.141,1950826892.0,730325.0,37326910.75
NN,NextNav Inc. Common Stock,$13.34,0.50,3.894%,2794185,1820068766.00,United States,,Industrial Machinery/Components,Industrials,/market-activity/stocks/nn,13.34,3.894,1820068766.0,2794185.0,37274427.9
RPD,Rapid7 Inc. Common Stock,$10.61,-1.34,-11.213%,3497580,709072857.00,United States,2015,Computer Software: Prepackaged Software,Technology,/market-activity/stocks/rpd,10.61,-11.213,709072857.0,3497580.0,37109323.8
BRUN,Boost Run Inc. Class A Common Stock,$25.53,2.05,8.731%,1452311,1568274047.00,United States,,EDP Services,Technology,/market-activity/stocks/brun,25.53,8.731,1568274047.0,1452311.0,37077499.83
EYE,National Vision Holdings Inc. Common Stock,$19.82,-0.22,-1.098%,1815343,1587912300.00,United States,2017,Ophthalmic Goods,Health Care,/market-activity/stocks/eye,19.82,-1.098,1587912300.0,1815343.0,35980098.26
PRDO,Perdoceo Education Corporation Common Stock,$30.51,0.13,0.428%,1175860,1913072588.00,United States,,Other Consumer Services,Real Estate,/market-activity/stocks/prdo,30.51,0.428,1913072588.0,1175860.0,35875488.6
NWPX,NWPX Infrastructure Inc. Common Stock,$135.41,-0.77,-0.565%,262846,1304947253.00,United States,1995,Steel/Iron Ore,Industrials,/market-activity/stocks/nwpx,135.41,-0.565,1304947253.0,262846.0,35591976.86
VOYG,Voyager Technologies Inc. Class A Common Stock,$26.94,1.98,7.933%,1313061,1596522240.00,United States,2025,Military/Government/Technical,Industrials,/market-activity/stocks/voyg,26.94,7.933,1596522240.0,1313061.0,35373863.34
CMPS,COMPASS Pathways Plc American Depository Shares,$12.18,0.51,4.37%,2872540,1643682718.00,United Kingdom,2020,Biotechnology: Pharmaceutical Preparations,Health Care,/market-activity/stocks/cmps,12.18,4.37,1643682718.0,2872540.0,34987537.199999996
GLOB,Globant S.A. Common Shares,$32.10,-0.19,-0.588%,1073554,1386063748.00,United States,2014,EDP Services,Technology,/market-activity/stocks/glob,32.1,-0.588,1386063748.0,1073554.0,34461083.4
VPG,Vishay Precision Group Inc. Common Stock,$112.42,9.88,9.635%,305253,1495298420.00,United States,,Electrical Products,Technology,/market-activity/stocks/vpg,112.42,9.635,1495298420.0,305253.0,34316542.26
PLAB,Photronics Inc. Common Stock,$31.34,2.40,8.293%,1078066,1847922295.00,United States,1987,Semiconductors,Technology,/market-activity/stocks/plab,31.34,8.293,1847922295.0,1078066.0,33786588.44
FMC,FMC Corporation Common Stock,$11.37,0.18,1.609%,2963672,1421765072.00,United States,,Major Chemicals,Industrials,/market-activity/stocks/fmc,11.37,1.609,1421765072.0,2963672.0,33696950.64
INSP,Inspire Medical Systems Inc. Common Stock,$52.49,-0.78,-1.464%,638779,1512402401.00,United States,2018,Medical/Dental Instruments,Health Care,/market-activity/stocks/insp,52.49,-1.464,1512402401.0,638779.0,33529509.71
HROW,Harrow Inc. Common Stock,$43.71,-0.74,-1.665%,759801,1629294927.00,United States,,Biotechnology: Pharmaceutical Preparations,Health Care,/market-activity/stocks/hrow,43.71,-1.665,1629294927.0,759801.0,33210901.71
PGY,Pagaya Technologies Ltd. Class A Ordinary Shares,$17.48,0.39,2.282%,1852923,1449519089.00,United States,,Finance: Consumer Services,Finance,/market-activity/stocks/pgy,17.48,2.282,1449519089.0,1852923.0,32389094.04
HYMC,Hycroft Mining Holding Corporation Class A Common Stock,$20.72,1.96,10.448%,1560974,1892991653.00,United States,2018,Precious Metals,Basic Materials,/market-activity/stocks/hymc,20.72,10.448,1892991653.0,1560974.0,32343381.279999997
BTBT,Bit Digital Inc. Ordinary Shares,$1.58,0.04,2.597%,20420136,551720864.00,United States,2018,Finance: Consumer Services,Finance,/market-activity/stocks/btbt,1.58,2.597,551720864.0,20420136.0,32263814.880000003
LPG,Dorian LPG Ltd. Common Stock,$44.43,1.34,3.11%,723374,1900834517.00,United States,2014,Marine Transportation,Consumer Discretionary,/market-activity/stocks/lpg,44.43,3.11,1900834517.0,723374.0,32139506.82
LAES,SEALSQ Corp Ordinary Shares,$2.59,0.02,0.778%,12390706,576984657.00,Switzerland,,Semiconductors,Technology,/market-activity/stocks/laes,2.59,0.778,576984657.0,12390706.0,32091928.54
GPRE,Green Plains Inc. Common Stock,$17.67,0.84,4.991%,1803486,1238687497.00,United States,,Major Chemicals,Industrials,/market-activity/stocks/gpre,17.67,4.991,1238687497.0,1803486.0,31867597.620000005
FEIM,Frequency Electronics Inc. Common Stock,$79.845,13.125,19.672%,398817,788076298.00,United States,,Electrical Products,Industrials,/market-activity/stocks/feim,79.845,19.672,788076298.0,398817.0,31843543.365
KOS,Kosmos Energy Ltd. Common Shares (DE),$2.42,0.12,5.217%,13034281,1435518043.00,Bermuda,2011,Oil & Gas Production,Energy,/market-activity/stocks/kos,2.42,5.217,1435518043.0,13034281.0,31542960.02
SKYQ,Sky Quarry Inc. Common Stock,$4.08,-0.66,-13.924%,7678486,19562156.00,United States,2024,Environmental Services,Industrials,/market-activity/stocks/skyq,4.08,-13.924,19562156.0,7678486.0,31328222.88
CRI,Carter's Inc. Common Stock,$38.73,1.05,2.787%,808610,1427205031.00,United States,2003,Apparel,Consumer Discretionary,/market-activity/stocks/cri,38.73,2.787,1427205031.0,808610.0,31317465.299999997
TDOC,Teladoc Health Inc. Common Stock,$9.71,0.06,0.622%,3208870,1752782075.00,United States,2015,Medical/Nursing Services,Health Care,/market-activity/stocks/tdoc,9.71,0.622,1752782075.0,3208870.0,31158127.700000003
SPRY,ARS Pharmaceuticals Inc. Common Stock,$6.36,-0.08,-1.242%,4880396,631568746.00,United States,2020,Biotechnology: Pharmaceutical Preparations,Health Care,/market-activity/stocks/spry,6.36,-1.242,631568746.0,4880396.0,31039318.560000002
NNE,Nano Nuclear Energy Inc. Common Stock,$17.30,0.89,5.424%,1789620,901040986.00,United States,2024,Electric Utilities: Central,Utilities,/market-activity/stocks/nne,17.3,5.424,901040986.0,1789620.0,30960426.0
COUR,Coursera Inc. Common Stock,$5.36,-0.10,-1.832%,5770028,907627217.00,United States,2021,Computer Software: Prepackaged Software,Technology,/market-activity/stocks/cour,5.36,-1.832,907627217.0,5770028.0,30927350.080000002
CCRN,Cross Country Healthcare Inc. Common Stock $0.0001 Par Value,$13.25,0.01,0.076%,2328586,428407758.00,United States,2001,Professional Services,Consumer Discretionary,/market-activity/stocks/ccrn,13.25,0.076,428407758.0,2328586.0,30853764.5
ABCL,AbCellera Biologics Inc. Common Shares,$5.97,0.17,2.931%,5124341,1759153226.00,Canada,2020,Biotechnology: Pharmaceutical Preparations,Health Care,/market-activity/stocks/abcl,5.97,2.931,1759153226.0,5124341.0,30592315.77
BJRI,BJ's Restaurants Inc. Common Stock,$67.90,-0.94,-1.365%,449986,1427049140.00,United States,,Restaurants,Consumer Discretionary,/market-activity/stocks/bjri,67.9,-1.365,1427049140.0,449986.0,30554049.400000002
TNDM,Tandem Diabetes Care Inc. Common Stock,$17.60,-0.50,-2.762%,1734035,1206111966.00,United States,2013,Medical/Dental Instruments,Health Care,/market-activity/stocks/tndm,17.6,-2.762,1206111966.0,1734035.0,30519016.000000004
TCBK,TriCo Bancshares Common Stock,$60.04,0.24,0.401%,507642,1915911824.00,United States,,Major Banks,Finance,/market-activity/stocks/tcbk,60.04,0.401,1915911824.0,507642.0,30478825.68
LASE,Laser Photonics Corporation Common Stock,$1.15,0.06,5.505%,26354665,54794765.00,United States,2022,Industrial Machinery/Components,Miscellaneous,/market-activity/stocks/lase,1.15,5.505,54794765.0,26354665.0,30307864.749999996
APPS,Digital Turbine Inc. Common Stock,$9.18,0.84,10.072%,3255066,1110192829.00,United States,,Multi-Sector Companies,Miscellaneous,/market-activity/stocks/apps,9.18,10.072,1110192829.0,3255066.0,29881505.88
BL,BlackLine Inc. Common Stock,$29.36,-0.84,-2.781%,1013718,1722284523.00,United States,2016,Computer Software: Prepackaged Software,Technology,/market-activity/stocks/bl,29.36,-2.781,1722284523.0,1013718.0,29762760.48
NOMD,Nomad Foods Limited Ordinary Shares,$11.82,-0.03,-0.253%,2514310,1679457607.00,United Kingdom,2016,Packaged Foods,Consumer Staples,/market-activity/stocks/nomd,11.82,-0.253,1679457607.0,2514310.0,29719144.2
FLO,Flowers Foods Inc. Common Stock,$8.50,0.01,0.118%,3447213,1801942455.00,United States,,Packaged Foods,Consumer Staples,/market-activity/stocks/flo,8.5,0.118,1801942455.0,3447213.0,29301310.5
KMPR,Kemper Corporation,$28.12,-0.25,-0.881%,1038658,1655543404.00,United States,,Property-Casualty Insurers,Finance,/market-activity/stocks/kmpr,28.12,-0.881,1655543404.0,1038658.0,29207062.96
RDGT,Ridgetech Inc. Ordinary Shares,$1.47,-0.11,-6.962%,19739951,1321392.00,China,,Retail-Drug Stores and Proprietary Stores,Consumer Staples,/market-activity/stocks/rdgt,1.47,-6.962,1321392.0,19739951.0,29017727.97
EVER,EverQuote Inc. Class A Common Stock,$26.92,-0.62,-2.251%,1075192,952248644.00,United States,2018,Computer Software: Programming Data Processing,Technology,/market-activity/stocks/ever,26.92,-2.251,952248644.0,1075192.0,28944168.64
SWMR,Swarmer Inc Common Stock,$46.18,7.10,18.168%,624542,517689622.00,United States,2026,Computer Software: Prepackaged Software,Technology,/market-activity/stocks/swmr,46.18,18.168,517689622.0,624542.0,28841349.56
AMR,Alpha Metallurgical Resources Inc. Common Stock,$142.04,-1.72,-1.196%,202258,1805985193.00,United States,2018,Coal Mining,Energy,/market-activity/stocks/amr,142.04,-1.196,1805985193.0,202258.0,28728726.319999997
GSHD,Goosehead Insurance Inc. Class A Common Stock,$53.75,-3.48,-6.081%,531377,1913825403.00,United States,2018,Specialty Insurers,Finance,/market-activity/stocks/gshd,53.75,-6.081,1913825403.0,531377.0,28561513.75
UFPT,UFP Technologies Inc. Common Stock,$243.94,-1.67,-0.68%,116833,1887348900.00,United States,1993,Medical/Dental Instruments,Health Care,/market-activity/stocks/ufpt,243.94,-0.68,1887348900.0,116833.0,28500242.02
SOC,Sable Offshore Corp. Common Stock,$4.19,0.00,0.00%,6792383,765886409.00,United States,2021,Oil & Gas Production,Energy,/market-activity/stocks/soc,4.19,0.0,765886409.0,6792383.0,28460084.770000003
PLPC,Preformed Line Products Company Common Stock,$333.51,11.58,3.597%,84944,1630200882.00,United States,,Water Sewer Pipeline Comm & Power Line Construction,Industrials,/market-activity/stocks/plpc,333.51,3.597,1630200882.0,84944.0,28329673.439999998
ABSI,Absci Corporation Common Stock,$8.32,0.16,1.961%,3389970,1297130066.00,United States,2021,Biotechnology: Commercial Physical & Biological Resarch,Health Care,/market-activity/stocks/absi,8.32,1.961,1297130066.0,3389970.0,28204550.400000002
ETON,Eton Pharmaceuticals Inc. Common Stock,$43.20,2.13,5.186%,652464,1183349866.00,United States,2018,Biotechnology: Pharmaceutical Preparations,Health Care,/market-activity/stocks/eton,43.2,5.186,1183349866.0,652464.0,28186444.8
MNPR,Monopar Therapeutics Inc. Common Stock,$113.57,7.67,7.243%,247658,760812471.00,United States,2019,Biotechnology: Pharmaceutical Preparations,Health Care,/market-activity/stocks/mnpr,113.57,7.243,760812471.0,247658.0,28126519.06
UPWK,Upwork Inc. Common Stock,$9.19,-0.14,-1.501%,3017180,1135131679.00,United States,2018,EDP Services,Technology,/market-activity/stocks/upwk,9.19,-1.501,1135131679.0,3017180.0,27727884.2
RLJ,RLJ Lodging Trust Common Shares of Beneficial Interest $0.01 par value,$12.24,0.24,2.00%,2265158,1859619846.00,United States,2011,Real Estate Investment Trusts,Real Estate,/market-activity/stocks/rlj,12.24,2.0,1859619846.0,2265158.0,27725533.92
DJCO,Daily Journal Corp. (S.C.) Common Stock,$595.43,-0.97,-0.163%,46323,820337010.00,United States,,Newspapers/Magazines,Consumer Discretionary,/market-activity/stocks/djco,595.43,-0.163,820337010.0,46323.0,27582103.889999997
FTRE,Fortrea Holdings Inc. Common Stock,$17.91,0.18,1.015%,1533355,1694286000.00,United States,,Medical Specialities,Health Care,/market-activity/stocks/ftre,17.91,1.015,1694286000.0,1533355.0,27462388.05
LAC,Lithium Americas Corp. Common Shares,$3.06,0.16,5.517%,8910357,1107229868.00,Canada,2023,Metal Mining,Basic Materials,/market-activity/stocks/lac,3.06,5.517,1107229868.0,8910357.0,27265692.42
NAT,Nordic American Tankers Limited Common Stock,$6.47,0.31,5.032%,4177619,1370026790.00,Bermuda,1995,Marine Transportation,Consumer Discretionary,/market-activity/stocks/nat,6.47,5.032,1370026790.0,4177619.0,27029194.93
VOR,Vor Biopharma Inc. Common Stock,$20.05,2.60,14.90%,1338578,1086426834.00,United States,2021,Biotechnology: Biological Products (No Diagnostic Substances),Health Care,/market-activity/stocks/vor,20.05,14.9,1086426834.0,1338578.0,26838488.900000002
ORC,Orchid Island Capital Inc. Common Stock,$6.77,0.06,0.894%,3952801,1351970530.00,United States,2013,Real Estate Investment Trusts,Real Estate,/market-activity/stocks/orc,6.77,0.894,1351970530.0,3952801.0,26760462.77
DXC,DXC Technology Company Common Stock ,$9.31,-0.02,-0.214%,2866708,1540671969.00,United States,,EDP Services,Technology,/market-activity/stocks/dxc,9.31,-0.214,1540671969.0,2866708.0,26689051.48
SPCE,Virgin Galactic Holdings Inc. Common Stock,$2.78,0.22,8.594%,9575758,372589133.00,United States,2017,Transportation Services,Consumer Discretionary,/market-activity/stocks/spce,2.78,8.594,372589133.0,9575758.0,26620607.24
CRAI,CRA International Inc. Common Stock,$167.50,-3.98,-2.321%,157502,1082558865.00,United States,1998,Other Consumer Services,Consumer Discretionary,/market-activity/stocks/crai,167.5,-2.321,1082558865.0,157502.0,26381585.0
NCNO,nCino Inc. Common Stock,$17.28,-0.65,-3.625%,1521833,1893074976.00,United States,2020,Computer Software: Prepackaged Software,Technology,/market-activity/stocks/ncno,17.28,-3.625,1893074976.0,1521833.0,26297274.240000002
WINA,Winmark Corporation Common Stock,$358.38,-21.97,-5.776%,73024,1287361526.00,United States,,Other Specialty Stores,Consumer Discretionary,/market-activity/stocks/wina,358.38,-5.776,1287361526.0,73024.0,26170341.12
SMPL,The Simply Good Foods Company Common Stock,$11.04,0.12,1.099%,2345613,976604417.00,United States,,Packaged Foods,Consumer Staples,/market-activity/stocks/smpl,11.04,1.099,976604417.0,2345613.0,25895567.52
FUN,Six Flags Entertainment Corporation Common Stock New,$17.59,0.20,1.15%,1463744,1797767340.00,United States,,Services-Misc. Amusement & Recreation,Consumer Discretionary,/market-activity/stocks/fun,17.59,1.15,1797767340.0,1463744.0,25747256.96
ALTO,Alto Ingredients Inc. Common Stock,$4.98,-0.53,-9.619%,5166409,385876062.00,United States,,Major Chemicals,Industrials,/market-activity/stocks/alto,4.98,-9.619,385876062.0,5166409.0,25728716.820000004
WKC,World Kinect Corporation Common Stock,$36.47,0.77,2.157%,702237,1872933298.00,United States,,Oil Refining/Marketing,Energy,/market-activity/stocks/wkc,36.47,2.157,1872933298.0,702237.0,25610583.39
CNMD,CONMED Corporation Common Stock,$41.88,-1.57,-3.613%,611485,1260973045.00,United States,1987,Biotechnology: Electromedical & Electrotherapeutic Apparatus,Health Care,/market-activity/stocks/cnmd,41.88,-3.613,1260973045.0,611485.0,25608991.8
ASM,Avino Silver & Gold Mines Ltd. Common Shares (Canada),$6.05,0.48,8.618%,4225019,1029714901.00,Canada,,Metal Mining,Basic Materials,/market-activity/stocks/asm,6.05,8.618,1029714901.0,4225019.0,25561364.95
LINC,Lincoln Educational Services Corporation Common Stock,$40.95,-0.13,-0.316%,621083,1298963812.00,United States,2005,Other Consumer Services,Real Estate,/market-activity/stocks/linc,40.95,-0.316,1298963812.0,621083.0,25433348.85
ZD,Ziff Davis Inc. Common Stock,$52.39,-1.99,-3.659%,485022,1929806606.00,United States,,Telecommunications Equipment,Telecommunications,/market-activity/stocks/zd,52.39,-3.659,1929806606.0,485022.0,25410302.580000002
AVEX,AEVEX Corp. Class A Common Stock,$14.75,1.43,10.736%,1720368,1682115075.00,,2026,Aerospace,Industrials,/market-activity/stocks/avex,14.75,10.736,1682115075.0,1720368.0,25375428.0
YELP,Yelp Inc. Common Stock,$25.79,-0.54,-2.051%,980149,1418210256.00,United States,2012,Other Consumer Services,Consumer Discretionary,/market-activity/stocks/yelp,25.79,-2.051,1418210256.0,980149.0,25278042.71
MAX,MediaAlpha Inc. Class A Common Stock,$14.19,-0.08,-0.561%,1777914,884752488.00,United States,2020,Business Services,Consumer Discretionary,/market-activity/stocks/max,14.19,-0.561,884752488.0,1777914.0,25228599.66
SONO,Sonos Inc. Common Stock,$14.79,-0.41,-2.697%,1694502,1761913044.00,United States,2018,Consumer Electronics/Appliances,Consumer Staples,/market-activity/stocks/sono,14.79,-2.697,1761913044.0,1694502.0,25061684.58
CNXC,Concentrix Corporation Common Stock,$23.79,-0.45,-1.856%,1042687,1451626547.00,United States,,Computer Software: Prepackaged Software,Technology,/market-activity/stocks/cnxc,23.79,-1.856,1451626547.0,1042687.0,24805523.73
LWLG,Lightwave Logic Inc. Common Stock,$6.88,0.93,15.63%,3605281,1060378913.00,United States,,Containers/Packaging,Industrials,/market-activity/stocks/lwlg,6.88,15.63,1060378913.0,3605281.0,24804333.28
VITL,Vital Farms Inc. Common Stock,$13.11,-0.65,-4.724%,1868215,561743232.00,United States,2020,Packaged Foods,Consumer Staples,/market-activity/stocks/vitl,13.11,-4.724,561743232.0,1868215.0,24492298.65
ITRN,Ituran Location and Control Ltd. Ordinary Shares,$57.43,1.72,3.087%,426340,1142488299.00,Israel,2005,Electronic Components,Technology,/market-activity/stocks/itrn,57.43,3.087,1142488299.0,426340.0,24484706.2
SLNH,Soluna Holdings Inc. Common Stock,$1.37,0.01,0.735%,17820775,193645465.00,United States,,EDP Services,Technology,/market-activity/stocks/slnh,1.37,0.735,193645465.0,17820775.0,24414461.750000004
AMSC,American Superconductor Corporation Common Stock,$34.545,2.035,6.26%,703062,1647604603.00,United States,1991,Metal Fabrications,Consumer Discretionary,/market-activity/stocks/amsc,34.545,6.26,1647604603.0,703062.0,24287276.790000003
TPB,Turning Point Brands Inc. Common Stock,$79.56,-1.06,-1.315%,305169,1540881005.00,United States,2016,Tobacco,Consumer Discretionary,/market-activity/stocks/tpb,79.56,-1.315,1540881005.0,305169.0,24279245.64
HTZ,Hertz Global Holdings Inc Common Stock,$1.85,0.09,5.114%,13098500,584164368.00,United States,,Rental/Leasing Companies,Consumer Discretionary,/market-activity/stocks/htz,1.85,5.114,584164368.0,13098500.0,24232225.0
PGEN,Precigen Inc. Common Stock,$5.49,0.42,8.284%,4383896,1957245280.00,United States,,Biotechnology: Pharmaceutical Preparations,Health Care,/market-activity/stocks/pgen,5.49,8.284,1957245280.0,4383896.0,24067589.04
SDOT,Sadot Group Inc. Common Stock,$21.86,-4.28,-16.373%,1096972,16176400.00,United States,2020,Restaurants,Consumer Discretionary,/market-activity/stocks/sdot,21.86,-16.373,16176400.0,1096972.0,23979807.919999998
IMMX,Immix Biopharma Inc. Common Stock,$9.57,0.77,8.75%,2480249,667896195.00,United States,2021,Biotechnology: Pharmaceutical Preparations,Health Care,/market-activity/stocks/immx,9.57,8.75,667896195.0,2480249.0,23735982.93
ACVA,ACV Auctions Inc. Class A Common Stock,$7.93,0.52,7.018%,2986703,1384458209.00,United States,2025,Business Services,Consumer Discretionary,/market-activity/stocks/acva,7.93,7.018,1384458209.0,2986703.0,23684554.79
SIDU,Sidus Space Inc. Class A Common Stock,$2.05,0.30,17.143%,11458172,165772951.00,United States,2021,Telecommunications Equipment,Telecommunications,/market-activity/stocks/sidu,2.05,17.143,165772951.0,11458172.0,23489252.599999998
PEBO,Peoples Bancorp Inc. Common Stock,$39.50,0.11,0.279%,594565,1419187363.00,United States,,Major Banks,Finance,/market-activity/stocks/pebo,39.5,0.279,1419187363.0,594565.0,23485317.5
ARI,Apollo Commercial Real Estate Finance Inc,$6.88,0.05,0.732%,3398812,914005950.00,United States,2009,Real Estate Investment Trusts,Real Estate,/market-activity/stocks/ari,6.88,0.732,914005950.0,3398812.0,23383826.56
ATRC,AtriCure Inc. Common Stock,$34.505,-0.265,-0.762%,671846,1747366670.00,United States,2005,Medical/Dental Instruments,Health Care,/market-activity/stocks/atrc,34.505,-0.762,1747366670.0,671846.0,23182046.23
MLTX,MoonLake Immunotherapeutics Class A Ordinary Shares,$20.06,1.01,5.302%,1154679,1476724844.00,United States,2020,Biotechnology: Pharmaceutical Preparations,Health Care,/market-activity/stocks/mltx,20.06,5.302,1476724844.0,1154679.0,23162860.74
BKSY,BlackSky Technology Inc. Class A Common Stock,$23.61,1.75,8.005%,979766,876144104.00,United States,2019,Radio And Television Broadcasting And Communications Equipment,Technology,/market-activity/stocks/bksy,23.61,8.005,876144104.0,979766.0,23132275.259999998
PZZA,Papa John's International Inc. Common Stock,$32.24,-1.14,-3.415%,716591,1060760931.00,United States,1993,Restaurants,Consumer Discretionary,/market-activity/stocks/pzza,32.24,-3.415,1060760931.0,716591.0,23102893.84
AEVA,Aeva Technologies Inc. Common Stock,$17.69,1.79,11.258%,1302982,1115192123.00,United States,,Auto Parts:O.E.M.,Consumer Discretionary,/market-activity/stocks/aeva,17.69,11.258,1115192123.0,1302982.0,23049751.580000002
VRTS,Virtus Investment Partners Inc. Common Stock,$163.34,1.18,0.728%,140906,1091457807.00,United States,,Investment Managers,Finance,/market-activity/stocks/vrts,163.34,0.728,1091457807.0,140906.0,23015586.04
LIND,Lindblad Expeditions Holdings Inc. Common Stock,$28.45,0.85,3.08%,804279,1865503997.00,United States,2013,Transportation Services,Consumer Discretionary,/market-activity/stocks/lind,28.45,3.08,1865503997.0,804279.0,22881737.55
ENOV,Enovis Corporation Common Stock,$27.10,0.26,0.969%,844159,1559946541.00,United States,,Industrial Specialties,Health Care,/market-activity/stocks/enov,27.1,0.969,1559946541.0,844159.0,22876708.900000002
SHOE,Shoe Station Group Inc. Common Stock,$14.59,-0.27,-1.817%,1563730,396137584.00,United States,,Clothing/Shoe/Accessory Stores,Consumer Discretionary,/market-activity/stocks/shoe,14.59,-1.817,396137584.0,1563730.0,22814820.7
NEO,NeoGenomics Inc. Common Stock,$14.45,0.21,1.475%,1577894,1881560221.00,United States,,Precision Instruments,Health Care,/market-activity/stocks/neo,14.45,1.475,1881560221.0,1577894.0,22800568.299999997
PLAY,Dave & Buster's Entertainment Inc. Common Stock,$10.66,0.55,5.44%,2132076,370847478.00,United States,2014,Restaurants,Consumer Discretionary,/market-activity/stocks/play,10.66,5.44,370847478.0,2132076.0,22727930.16
GHM,Graham Corporation Common Stock,$108.22,3.10,2.949%,208391,1269157517.00,United States,1978,Industrial Machinery/Components,Industrials,/market-activity/stocks/ghm,108.22,2.949,1269157517.0,208391.0,22552074.02
JJSF,J & J Snack Foods Corp. Common Stock,$76.59,-1.17,-1.505%,289844,1436324131.00,United States,1986,Specialty Foods,Consumer Staples,/market-activity/stocks/jjsf,76.59,-1.505,1436324131.0,289844.0,22199151.96
BLZE,Backblaze Inc. Class A Common Stock,$13.48,0.32,2.432%,1645314,808800000.00,United States,2021,Computer Software: Prepackaged Software,Technology,/market-activity/stocks/blze,13.48,2.432,808800000.0,1645314.0,22178832.720000003
GNL,Global Net Lease Inc. Common Stock,$9.19,0.03,0.328%,2412721,1947650035.00,United States,2015,Real Estate Investment Trusts,Real Estate,/market-activity/stocks/gnl,9.19,0.328,1947650035.0,2412721.0,22172905.99
ADMA,ADMA Biologics Inc Common Stock,$8.59,-0.16,-1.829%,2579110,1995665591.00,United States,,Biotechnology: Biological Products (No Diagnostic Substances),Health Care,/market-activity/stocks/adma,8.59,-1.829,1995665591.0,2579110.0,22154554.9
STRA,Strategic Education Inc. Common Stock,$75.54,-0.21,-0.277%,290916,1708179146.00,United States,1996,Other Consumer Services,Real Estate,/market-activity/stocks/stra,75.54,-0.277,1708179146.0,290916.0,21975794.64
ULCC,Frontier Group Holdings Inc. Common Stock,$6.16,-0.05,-0.805%,3499965,1415502304.00,United States,2021,Air Freight/Delivery Services,Consumer Discretionary,/market-activity/stocks/ulcc,6.16,-0.805,1415502304.0,3499965.0,21559784.400000002
ASPI,ASP Isotopes Inc. Common Stock,$4.26,0.37,9.512%,5041243,653097959.00,United States,2022,Major Chemicals,Industrials,/market-activity/stocks/aspi,4.26,9.512,653097959.0,5041243.0,21475695.18
VRDN,Viridian Therapeutics Inc. Common Stock,$19.18,0.62,3.341%,1116852,1976973513.00,United States,2014,Medical Specialities,Health Care,/market-activity/stocks/vrdn,19.18,3.341,1976973513.0,1116852.0,21421221.36
AMBQ,Ambiq Micro Inc. Common Stock,$78.14,4.77,6.501%,274116,1670301418.00,United States,2025,Semiconductors,Technology,/market-activity/stocks/ambq,78.14,6.501,1670301418.0,274116.0,21419424.24
AESI,Atlas Energy Solutions Inc. Common Stock,$14.24,0.48,3.488%,1493572,1778655516.00,United States,2023,Mining & Quarrying of Nonmetallic Minerals (No Fuels),Industrials,/market-activity/stocks/aesi,14.24,3.488,1778655516.0,1493572.0,21268465.28
ADNT,Adient plc Ordinary Shares ,$19.92,0.27,1.374%,1064961,1561994669.00,United States,2016,Auto Parts:O.E.M.,Consumer Discretionary,/market-activity/stocks/adnt,19.92,1.374,1561994669.0,1064961.0,21214023.12
PRCT,PROCEPT BioRobotics Corporation Common Stock,$18.52,-0.70,-3.642%,1129655,1054136991.00,United States,2021,Medical/Dental Instruments,Health Care,/market-activity/stocks/prct,18.52,-3.642,1054136991.0,1129655.0,20921210.599999998
AVTX,Avalo Therapeutics Inc. Common Stock,$18.82,0.61,3.35%,1110609,995634253.00,United States,2015,Biotechnology: Pharmaceutical Preparations,Health Care,/market-activity/stocks/avtx,18.82,3.35,995634253.0,1110609.0,20901661.38
LGIH,LGI Homes Inc. Common Stock,$56.21,-0.75,-1.317%,371711,1305886403.00,United States,2013,Homebuilding,Consumer Discretionary,/market-activity/stocks/lgih,56.21,-1.317,1305886403.0,371711.0,20893875.31
MPLT,MapLight Therapeutics Inc. Common Stock,$37.44,1.45,4.029%,557575,1697742109.00,United States,2025,Biotechnology: Pharmaceutical Preparations,Health Care,/market-activity/stocks/mplt,37.44,4.029,1697742109.0,557575.0,20875608.0
OMDA,Omada Health Inc. Common Stock,$22.99,-0.90,-3.767%,907302,1366721176.00,United States,2025,Medical/Nursing Services,Health Care,/market-activity/stocks/omda,22.99,-3.767,1366721176.0,907302.0,20858872.979999997
TRS,TriMas Corporation Common Stock,$40.53,0.60,1.503%,514364,1452096073.00,United States,2007,Industrial Specialties,Industrials,/market-activity/stocks/trs,40.53,1.503,1452096073.0,514364.0,20847172.92
HSAI,Hesai Group American Depositary Share,$15.29,0.36,2.411%,1360791,300338045.00,China,2023,Industrial Machinery/Components,Industrials,/market-activity/stocks/hsai,15.29,2.411,300338045.0,1360791.0,20806494.39
TFIN,Triumph Financial Inc. Common Stock,$79.19,1.34,1.721%,262252,1885217175.00,United States,,Major Banks,Finance,/market-activity/stocks/tfin,79.19,1.721,1885217175.0,262252.0,20767735.88
MQ,Marqeta Inc. Class A Common Stock,$17.44,-0.12,-0.683%,1188871,1848772160.00,United States,2021,Computer Software: Prepackaged Software,Technology,/market-activity/stocks/mq,17.44,-0.683,1848772160.0,1188871.0,20733910.240000002
EYPT,EyePoint Inc. Common Stock,$13.05,0.39,3.081%,1584459,1094128939.00,United States,,Biotechnology: Laboratory Analytical Instruments,Industrials,/market-activity/stocks/eypt,13.05,3.081,1094128939.0,1584459.0,20677189.950000003
QDEL,QuidelOrtho Corporation Common Stock,$16.43,-0.15,-0.905%,1254959,1120377949.00,United States,,Biotechnology: In Vitro & In Vivo Diagnostic Substances,Health Care,/market-activity/stocks/qdel,16.43,-0.905,1120377949.0,1254959.0,20618976.37
DGXX,Digi Power X Inc. Subordinate Voting Shares,$4.23,0.185,4.574%,4865132,295285509.00,Canada,,Finance: Consumer Services,Finance,/market-activity/stocks/dgxx,4.23,4.574,295285509.0,4865132.0,20579508.360000003
VZLA,Vizsla Silver Corp. Common Shares,$3.29,0.14,4.444%,6230597,1163131578.00,Canada,2024,Precious Metals,Basic Materials,/market-activity/stocks/vzla,3.29,4.444,1163131578.0,6230597.0,20498664.13
RGNX,REGENXBIO Inc. Common Stock,$10.34,0.02,0.194%,1980736,534553401.00,United States,2015,Biotechnology: Biological Products (No Diagnostic Substances),Health Care,/market-activity/stocks/rgnx,10.34,0.194,534553401.0,1980736.0,20480810.24
NVAX,Novavax Inc. Common Stock,$8.075,0.195,2.475%,2528811,1327837811.00,United States,,Biotechnology: Biological Products (No Diagnostic Substances),Health Care,/market-activity/stocks/nvax,8.075,2.475,1327837811.0,2528811.0,20420148.825
DV,DoubleVerify Holdings Inc. Common Stock,$11.31,-0.25,-2.163%,1803063,1735679978.00,United States,2021,Computer Software: Programming Data Processing,Technology,/market-activity/stocks/dv,11.31,-2.163,1735679978.0,1803063.0,20392642.53
OI,O-I Glass Inc. Common Stock,$8.88,-0.04,-0.448%,2296085,1361300119.00,United States,,Containers/Packaging,Consumer Discretionary,/market-activity/stocks/oi,8.88,-0.448,1361300119.0,2296085.0,20389234.8
CTMX,CytomX Therapeutics Inc. Common Stock,$3.42,-0.10,-2.841%,5959751,744543983.00,United States,2015,Biotechnology: Pharmaceutical Preparations,Health Care,/market-activity/stocks/ctmx,3.42,-2.841,744543983.0,5959751.0,20382348.419999998
IVR,INVESCO MORTGAGE CAPITAL INC Common Stock,$7.91,0.01,0.127%,2570783,734232058.00,United States,2009,Real Estate Investment Trusts,Real Estate,/market-activity/stocks/ivr,7.91,0.127,734232058.0,2570783.0,20334893.53
VEEE,Twin Vee PowerCats Co. Common Stock,$26.25,-3.24,-10.987%,772618,13894913.00,United States,2021,Marine Transportation,Industrials,/market-activity/stocks/veee,26.25,-10.987,13894913.0,772618.0,20281222.5
MRVI,Maravai LifeSciences Holdings Inc. Class A Common Stock,$7.10,0.11,1.574%,2833453,1833150732.00,United States,2020,Biotechnology: Pharmaceutical Preparations,Health Care,/market-activity/stocks/mrvi,7.1,1.574,1833150732.0,2833453.0,20117516.3
TENX,Tenax Therapeutics Inc. Common Stock,$15.72,0.04,0.255%,1276596,416975499.00,United States,,Biotechnology: Pharmaceutical Preparations,Health Care,/market-activity/stocks/tenx,15.72,0.255,416975499.0,1276596.0,20068089.12
SATL,Satellogic Inc. Class A Common Stock,$3.90,0.33,9.244%,5109510,578151978.00,Uruguay,,Radio And Television Broadcasting And Communications Equipment,Technology,/market-activity/stocks/satl,3.9,9.244,578151978.0,5109510.0,19927089.0
TIC,TIC Solutions Inc. Common Stock,$7.00,0.46,7.034%,2838085,1547298228.00,United States,2025,Business Services,Consumer Discretionary,/market-activity/stocks/tic,7.0,7.034,1547298228.0,2838085.0,19866595.0
CLYM,Climb Bio Inc. Common Stock,$13.10,0.88,7.201%,1513675,750145601.00,United States,2021,Biotechnology: Pharmaceutical Preparations,Health Care,/market-activity/stocks/clym,13.1,7.201,750145601.0,1513675.0,19829142.5
ENVX,Enovix Corporation Common Stock,$4.825,0.255,5.58%,4094390,1052590348.00,United States,2021,Industrial Machinery/Components,Miscellaneous,/market-activity/stocks/envx,4.825,5.58,1052590348.0,4094390.0,19755431.75
SMBK,SmartFinancial Inc. Common Stock,$48.60,0.93,1.951%,405167,830985788.00,United States,,Major Banks,Finance,/market-activity/stocks/smbk,48.6,1.951,830985788.0,405167.0,19691116.2
PCT,PureCycle Technologies Inc. Common stock,$6.46,0.37,6.076%,3035969,1296635373.00,United States,,Major Chemicals,Industrials,/market-activity/stocks/pct,6.46,6.076,1296635373.0,3035969.0,19612359.74
AMN,AMN Healthcare Services Inc,$34.20,0.44,1.303%,573230,1326482978.00,United States,,Professional Services,Consumer Discretionary,/market-activity/stocks/amn,34.2,1.303,1326482978.0,573230.0,19604466.0
GTM,ZoomInfo Technologies Inc Common Stock,$3.02,-0.11,-3.514%,6486122,890048463.00,United States,2020,Computer Software: Prepackaged Software,Technology,/market-activity/stocks/gtm,3.02,-3.514,890048463.0,6486122.0,19588088.44
ENR,Energizer Holdings Inc. Common Stock,$20.08,-0.27,-1.327%,973935,1374947579.00,United States,2015,Industrial Machinery/Components,Miscellaneous,/market-activity/stocks/enr,20.08,-1.327,1374947579.0,973935.0,19556614.799999997
SENEA,Seneca Foods Corp. Class A Common Stock,$163.35,1.87,1.158%,119179,1105951374.00,United States,,Packaged Foods,Consumer Staples,/market-activity/stocks/senea,163.35,1.158,1105951374.0,119179.0,19467889.65
AHCO,AdaptHealth Corp. Common Stock,$11.21,0.23,2.095%,1736381,1525167044.00,United States,2018,Medical/Nursing Services,Health Care,/market-activity/stocks/ahco,11.21,2.095,1525167044.0,1736381.0,19464831.01
VELO,Velo3D Inc. Common stock,$11.33,1.35,13.527%,1713018,337645353.00,United States,,Industrial Machinery/Components,Technology,/market-activity/stocks/velo,11.33,13.527,337645353.0,1713018.0,19408493.94
PRGO,Perrigo Company plc Ordinary Shares,$10.47,-0.12,-1.133%,1849356,1448710552.00,United States,,Biotechnology: Pharmaceutical Preparations,Health Care,/market-activity/stocks/prgo,10.47,-1.133,1448710552.0,1849356.0,19362757.32
TRIN,Trinity Capital Inc. Common Stock,$17.93,0.24,1.357%,1079461,1611685582.00,United States,2021,Finance: Consumer Services,Finance,/market-activity/stocks/trin,17.93,1.357,1611685582.0,1079461.0,19354735.73
BBNX,Beta Bionics Inc. Common Stock,$17.62,-0.20,-1.122%,1095335,785177066.00,United States,2025,Medical/Dental Instruments,Health Care,/market-activity/stocks/bbnx,17.62,-1.122,785177066.0,1095335.0,19299802.7
ARDX,Ardelyx Inc. Common Stock,$5.09,0.00,0.00%,3788768,1257379580.00,United States,2014,Biotechnology: Pharmaceutical Preparations,Health Care,/market-activity/stocks/ardx,5.09,0.0,1257379580.0,3788768.0,19284829.12
BW,Babcock & Wilcox Enterprises Inc. Common Stock,$10.86,0.53,5.131%,1770695,1616397307.00,United States,2015,Building Products,Industrials,/market-activity/stocks/bw,10.86,5.131,1616397307.0,1770695.0,19229747.7
KOPN,Kopin Corporation Common Stock,$4.06,0.29,7.692%,4731514,742656459.00,United States,1992,Semiconductors,Technology,/market-activity/stocks/kopn,4.06,7.692,742656459.0,4731514.0,19209946.84
AIP,Arteris Inc. Common Stock,$34.22,3.54,11.538%,560778,1580005224.00,United States,2021,Semiconductors,Technology,/market-activity/stocks/aip,34.22,11.538,1580005224.0,560778.0,19189823.16
NUTX,Nutex Health Inc. Common Stock,$168.27,6.80,4.211%,114037,1157922914.00,United States,,Business Services,Consumer Discretionary,/market-activity/stocks/nutx,168.27,4.211,1157922914.0,114037.0,19189005.990000002
AOSL,Alpha and Omega Semiconductor Limited Common Shares,$34.99,3.58,11.398%,547748,1047235934.00,Bermuda,2010,Semiconductors,Technology,/market-activity/stocks/aosl,34.99,11.398,1047235934.0,547748.0,19165702.52
ADTN,ADTRAN Holdings Inc. Common Stock,$12.14,0.54,4.655%,1576257,988835632.00,United States,1994,Telecommunications Equipment,Utilities,/market-activity/stocks/adtn,12.14,4.655,988835632.0,1576257.0,19135759.98
HCSG,Healthcare Services Group Inc. Common Stock,$24.80,-0.15,-0.601%,771564,1702401258.00,United States,1983,Hospital/Nursing Management,Health Care,/market-activity/stocks/hcsg,24.8,-0.601,1702401258.0,771564.0,19134787.2
WASH,Washington Trust Bancorp Inc. Common Stock,$39.28,2.96,8.15%,483467,748896493.00,United States,,Major Banks,Finance,/market-activity/stocks/wash,39.28,8.15,748896493.0,483467.0,18990583.76
UPBD,Upbound Group Inc. Common Stock,$21.91,0.22,1.014%,865774,1277215537.00,United States,,Diversified Commercial Services,Consumer Discretionary,/market-activity/stocks/upbd,21.91,1.014,1277215537.0,865774.0,18969108.34
GBX,Greenbrier Companies Inc. (The) Common Stock,$50.06,0.50,1.009%,378352,1548840681.00,United States,1994,Railroads,Industrials,/market-activity/stocks/gbx,50.06,1.009,1548840681.0,378352.0,18940301.12
SVC,Service Properties Trust Common Shares of Beneficial Interest,$8.84,0.08,0.913%,2136354,1144261905.00,United States,,Real Estate Investment Trusts,Real Estate,/market-activity/stocks/svc,8.84,0.913,1144261905.0,2136354.0,18885369.36
EVC,Entravision Communications Corporation Common Stock,$10.85,-0.18,-1.632%,1740437,998625103.00,United States,2000,Broadcasting,Industrials,/market-activity/stocks/evc,10.85,-1.632,998625103.0,1740437.0,18883741.45
PRGS,Progress Software Corporation Common Stock (DE),$39.46,-0.04,-0.101%,478470,1618370691.00,United States,1991,Computer Software: Prepackaged Software,Technology,/market-activity/stocks/prgs,39.46,-0.101,1618370691.0,478470.0,18880426.2
RVLV,Revolve Group Inc. Class A Common Stock,$25.37,-0.66,-2.536%,743937,1815364126.00,United States,2019,Catalog/Specialty Distribution,Consumer Discretionary,/market-activity/stocks/rvlv,25.37,-2.536,1815364126.0,743937.0,18873681.69
MNRO,Monro Inc. Common Stock,$17.07,0.28,1.668%,1100518,533384156.00,United States,1991,Automotive Aftermarket,Consumer Discretionary,/market-activity/stocks/mnro,17.07,1.668,533384156.0,1100518.0,18785842.26
MCB,Metropolitan Bank Holding Corp. Common Stock,$99.07,0.52,0.528%,188934,1227952539.00,United States,2017,Major Banks,Finance,/market-activity/stocks/mcb,99.07,0.528,1227952539.0,188934.0,18717691.38
JBIO,Jade Biosciences Inc. Common Stock,$20.53,0.86,4.372%,910217,1013358234.00,United States,2021,Biotechnology: Pharmaceutical Preparations,Health Care,/market-activity/stocks/jbio,20.53,4.372,1013358234.0,910217.0,18686755.01
CASH,Pathward Financial Inc. Common Stock,$88.60,-0.74,-0.828%,209313,1870349012.00,United States,1993,Major Banks,Finance,/market-activity/stocks/cash,88.6,-0.828,1870349012.0,209313.0,18545131.799999997
PRG,PROG Holdings Inc. Common Stock,$45.36,0.35,0.778%,408810,1817373983.00,United States,,Diversified Commercial Services,Consumer Discretionary,/market-activity/stocks/prg,45.36,0.778,1817373983.0,408810.0,18543621.6
EVH,Evolent Health Inc Class A Common Stock,$5.85,-0.08,-1.349%,3158977,658014242.00,United States,2015,Other Consumer Services,Consumer Discretionary,/market-activity/stocks/evh,5.85,-1.349,658014242.0,3158977.0,18480015.45
PD,PagerDuty Inc. Common Stock,$9.39,-0.95,-9.188%,1966552,724180885.00,United States,2019,Computer Software: Prepackaged Software,Technology,/market-activity/stocks/pd,9.39,-9.188,724180885.0,1966552.0,18465923.28
JKS,JinkoSolar Holding Company Limited American Depositary Shares (each representing 4 Common Shares),$16.41,-0.42,-2.496%,1123360,859394785.00,China,2010,Semiconductors,Technology,/market-activity/stocks/jks,16.41,-2.496,859394785.0,1123360.0,18434337.6
PLOW,Douglas Dynamics Inc. Common Stock,$45.70,-0.56,-1.211%,403194,1056821274.00,United States,2010,Construction/Ag Equipment/Trucks,Industrials,/market-activity/stocks/plow,45.7,-1.211,1056821274.0,403194.0,18425965.8
CBL,CBL & Associates Properties Inc. Common Stock,$55.53,-0.02,-0.036%,331606,1718362412.00,United States,2021,Real Estate Investment Trusts,Real Estate,/market-activity/stocks/cbl,55.53,-0.036,1718362412.0,331606.0,18414081.18
GCT,GigaCloud Technology Inc Class A Ordinary Shares,$38.49,0.12,0.313%,477198,1435256381.00,United States,2022,Catalog/Specialty Distribution,Consumer Discretionary,/market-activity/stocks/gct,38.49,0.313,1435256381.0,477198.0,18367351.02
GLUE,Monte Rosa Therapeutics Inc. Common Stock,$23.63,0.15,0.639%,776950,1996248647.00,United States,2021,Biotechnology: Biological Products (No Diagnostic Substances),Health Care,/market-activity/stocks/glue,23.63,0.639,1996248647.0,776950.0,18359328.5
RHLD,Resolute Holdings Management Common Stock ,$129.58,-3.88,-2.907%,141513,1069999334.00,United States,,Finance: Consumer Services,Finance,/market-activity/stocks/rhld,129.58,-2.907,1069999334.0,141513.0,18337254.540000003
RZLV,Rezolve AI PLC Ordinary Shares,$2.39,0.10,4.367%,7651548,956936321.00,United Kingdom,,Computer Software: Programming Data Processing,Technology,/market-activity/stocks/rzlv,2.39,4.367,956936321.0,7651548.0,18287199.720000003
MLKN,MillerKnoll Inc. Common Stock,$21.18,-0.35,-1.626%,863056,1448176824.00,United States,,Office Equipment/Supplies/Services,Consumer Discretionary,/market-activity/stocks/mlkn,21.18,-1.626,1448176824.0,863056.0,18279526.08
LZ,LegalZoom.com Inc. Common Stock,$7.335,-0.365,-4.74%,2485560,1259036349.00,United States,2021,EDP Services,Technology,/market-activity/stocks/lz,7.335,-4.74,1259036349.0,2485560.0,18231582.6
BXDC,Blackstone Digital Infrastructure Trust Inc. Common Stock,$20.02,-0.12,-0.596%,906228,1751750100.00,,2026,Real Estate,Finance,/market-activity/stocks/bxdc,20.02,-0.596,1751750100.0,906228.0,18142684.56
ECPG,Encore Capital Group Inc Common Stock,$89.20,0.53,0.598%,203290,1912484750.00,United States,,Finance Companies,Finance,/market-activity/stocks/ecpg,89.2,0.598,1912484750.0,203290.0,18133468.0
NBN,Northeast Bank Common Stock,$131.79,1.15,0.88%,137278,1071452700.00,United States,,Major Banks,Finance,/market-activity/stocks/nbn,131.79,0.88,1071452700.0,137278.0,18091867.619999997
CERT,Certara Inc. Common Stock,$6.85,-0.09,-1.297%,2638893,1065617565.00,United States,2020,Computer Software: Prepackaged Software,Technology,/market-activity/stocks/cert,6.85,-1.297,1065617565.0,2638893.0,18076417.05
ATLC,Atlanticus Holdings Corporation Common Stock,$96.37,-1.54,-1.573%,187557,1456921371.00,United States,1995,Finance: Consumer Services,Finance,/market-activity/stocks/atlc,96.37,-1.573,1456921371.0,187557.0,18074868.09
TROX,Tronox Holdings plc Ordinary Shares (UK),$6.49,0.54,9.076%,2774520,1035311370.00,United States,,Major Chemicals,Industrials,/market-activity/stocks/trox,6.49,9.076,1035311370.0,2774520.0,18006634.8
TWO,Two Harbors Investment Corp,$12.10,0.00,0.00%,1486458,1271060629.00,United States,,Real Estate Investment Trusts,Real Estate,/market-activity/stocks/two,12.1,0.0,1271060629.0,1486458.0,17986141.8
RIGL,Rigel Pharmaceuticals Inc. Common Stock,$39.31,-0.36,-0.907%,456783,727316765.00,United States,2000,Biotechnology: Pharmaceutical Preparations,Health Care,/market-activity/stocks/rigl,39.31,-0.907,727316765.0,456783.0,17956139.73
HBCP,Home Bancorp Inc. Common Stock,$68.80,0.43,0.629%,260504,539573013.00,United States,2008,Banks,Finance,/market-activity/stocks/hbcp,68.8,0.629,539573013.0,260504.0,17922675.2
OPY,Oppenheimer Holdings Inc. Class A Common Stock (DE),$110.55,2.34,2.162%,161606,1183769953.00,United States,,Investment Bankers/Brokers/Service,Finance,/market-activity/stocks/opy,110.55,2.162,1183769953.0,161606.0,17865543.3
MNKD,MannKind Corporation Common Stock,$4.05,0.07,1.759%,4402039,1251248172.00,United States,2004,Biotechnology: Pharmaceutical Preparations,Health Care,/market-activity/stocks/mnkd,4.05,1.759,1251248172.0,4402039.0,17828257.95
ALOY,REalloys Inc. Common Stock,$9.00,0.60,7.143%,1977836,619038729.00,United States,,EDP Services,Technology,/market-activity/stocks/aloy,9.0,7.143,619038729.0,1977836.0,17800524.0
OXM,Oxford Industries Inc. Common Stock,$40.72,0.03,0.074%,435492,607987551.00,United States,,Garments and Clothing,Industrials,/market-activity/stocks/oxm,40.72,0.074,607987551.0,435492.0,17733234.24
CEVA,CEVA Inc. Common Stock,$40.72,3.39,9.081%,433662,1134433506.00,United States,,Computer Software: Programming Data Processing,Technology,/market-activity/stocks/ceva,40.72,9.081,1134433506.0,433662.0,17658716.64
SCHL,Scholastic Corporation Common Stock,$46.81,0.43,0.927%,376924,1017760621.00,United States,1992,Books,Consumer Discretionary,/market-activity/stocks/schl,46.81,0.927,1017760621.0,376924.0,17643812.44
FTH,Faeth Therapeutics Inc. Common Stock,$28.37,0.18,0.639%,615876,731343251.00,United States,2021,Biotechnology: Pharmaceutical Preparations,Health Care,/market-activity/stocks/fth,28.37,0.639,731343251.0,615876.0,17472402.12
STOK,Stoke Therapeutics Inc. Common Stock,$28.81,1.13,4.082%,604515,1794334481.00,United States,2019,Biotechnology: Pharmaceutical Preparations,Health Care,/market-activity/stocks/stok,28.81,4.082,1794334481.0,604515.0,17416077.15
LMB,Limbach Holdings Inc. Common Stock,$73.81,-0.02,-0.027%,233576,879893955.00,United States,,Engineering & Construction,Consumer Discretionary,/market-activity/stocks/lmb,73.81,-0.027,879893955.0,233576.0,17240244.560000002
TLRY,Tilray Brands Inc. Common Stock ,$4.24,0.01,0.236%,4062139,494055824.00,United States,2018, Medicinal Chemicals and Botanical Products ,Health Care,/market-activity/stocks/tlry,4.24,0.236,494055824.0,4062139.0,17223469.36
GO,Grocery Outlet Holding Corp. Common Stock,$9.29,0.01,0.108%,1849690,918991623.00,United States,2019,Food Chains,Consumer Staples,/market-activity/stocks/go,9.29,0.108,918991623.0,1849690.0,17183620.099999998
RRBI,Red River Bancshares Inc. Common Stock,$97.98,-0.27,-0.275%,173658,645168514.00,United States,2019,Hotels/Resorts,Consumer Discretionary,/market-activity/stocks/rrbi,97.98,-0.275,645168514.0,173658.0,17015010.84
AVBP,ArriVent BioPharma Inc. Common Stock,$28.26,0.04,0.142%,599661,1316207465.00,United States,2024,Biotechnology: Pharmaceutical Preparations,Health Care,/market-activity/stocks/avbp,28.26,0.142,1316207465.0,599661.0,16946419.86
NRGV,Energy Vault Holdings Inc. Common Stock,$3.48,0.46,15.232%,4852932,630712660.00,United States,2021,Industrial Machinery/Components,Miscellaneous,/market-activity/stocks/nrgv,3.48,15.232,630712660.0,4852932.0,16888203.36
BLFS,BioLife Solutions Inc. Common Stock,$29.19,0.10,0.344%,577011,1426147944.00,United States,,Biotechnology: Electromedical & Electrotherapeutic Apparatus,Health Care,/market-activity/stocks/blfs,29.19,0.344,1426147944.0,577011.0,16842951.09
NVCR,NovoCure Limited Ordinary Shares,$16.00,0.06,0.376%,1050557,1853135040.00,Jersey,2015,Medical/Dental Instruments,Health Care,/market-activity/stocks/nvcr,16.0,0.376,1853135040.0,1050557.0,16808912.0
APPN,Appian Corporation Class A Common Stock,$25.35,-0.68,-2.612%,661798,1860997242.00,United States,2017,Computer Software: Prepackaged Software,Technology,/market-activity/stocks/appn,25.35,-2.612,1860997242.0,661798.0,16776579.3
USAS,Americas Gold and Silver Corporation Common Shares no par value,$4.13,0.37,9.84%,4061397,1394031060.00,Canada,2017,Metal Mining,Basic Materials,/market-activity/stocks/usas,4.13,9.84,1394031060.0,4061397.0,16773569.61
EPC,Edgewell Personal Care Company Common Stock,$27.80,-0.79,-2.763%,601484,1281060863.00,United States,,Package Goods/Cosmetics,Consumer Discretionary,/market-activity/stocks/epc,27.8,-2.763,1281060863.0,601484.0,16721255.200000001
SVRA,Savara Inc. Common Stock,$5.84,0.35,6.375%,2862903,1196774918.00,United States,,Biotechnology: Pharmaceutical Preparations,Health Care,/market-activity/stocks/svra,5.84,6.375,1196774918.0,2862903.0,16719353.52
BLDP,Ballard Power Systems Inc. Common Shares,$2.96,0.19,6.859%,5644644,892368513.00,Canada,,Industrial Machinery/Components,Energy,/market-activity/stocks/bldp,2.96,6.859,892368513.0,5644644.0,16708146.24
BXC,Bluelinx Holdings Inc. Common Stock,$54.43,-2.30,-4.054%,306351,423595760.00,United States,2004,Wholesale Distributors,Consumer Discretionary,/market-activity/stocks/bxc,54.43,-4.054,423595760.0,306351.0,16674684.93
MBC,MasterBrand Inc. Common Stock,$8.34,-0.15,-1.767%,1995925,1067391481.00,United States,2022,Home Furnishings,Consumer Discretionary,/market-activity/stocks/mbc,8.34,-1.767,1067391481.0,1995925.0,16646014.5
MBWM,Mercantile Bank Corporation Common Stock,$59.68,2.02,3.503%,278888,1030934700.00,United States,1998,Major Banks,Finance,/market-activity/stocks/mbwm,59.68,3.503,1030934700.0,278888.0,16644035.84
IMCR,Immunocore Holdings plc American Depositary Shares,$34.48,0.43,1.263%,481586,1658086170.00,United Kingdom,2021,Biotechnology: Biological Products (No Diagnostic Substances),Health Care,/market-activity/stocks/imcr,34.48,1.263,1658086170.0,481586.0,16605085.28
BLKB,Blackbaud Inc. Common Stock,$31.53,-1.15,-3.519%,525155,1448239302.00,United States,2004,Computer Software: Prepackaged Software,Technology,/market-activity/stocks/blkb,31.53,-3.519,1448239302.0,525155.0,16558137.15
HFWA,Heritage Financial Corporation Common Stock,$30.41,-0.15,-0.491%,543704,1253464225.00,United States,,Banks,Finance,/market-activity/stocks/hfwa,30.41,-0.491,1253464225.0,543704.0,16534038.64
CWH,Camping World Holdings Inc. Class A Common Stock,$5.96,-0.06,-0.997%,2770685,613801024.00,United States,2016,Retail-Auto Dealers and Gas Stations,Consumer Discretionary,/market-activity/stocks/cwh,5.96,-0.997,613801024.0,2770685.0,16513282.6
MRAM,Everspin Technologies Inc. Common Stock,$16.03,1.60,11.088%,1028291,375864659.00,United States,2016,Semiconductors,Technology,/market-activity/stocks/mram,16.03,11.088,375864659.0,1028291.0,16483504.73
ATEC,Alphatec Holdings Inc. Common Stock,$8.30,0.03,0.363%,1980619,1276451232.00,United States,2006,Medical/Dental Instruments,Health Care,/market-activity/stocks/atec,8.3,0.363,1276451232.0,1980619.0,16439137.700000001
BHC,Bausch Health Companies Inc. Common Stock,$4.52,-0.16,-3.419%,3623533,1689632889.00,Canada,,Biotechnology: Pharmaceutical Preparations,Health Care,/market-activity/stocks/bhc,4.52,-3.419,1689632889.0,3623533.0,16378369.159999998
NVEC,NVE Corporation Common Stock,$88.13,3.44,4.062%,185670,426299440.00,United States,,Semiconductors,Technology,/market-activity/stocks/nvec,88.13,4.062,426299440.0,185670.0,16363097.1
ESQ,Esquire Financial Holdings Inc. Common Stock,$122.835,-0.535,-0.434%,133201,1061224507.00,United States,2017,Commercial Banks,Finance,/market-activity/stocks/esq,122.835,-0.434,1061224507.0,133201.0,16361744.834999999
VIR,Vir Biotechnology Inc. Common Stock,$9.42,0.19,2.059%,1731571,1588701595.00,United States,2019,Biotechnology: Biological Products (No Diagnostic Substances),Health Care,/market-activity/stocks/vir,9.42,2.059,1588701595.0,1731571.0,16311398.82
STDN,Standard Nuclear Inc. Class A Common Stock,$8.91,-0.11,-1.22%,1828752,1431601259.00,,2026,Major Chemicals,Basic Materials,/market-activity/stocks/stdn,8.91,-1.22,1431601259.0,1828752.0,16294180.32
ANIP,ANI Pharmaceuticals Inc.,$79.15,1.43,1.84%,205364,1777563997.00,United States,,Biotechnology: Pharmaceutical Preparations,Health Care,/market-activity/stocks/anip,79.15,1.84,1777563997.0,205364.0,16254560.600000001
DSGR,Distribution Solutions Group Inc. Common Stock,$34.515,0.015,0.043%,468179,1594426120.00,United States,,Industrial Specialties,Consumer Discretionary,/market-activity/stocks/dsgr,34.515,0.043,1594426120.0,468179.0,16159198.185
ALG,Alamo Group Inc. Common Stock,$161.18,1.07,0.668%,99410,1961293525.00,United States,,Industrial Machinery/Components,Industrials,/market-activity/stocks/alg,161.18,0.668,1961293525.0,99410.0,16022903.8
LEG,Leggett & Platt Incorporated Common Stock,$10.68,-0.03,-0.28%,1498982,1457098630.00,United States,,Home Furnishings,Consumer Discretionary,/market-activity/stocks/leg,10.68,-0.28,1457098630.0,1498982.0,16009127.76
MUX,McEwen Inc. Common Stock,$17.78,1.32,8.019%,900122,1065641811.00,Canada,,Precious Metals,Basic Materials,/market-activity/stocks/mux,17.78,8.019,1065641811.0,900122.0,16004169.16
PNRG,PrimeEnergy Resources Corporation Common Stock,$189.86,2.62,1.399%,84279,307193480.00,United States,,Oil & Gas Production,Energy,/market-activity/stocks/pnrg,189.86,1.399,307193480.0,84279.0,16001210.940000001
ANNX,Annexon Inc. Common Stock,$5.39,-0.18,-3.232%,2956296,883111280.00,United States,2020,Biotechnology: Pharmaceutical Preparations,Health Care,/market-activity/stocks/annx,5.39,-3.232,883111280.0,2956296.0,15934435.44
CHCO,City Holding Company Common Stock,$134.99,-0.95,-0.699%,117157,1904866298.00,United States,,Major Banks,Finance,/market-activity/stocks/chco,134.99,-0.699,1904866298.0,117157.0,15815023.430000002
CYRX,CryoPort Inc. Common Stock,$16.24,0.53,3.374%,973422,818533563.00,United States,,Biotechnology: Pharmaceutical Preparations,Health Care,/market-activity/stocks/cyrx,16.24,3.374,818533563.0,973422.0,15808373.28
HLIT,Harmonic Inc. Common Stock,$12.47,0.44,3.658%,1267661,1352950557.00,United States,1995,Radio And Television Broadcasting And Communications Equipment,Technology,/market-activity/stocks/hlit,12.47,3.658,1352950557.0,1267661.0,15807732.67
APEI,American Public Education Inc. Common Stock,$48.86,-0.41,-0.832%,323365,896262824.00,United States,2007,Other Consumer Services,Real Estate,/market-activity/stocks/apei,48.86,-0.832,896262824.0,323365.0,15799613.9
CXM,Sprinklr Inc. Class A Common Stock,$5.79,-0.16,-2.689%,2703530,1356184532.00,United States,2021,Computer Software: Prepackaged Software,Technology,/market-activity/stocks/cxm,5.79,-2.689,1356184532.0,2703530.0,15653438.7
BLMN,Bloomin' Brands Inc. Common Stock,$8.44,0.10,1.199%,1831239,722584582.00,United States,2012,Restaurants,Consumer Discretionary,/market-activity/stocks/blmn,8.44,1.199,722584582.0,1831239.0,15455657.159999998
SGML,Sigma Lithium Corporation Common Shares,$10.48,0.29,2.846%,1474239,1177389360.00,Canada,,Metal Mining,Basic Materials,/market-activity/stocks/sgml,10.48,2.846,1177389360.0,1474239.0,15450024.72
KRUS,Kura Sushi USA Inc. Class A Common Stock,$45.86,1.48,3.335%,335847,557191479.00,United States,2019,Restaurants,Consumer Discretionary,/market-activity/stocks/krus,45.86,3.335,557191479.0,335847.0,15401943.42
GIII,G-III Apparel Group LTD. Common Stock,$35.76,0.31,0.874%,429932,1508734890.00,United States,1989,Apparel,Consumer Discretionary,/market-activity/stocks/giii,35.76,0.874,1508734890.0,429932.0,15374368.319999998
BY,Byline Bancorp Inc. Common Stock,$38.12,0.25,0.66%,401510,1731000953.00,United States,2017,Major Banks,Finance,/market-activity/stocks/by,38.12,0.66,1731000953.0,401510.0,15305561.2
NEXT,NextDecade Corporation Common Stock,$7.34,-0.34,-4.427%,2074702,1945048525.00,United States,2015,Oil & Gas Production,Utilities,/market-activity/stocks/next,7.34,-4.427,1945048525.0,2074702.0,15228312.68
VSTM,Verastem Inc. Common Stock,$6.00,0.25,4.348%,2531982,527241834.00,United States,2012,Biotechnology: Pharmaceutical Preparations,Health Care,/market-activity/stocks/vstm,6.0,4.348,527241834.0,2531982.0,15191892.0
VIA,Via Transportation Inc. Class A Common Stock,$18.08,-0.51,-2.743%,837378,1469829348.00,United States,2025,Computer Software: Prepackaged Software,Technology,/market-activity/stocks/via,18.08,-2.743,1469829348.0,837378.0,15139794.239999998
TMC,TMC the metals company Inc. Common Stock,$4.02,0.30,8.065%,3729984,1741548975.00,Canada,,Metal Mining,Basic Materials,/market-activity/stocks/tmc,4.02,8.065,1741548975.0,3729984.0,14994535.679999998
IART,Integra LifeSciences Holdings Corporation Common Stock,$19.01,0.12,0.635%,785917,1478919126.00,United States,,Medical/Dental Instruments,Health Care,/market-activity/stocks/iart,19.01,0.635,1478919126.0,785917.0,14940282.170000002
ALIT,Alight Inc. Class A Common Stock,$18.78,-1.57,-7.715%,789290,504470219.00,United States,2021,Business Services,Consumer Discretionary,/market-activity/stocks/alit,18.78,-7.715,504470219.0,789290.0,14822866.200000001
AZTA,Azenta Inc.,$26.59,0.33,1.257%,557170,1225607658.00,United States,,Industrial Machinery/Components,Technology,/market-activity/stocks/azta,26.59,1.257,1225607658.0,557170.0,14815150.3
BORR,Borr Drilling Limited Common Shares,$4.18,0.16,3.98%,3536618,1286190494.00,Bermuda,2019,Oil & Gas Production,Energy,/market-activity/stocks/borr,4.18,3.98,1286190494.0,3536618.0,14783063.239999998
ABR,Arbor Realty Trust Common Stock,$5.10,0.07,1.392%,2869568,981042135.00,United States,2004,Real Estate Investment Trusts,Real Estate,/market-activity/stocks/abr,5.1,1.392,981042135.0,2869568.0,14634796.799999999
PLTK,Playtika Holding Corp. Common Stock,$4.13,0.35,9.259%,3542007,1570967521.00,Israel,2021,EDP Services,Technology,/market-activity/stocks/pltk,4.13,9.259,1570967521.0,3542007.0,14628488.91
ONT,Onterris Inc. Common Stock,$19.41,-0.40,-2.019%,749667,701462396.00,United States,2020,Professional Services,Consumer Discretionary,/market-activity/stocks/ont,19.41,-2.019,701462396.0,749667.0,14551036.47
WGO,Winnebago Industries Inc. Common Stock,$30.38,-0.13,-0.426%,475159,858808969.00,United States,,Homebuilding,Industrials,/market-activity/stocks/wgo,30.38,-0.426,858808969.0,475159.0,14435330.42
STBA,S&T Bancorp Inc. Common Stock,$49.86,0.07,0.141%,289393,1793807536.00,United States,,Major Banks,Finance,/market-activity/stocks/stba,49.86,0.141,1793807536.0,289393.0,14429134.98
AGEN,Agenus Inc. Common Stock,$5.58,0.61,12.274%,2576061,232364765.00,United States,2000,Biotechnology: Biological Products (No Diagnostic Substances),Health Care,/market-activity/stocks/agen,5.58,12.274,232364765.0,2576061.0,14374420.38
TBPH,Theravance Biopharma Inc. Ordinary Shares,$16.84,0.03,0.178%,847825,868152604.00,Cayman Islands,,Biotechnology: Pharmaceutical Preparations,Health Care,/market-activity/stocks/tbph,16.84,0.178,868152604.0,847825.0,14277373.0
SDGR,Schrodinger Inc. Common Stock,$15.10,0.10,0.667%,940657,1128282932.00,United States,2020,Biotechnology: Pharmaceutical Preparations,Health Care,/market-activity/stocks/sdgr,15.1,0.667,1128282932.0,940657.0,14203920.7
HTLD,Heartland Express Inc. Common Stock,$15.31,0.23,1.525%,927103,1186367246.00,United States,1986,Trucking Freight/Courier Services,Industrials,/market-activity/stocks/htld,15.31,1.525,1186367246.0,927103.0,14193946.93
ORIC,Oric Pharmaceuticals Inc. Common Stock,$10.83,0.41,3.935%,1309715,1121095196.00,United States,2020,Biotechnology: Pharmaceutical Preparations,Health Care,/market-activity/stocks/oric,10.83,3.935,1121095196.0,1309715.0,14184213.45
OSS,One Stop Systems Inc. Common Stock,$13.92,1.56,12.621%,1017947,344784717.00,United States,2018,Computer Manufacturing,Technology,/market-activity/stocks/oss,13.92,12.621,344784717.0,1017947.0,14169822.24
OCUL,Ocular Therapeutix Inc. Common Stock,$8.93,0.22,2.526%,1583631,1955315997.00,United States,2014,Biotechnology: Pharmaceutical Preparations,Health Care,/market-activity/stocks/ocul,8.93,2.526,1955315997.0,1583631.0,14141824.83
RLMD,Relmada Therapeutics Inc. Common Stock,$5.30,0.30,6.00%,2667642,555918182.00,United States,,Biotechnology: Pharmaceutical Preparations,Health Care,/market-activity/stocks/rlmd,5.3,6.0,555918182.0,2667642.0,14138502.6
PSEC,Prospect Capital Corporation Common Stock,$2.15,-0.08,-3.587%,6575080,1077166454.00,United States,2004,Finance: Consumer Services,Finance,/market-activity/stocks/psec,2.15,-3.587,1077166454.0,6575080.0,14136422.0
SPIR,Spire Global Inc. Class A Common Stock,$11.66,0.70,6.387%,1208932,468952071.00,United States,2020,Telecommunications Equipment,Consumer Discretionary,/market-activity/stocks/spir,11.66,6.387,468952071.0,1208932.0,14096147.120000001
CSWC,Capital Southwest Corporation Common Stock,$24.06,0.20,0.838%,585488,1495105868.00,United States,,Textiles,Consumer Discretionary,/market-activity/stocks/cswc,24.06,0.838,1495105868.0,585488.0,14086841.28
VYX,NCR Voyix Corporation Common Stock,$7.94,-0.15,-1.854%,1768890,1094188970.00,United States,,Office Equipment/Supplies/Services,Miscellaneous,/market-activity/stocks/vyx,7.94,-1.854,1094188970.0,1768890.0,14044986.600000001
AMPL,Amplitude Inc. Class A Common Stock,$9.59,-0.24,-2.442%,1457869,1271818569.00,United States,,Computer Software: Prepackaged Software,Technology,/market-activity/stocks/ampl,9.59,-2.442,1271818569.0,1457869.0,13980963.709999999
JMIA,Jumia Technologies AG American Depositary Shares each representing two Ordinary Shares,$6.28,-0.05,-0.79%,2215212,777794347.00,,2019,Catalog/Specialty Distribution,Consumer Discretionary,/market-activity/stocks/jmia,6.28,-0.79,777794347.0,2215212.0,13911531.360000001
EPAC,Enerpac Tool Group Corp. Common Stock,$33.93,-0.02,-0.059%,408942,1735100329.00,United States,,Industrial Machinery/Components,Technology,/market-activity/stocks/epac,33.93,-0.059,1735100329.0,408942.0,13875402.06
PWP,Perella Weinberg Partners Class A Common Stock,$15.665,-0.055,-0.35%,885647,1455818520.00,United States,2020,Finance: Consumer Services,Finance,/market-activity/stocks/pwp,15.665,-0.35,1455818520.0,885647.0,13873660.254999999
NTGR,NETGEAR Inc. Common Stock,$24.235,0.985,4.237%,570492,650465049.00,United States,2003,Telecommunications Equipment,Utilities,/market-activity/stocks/ntgr,24.235,4.237,650465049.0,570492.0,13825873.62
METC,Ramaco Resources Inc. Class A Common Stock,$11.87,0.43,3.759%,1164453,788924618.00,United States,2017,Coal Mining,Energy,/market-activity/stocks/metc,11.87,3.759,788924618.0,1164453.0,13822057.11
SBH,Sally Beauty Holdings Inc. (Name to be changed from Sally Holdings Inc.) Common Stock,$14.89,0.00,0.00%,922864,1420632357.00,United States,,Other Specialty Stores,Consumer Discretionary,/market-activity/stocks/sbh,14.89,0.0,1420632357.0,922864.0,13741444.96
WLDN,Willdan Group Inc. Common Stock,$72.84,0.19,0.262%,188606,1100656541.00,United States,2006,Military/Government/Technical,Consumer Discretionary,/market-activity/stocks/wldn,72.84,0.262,1100656541.0,188606.0,13738061.040000001
TDAY,USA TODAY Co. Inc. Common Stock,$8.57,0.15,1.781%,1601588,1257237091.00,United States,2014,Newspapers/Magazines,Consumer Discretionary,/market-activity/stocks/tday,8.57,1.781,1257237091.0,1601588.0,13725609.16
CCOI,Cogent Communications Holdings Inc.,$12.70,0.30,2.419%,1078486,635986320.00,United States,,Telecommunications Equipment,Consumer Discretionary,/market-activity/stocks/ccoi,12.7,2.419,635986320.0,1078486.0,13696772.2
HELE,Helen of Troy Limited Common Stock,$27.28,-0.71,-2.537%,500796,635407424.00,Bermuda,,Home Furnishings,Consumer Discretionary,/market-activity/stocks/hele,27.28,-2.537,635407424.0,500796.0,13661714.88
ROCK,Gibraltar Industries Inc. Common Stock,$43.59,0.00,0.00%,313310,1292963049.00,United States,1993,Steel/Iron Ore,Industrials,/market-activity/stocks/rock,43.59,0.0,1292963049.0,313310.0,13657182.9
TREE,LendingTree Inc. Common Stock,$43.27,-0.86,-1.949%,315544,603747089.00,United States,,Finance: Consumer Services,Finance,/market-activity/stocks/tree,43.27,-1.949,603747089.0,315544.0,13653588.88
GRRR,Gorilla Technology Group Inc. Ordinary shares,$12.73,0.58,4.774%,1072220,353352644.00,Taiwan,,Computer Software: Prepackaged Software,Technology,/market-activity/stocks/grrr,12.73,4.774,353352644.0,1072220.0,13649360.6
CNOB,ConnectOne Bancorp Inc. Common Stock,$33.41,-0.05,-0.149%,408535,1680138585.00,United States,,Major Banks,Finance,/market-activity/stocks/cnob,33.41,-0.149,1680138585.0,408535.0,13649154.349999998
HZO,MarineMax Inc.  (FL) Common Stock,$33.23,-0.74,-2.178%,409526,731995557.00,United States,1998,Auto & Home Supply Stores,Consumer Discretionary,/market-activity/stocks/hzo,33.23,-2.178,731995557.0,409526.0,13608548.979999999
TH,Target Hospitality Corp. Common Stock,$16.82,0.43,2.624%,807243,1675027538.00,United States,2018,Hotels/Resorts,Consumer Discretionary,/market-activity/stocks/th,16.82,2.624,1675027538.0,807243.0,13577827.26
WNC,Wabash National Corporation Common Stock,$13.51,0.24,1.809%,1004371,549505294.00,United States,1991,Construction/Ag Equipment/Trucks,Industrials,/market-activity/stocks/wnc,13.51,1.809,549505294.0,1004371.0,13569052.209999999
GOLD,Gold.com Inc. Common Stock,$39.94,2.37,6.308%,338481,1158434698.00,United States,,Other Specialty Stores,Industrials,/market-activity/stocks/gold,39.94,6.308,1158434698.0,338481.0,13518931.139999999
EFC,Ellington Financial Inc. Common Stock ,$13.49,0.08,0.597%,1001675,1691559988.00,United States,2010,Real Estate,Finance,/market-activity/stocks/efc,13.49,0.597,1691559988.0,1001675.0,13512595.75
WTI,W&T Offshore Inc. Common Stock,$3.63,0.12,3.419%,3693128,540063044.00,United States,2005,Oil & Gas Production,Energy,/market-activity/stocks/wti,3.63,3.419,540063044.0,3693128.0,13406054.639999999
WWW,Wolverine World Wide Inc. Common Stock,$18.67,0.05,0.269%,717593,1530744730.00,United States,,Shoe Manufacturing,Consumer Discretionary,/market-activity/stocks/www,18.67,0.269,1530744730.0,717593.0,13397461.31
PCRX,Pacira BioSciences Inc. Common Stock,$25.78,0.43,1.696%,518754,1014389481.00,United States,2011,Biotechnology: Pharmaceutical Preparations,Health Care,/market-activity/stocks/pcrx,25.78,1.696,1014389481.0,518754.0,13373478.120000001
OCFC,OceanFirst Financial Corp. Common Stock,$19.80,-0.03,-0.151%,675115,1140481366.00,United States,,Major Banks,Finance,/market-activity/stocks/ocfc,19.8,-0.151,1140481366.0,675115.0,13367277.0
VET,Vermilion Energy Inc. Common (Canada),$10.20,0.46,4.723%,1310299,1562640000.00,Canada,,Oil & Gas Production,Energy,/market-activity/stocks/vet,10.2,4.723,1562640000.0,1310299.0,13365049.799999999
AORT,Artivion Inc. Common Stock,$24.94,-0.43,-1.695%,535380,1210671149.00,United States,,Medical/Dental Instruments,Health Care,/market-activity/stocks/aort,24.94,-1.695,1210671149.0,535380.0,13352377.200000001
ALKT,Alkami Technology Inc. Common Stock,$17.40,-0.59,-3.28%,766739,1862133628.00,United States,2021,Computer Software: Prepackaged Software,Technology,/market-activity/stocks/alkt,17.4,-3.28,1862133628.0,766739.0,13341258.6
NBR,Nabors Industries Ltd.,$84.72,2.12,2.567%,157093,1351893306.00,Bermuda,1951,Oil & Gas Production,Energy,/market-activity/stocks/nbr,84.72,2.567,1351893306.0,157093.0,13308918.959999999
KURA,Kura Oncology Inc. Common Stock,$10.89,0.21,1.966%,1217843,966752835.00,United States,,Biotechnology: Pharmaceutical Preparations,Health Care,/market-activity/stocks/kura,10.89,1.966,966752835.0,1217843.0,13262310.270000001
LNN,Lindsay Corporation Common Stock,$112.08,-0.79,-0.70%,117952,1139728631.00,United States,,Industrial Machinery/Components,Industrials,/market-activity/stocks/lnn,112.08,-0.7,1139728631.0,117952.0,13220060.16
LZB,La-Z-Boy Incorporated Common Stock,$39.22,-0.70,-1.754%,336639,1569239539.00,United States,,Home Furnishings,Consumer Discretionary,/market-activity/stocks/lzb,39.22,-1.754,1569239539.0,336639.0,13202981.58
QTTB,Q32 Bio Inc. Common Stock,$15.41,0.37,2.46%,855280,458663225.00,United States,2018,Biotechnology: Pharmaceutical Preparations,Health Care,/market-activity/stocks/qttb,15.41,2.46,458663225.0,855280.0,13179864.8
ELVA,Electrovaya Inc. Common Shares,$10.19,1.03,11.245%,1293283,504481221.00,Canada,,,,/market-activity/stocks/elva,10.19,11.245,504481221.0,1293283.0,13178553.77
CBIO,Crescent Biopharma Inc. Common Stock,$16.64,1.59,10.565%,789678,593494354.00,United States,2014,Biotechnology: Pharmaceutical Preparations,Health Care,/market-activity/stocks/cbio,16.64,10.565,593494354.0,789678.0,13140241.92
CADL,Candel Therapeutics Inc. Common Stock,$10.22,0.65,6.792%,1284022,748821843.00,United States,2021,Biotechnology: Biological Products (No Diagnostic Substances),Health Care,/market-activity/stocks/cadl,10.22,6.792,748821843.0,1284022.0,13122704.840000002
XPRO,Expro Ltd Ordinary Shares,$16.17,0.15,0.936%,810930,1833601726.00,,,Oilfield Services/Equipment,Energy,/market-activity/stocks/xpro,16.17,0.936,1833601726.0,810930.0,13112738.100000001
INVA,Innoviva Inc. Common Stock,$21.58,0.30,1.41%,606576,1592792803.00,United States,2004,Biotechnology: Pharmaceutical Preparations,Health Care,/market-activity/stocks/inva,21.58,1.41,1592792803.0,606576.0,13089910.079999998
LAR,Lithium Argentina AG Common Shares,$6.29,0.40,6.791%,2078963,1030302000.00,Canada,2023,Metal Mining,Basic Materials,/market-activity/stocks/lar,6.29,6.791,1030302000.0,2078963.0,13076677.27
SKYT,SkyWater Technology Inc. Common Stock,$31.11,0.31,1.006%,420281,1530755168.00,United States,2021,Semiconductors,Technology,/market-activity/stocks/skyt,31.11,1.006,1530755168.0,420281.0,13074941.91
SFL,SFL Corporation Ltd,$11.44,0.20,1.779%,1142328,1654028685.00,Bermuda,,Marine Transportation,Consumer Discretionary,/market-activity/stocks/sfl,11.44,1.779,1654028685.0,1142328.0,13068232.32
BATL,Battalion Oil Corporation Common Stock,$1.57,-0.08,-4.848%,8284827,34569593.00,United States,,Oil & Gas Production,Energy,/market-activity/stocks/batl,1.57,-4.848,34569593.0,8284827.0,13007178.39
QNST,QuinStreet Inc. Common Stock,$16.24,-0.88,-5.14%,800125,932912809.00,United States,2010,Business Services,Consumer Discretionary,/market-activity/stocks/qnst,16.24,-5.14,932912809.0,800125.0,12994029.999999998
SERV,Serve Robotics Inc. Common Stock,$5.38,0.19,3.661%,2411224,416268332.00,United States,,Industrial Specialties,Consumer Discretionary,/market-activity/stocks/serv,5.38,3.661,416268332.0,2411224.0,12972385.12
IAUX,i-80 Gold Corp. Common Shares,$1.35,0.09,7.143%,9605508,1163769047.00,Canada,2022,Precious Metals,Basic Materials,/market-activity/stocks/iaux,1.35,7.143,1163769047.0,9605508.0,12967435.8
WABC,Westamerica Bancorporation Common Stock,$60.61,-0.79,-1.287%,213944,1423604953.00,United States,,Major Banks,Finance,/market-activity/stocks/wabc,60.61,-1.287,1423604953.0,213944.0,12967145.84
BFC,Bank First Corporation Common Stock,$145.60,-0.22,-0.151%,88824,1613429126.00,United States,,Major Banks,Finance,/market-activity/stocks/bfc,145.6,-0.151,1613429126.0,88824.0,12932774.4
HOV,Hovnanian Enterprises Inc. Class A Common Stock,$128.47,1.14,0.895%,99966,752782427.00,United States,1983,Homebuilding,Consumer Discretionary,/market-activity/stocks/hov,128.47,0.895,752782427.0,99966.0,12842632.02
DCH,Dauch Corporation Common Stock,$5.52,0.22,4.151%,2315662,1310264361.00,United States,,Auto Parts:O.E.M.,Consumer Discretionary,/market-activity/stocks/dch,5.52,4.151,1310264361.0,2315662.0,12782454.239999998
PRCH,Porch Group Inc. Common Stock,$13.15,0.25,1.938%,971986,1679458536.00,United States,2020,Computer Software: Prepackaged Software,Technology,/market-activity/stocks/prch,13.15,1.938,1679458536.0,971986.0,12781615.9
IIIN,Insteel Industries Inc. Common Stock,$31.43,-0.42,-1.319%,406191,608429703.00,United States,,Steel/Iron Ore,Industrials,/market-activity/stocks/iiin,31.43,-1.319,608429703.0,406191.0,12766583.129999999
PMT,PennyMac Mortgage Investment Trust Common Shares of Beneficial Interest,$9.80,0.06,0.616%,1299064,854583148.00,United States,2009,Real Estate Investment Trusts,Real Estate,/market-activity/stocks/pmt,9.8,0.616,854583148.0,1299064.0,12730827.200000001
ADVB,Advanced Biomed Inc. Common Stock,$7.08,-1.82,-20.449%,1795847,11697102.00,Taiwan,2025,Medical Specialities,Health Care,/market-activity/stocks/advb,7.08,-20.449,11697102.0,1795847.0,12714596.76
SFST,Southern First Bancshares Inc. Common Stock,$61.72,0.33,0.538%,205740,583572784.00,United States,,Major Banks,Finance,/market-activity/stocks/sfst,61.72,0.538,583572784.0,205740.0,12698272.799999999
IMSR,Terrestrial Energy Inc. Common Stock  ,$5.46,0.60,12.346%,2319218,578406487.00,United States,2024,,,/market-activity/stocks/imsr,5.46,12.346,578406487.0,2319218.0,12662930.28
GSL,Global Ship Lease Inc New Class A Common Shares,$42.05,0.95,2.311%,300306,1510362160.00,United Kingdom,,Marine Transportation,Consumer Discretionary,/market-activity/stocks/gsl,42.05,2.311,1510362160.0,300306.0,12627867.299999999
TIGR,UP Fintech Holding Ltd American Depositary Share representing fifteen Class A Ordinary Shares,$4.81,0.13,2.778%,2620821,859550179.00,China,2019,Investment Bankers/Brokers/Service,Finance,/market-activity/stocks/tigr,4.81,2.778,859550179.0,2620821.0,12606149.01
ALNT,Allient Inc. Common Stock,$89.97,3.36,3.879%,140062,1529176185.00,United States,,Electrical Products,Industrials,/market-activity/stocks/alnt,89.97,3.879,1529176185.0,140062.0,12601378.14
PNTG,The Pennant Group Inc. Common Stock ,$41.47,0.32,0.778%,303098,1441810589.00,United States,,Medical/Nursing Services,Health Care,/market-activity/stocks/pntg,41.47,0.778,1441810589.0,303098.0,12569474.06
SNDA,Sonida Senior Living Inc. Common Stock,$41.44,0.89,2.195%,302503,1962901036.00,United States,,Hospital/Nursing Management,Health Care,/market-activity/stocks/snda,41.44,2.195,1962901036.0,302503.0,12535724.319999998
FIGS,FIGS Inc. Class A Common Stock,$10.27,0.01,0.097%,1219479,1715575288.00,United States,2021,Apparel,Consumer Discretionary,/market-activity/stocks/figs,10.27,0.097,1715575288.0,1219479.0,12524049.33
USPH,U.S. Physical Therapy Inc. Common Stock,$74.74,0.32,0.43%,166820,1137452290.00,United States,1992,Medical/Nursing Services,Health Care,/market-activity/stocks/usph,74.74,0.43,1137452290.0,166820.0,12468126.799999999
INDI,indie Semiconductor Inc. Class A Common Stock,$3.86,0.09,2.387%,3220584,875848429.00,United States,,Semiconductors,Technology,/market-activity/stocks/indi,3.86,2.387,875848429.0,3220584.0,12431454.24
CRSR,Corsair Gaming Inc. Common Stock,$9.88,0.43,4.55%,1258017,1055996245.00,United States,2020,Computer peripheral equipment,Technology,/market-activity/stocks/crsr,9.88,4.55,1055996245.0,1258017.0,12429207.96
MNTN,MNTN Inc. Class A Common Stock,$8.83,0.06,0.684%,1405333,688900362.00,United States,2025,Advertising,Consumer Discretionary,/market-activity/stocks/mntn,8.83,0.684,688900362.0,1405333.0,12409090.39
ARLO,Arlo Technologies Inc. Common Stock,$13.24,0.04,0.303%,934930,1437993977.00,United States,2018,Consumer Electronics/Appliances,Consumer Staples,/market-activity/stocks/arlo,13.24,0.303,1437993977.0,934930.0,12378473.200000001
ZYME,Zymeworks Inc. Common Stock,$24.05,0.29,1.221%,512947,1756204617.00,United States,,Biotechnology: Pharmaceutical Preparations,Health Care,/market-activity/stocks/zyme,24.05,1.221,1756204617.0,512947.0,12336375.35
ITRG,Integra Resources Corp. Common Shares,$2.16,0.10,4.854%,5692118,437989531.00,,,Precious Metals,Basic Materials,/market-activity/stocks/itrg,2.16,4.854,437989531.0,5692118.0,12294974.88
CCCC,C4 Therapeutics Inc. Common Stock,$3.83,0.25,6.983%,3196431,423472460.00,United States,2020,Biotechnology: Biological Products (No Diagnostic Substances),Health Care,/market-activity/stocks/cccc,3.83,6.983,423472460.0,3196431.0,12242330.73
CMP,Compass Minerals Intl Inc Common Stock,$29.91,0.54,1.839%,409164,1254974189.00,United States,2003,Mining & Quarrying of Nonmetallic Minerals (No Fuels),Industrials,/market-activity/stocks/cmp,29.91,1.839,1254974189.0,409164.0,12238095.24
AMPH,Amphastar Pharmaceuticals Inc. Common Stock,$19.59,-0.04,-0.204%,620369,863780283.00,United States,2014,Biotechnology: Pharmaceutical Preparations,Health Care,/market-activity/stocks/amph,19.59,-0.204,863780283.0,620369.0,12153028.709999999
HNRG,Hallador Energy Company Common Stock,$16.61,0.84,5.327%,731258,782835811.00,United States,,Electric Utilities: Central,Utilities,/market-activity/stocks/hnrg,16.61,5.327,782835811.0,731258.0,12146195.379999999
CRNT,Ceragon Networks Ltd. Ordinary Shares,$2.28,0.16,7.547%,5321589,207237625.00,Israel,,Radio And Television Broadcasting And Communications Equipment,Technology,/market-activity/stocks/crnt,2.28,7.547,207237625.0,5321589.0,12133222.919999998
HIFS,Hingham Institution for Savings Common Stock,$295.62,3.99,1.368%,41022,634814388.00,United States,,Banks,Finance,/market-activity/stocks/hifs,295.62,1.368,634814388.0,41022.0,12126923.64
WLFC,Willis Lease Finance Corporation Common Stock,$65.35,2.23,3.533%,185428,1503661676.00,United States,1996,Industrial Specialties,Consumer Discretionary,/market-activity/stocks/wlfc,65.35,3.533,1503661676.0,185428.0,12117719.799999999
BZH,Beazer Homes USA Inc. Common Stock,$32.82,0.31,0.954%,369083,897096137.00,United States,1994,Homebuilding,Consumer Discretionary,/market-activity/stocks/bzh,32.82,0.954,897096137.0,369083.0,12113304.06
VRRM,Verra Mobility Corporation Class A Common Stock,$4.12,0.05,1.229%,2931448,625855410.00,United States,2017,Transportation Services,Consumer Discretionary,/market-activity/stocks/vrrm,4.12,1.229,625855410.0,2931448.0,12077565.76
INBX,Inhibrx Biosciences Inc. Common Stock,$87.61,3.52,4.186%,136876,1285342605.00,United States,,Biotechnology: Biological Products (No Diagnostic Substances),Health Care,/market-activity/stocks/inbx,87.61,4.186,1285342605.0,136876.0,11991706.36
IRMD,iRadimed Corporation Common Stock,$94.97,-2.06,-2.123%,126091,1214004834.00,United States,2014,Medical/Dental Instruments,Health Care,/market-activity/stocks/irmd,94.97,-2.123,1214004834.0,126091.0,11974862.27
XHR,Xenia Hotels & Resorts Inc. Common Stock,$21.43,0.33,1.564%,557479,1976828244.00,United States,2015,Hotels/Resorts,Consumer Discretionary,/market-activity/stocks/xhr,21.43,1.564,1976828244.0,557479.0,11946774.97
DCOM,Dime Commercial Bancshares Inc. Common Stock,$40.18,0.29,0.727%,295971,1763373030.00,United States,,Major Banks,Finance,/market-activity/stocks/dcom,40.18,0.727,1763373030.0,295971.0,11892114.78
ANRO,Alto Neuroscience Inc. Common Stock,$27.07,1.17,4.517%,437455,1052221078.00,United States,2024,Biotechnology: Pharmaceutical Preparations,Health Care,/market-activity/stocks/anro,27.07,4.517,1052221078.0,437455.0,11841906.85
AMPG,Amplitech Group Inc. Common Stock,$6.09,-0.13,-2.09%,1942187,154313286.00,United States,,Telecommunications Equipment,Telecommunications,/market-activity/stocks/ampg,6.09,-2.09,154313286.0,1942187.0,11827918.83
PRME,Prime Medicine Inc. Common Stock,$3.12,0.07,2.295%,3751311,563526447.00,United States,2022,Biotechnology: Biological Products (No Diagnostic Substances),Health Care,/market-activity/stocks/prme,3.12,2.295,563526447.0,3751311.0,11704090.32
ABTC,American Bitcoin Corp. Class A Common Stock,$6.47,0.70,12.132%,1807741,458513029.00,United States,2018,EDP Services,Technology,/market-activity/stocks/abtc,6.47,12.132,458513029.0,1807741.0,11696084.27
HOPE,Hope Bancorp Inc. Common Stock,$13.71,0.13,0.957%,852939,1752671086.00,United States,,Major Banks,Finance,/market-activity/stocks/hope,13.71,0.957,1752671086.0,852939.0,11693793.690000001
EFOR,Everforth Inc. Common Stock,$18.31,-0.04,-0.218%,637686,753543070.00,United States,,Professional Services,Consumer Discretionary,/market-activity/stocks/efor,18.31,-0.218,753543070.0,637686.0,11676030.659999998
JANX,Janux Therapeutics Inc. Common Stock,$16.26,0.21,1.308%,710901,991605596.00,United States,2021,Biotechnology: Pharmaceutical Preparations,Health Care,/market-activity/stocks/janx,16.26,1.308,991605596.0,710901.0,11559250.260000002
AVR,Anteris Technologies Global Corp. Common Stock,$8.49,0.27,3.285%,1357581,826435303.00,United States,2024,Industrial Specialties,Health Care,/market-activity/stocks/avr,8.49,3.285,826435303.0,1357581.0,11525862.69
JBSS,John B. Sanfilippo & Son Inc. Common Stock,$80.36,0.83,1.044%,143268,939374247.00,United States,1991,Specialty Foods,Consumer Staples,/market-activity/stocks/jbss,80.36,1.044,939374247.0,143268.0,11513016.48
EVTC,Evertec Inc. Common Stock,$30.02,-0.66,-2.151%,382250,1849842727.00,Puerto Rico,2013,EDP Services,Technology,/market-activity/stocks/evtc,30.02,-2.151,1849842727.0,382250.0,11475145.0
CTS,CTS Corporation Common Stock,$61.31,2.11,3.564%,186954,1753031312.00,United States,,Electrical Products,Technology,/market-activity/stocks/cts,61.31,3.564,1753031312.0,186954.0,11462149.74
PSUS,Pershing Square USA Ltd. Common Shares,$36.87,0.12,0.327%,310400,964150500.00,,2026,,,/market-activity/stocks/psus,36.87,0.327,964150500.0,310400.0,11444448.0
UROY,Uranium Royalty Corp. Common Stock,$2.905,0.145,5.254%,3926489,425531683.00,Canada,,Investment Bankers/Brokers/Service,Finance,/market-activity/stocks/uroy,2.905,5.254,425531683.0,3926489.0,11406450.545
MLAB,Mesa Laboratories Inc. Common Stock,$97.51,0.84,0.869%,116544,538736022.00,United States,,Industrial Machinery/Components,Industrials,/market-activity/stocks/mlab,97.51,0.869,538736022.0,116544.0,11364205.440000001
FDMT,4D Molecular Therapeutics Inc. Common Stock,$11.375,0.285,2.57%,998545,594642389.00,United States,2020,Biotechnology: Biological Products (No Diagnostic Substances),Health Care,/market-activity/stocks/fdmt,11.375,2.57,594642389.0,998545.0,11358449.375
SECZ,Securitize Corp. Common Stock,$7.54,0.92,13.897%,1503923,1386379634.00,,2026,Finance: Consumer Services,Finance,/market-activity/stocks/secz,7.54,13.897,1386379634.0,1503923.0,11339579.42
TYRA,Tyra Biosciences Inc. Common Stock,$31.85,0.795,2.56%,353208,1894131635.00,United States,2021,Biotechnology: Pharmaceutical Preparations,Health Care,/market-activity/stocks/tyra,31.85,2.56,1894131635.0,353208.0,11249674.8
SXC,SunCoke Energy Inc. Common Stock,$8.61,0.25,2.99%,1303750,730586035.00,United States,2011,Steel/Iron Ore,Industrials,/market-activity/stocks/sxc,8.61,2.99,730586035.0,1303750.0,11225287.5
OSBC,Old Second Bancorp Inc. Common Stock,$23.68,0.08,0.339%,472521,1217918569.00,United States,,Major Banks,Finance,/market-activity/stocks/osbc,23.68,0.339,1217918569.0,472521.0,11189297.28
IMKTA,Ingles Markets Incorporated Class A Common Stock,$89.69,-0.78,-0.862%,123942,1703605583.00,United States,1987,Food Chains,Consumer Staples,/market-activity/stocks/imkta,89.69,-0.862,1703605583.0,123942.0,11116357.98
AVO,Mission Produce Inc. Common Stock,$12.63,-0.41,-3.144%,879981,1115479162.00,United States,2020,Farming/Seeds/Milling,Consumer Staples,/market-activity/stocks/avo,12.63,-3.144,1115479162.0,879981.0,11114160.030000001
FUBO,FuboTV Inc. Class A Common Stock,$9.42,0.00,0.00%,1178424,1021469720.00,United States,2020,Movies/Entertainment,Consumer Discretionary,/market-activity/stocks/fubo,9.42,0.0,1021469720.0,1178424.0,11100754.08
XERS,Xeris Biopharma Holdings Inc. Common Stock,$8.78,0.18,2.093%,1264221,1515797243.00,United States,2018,Biotechnology: Pharmaceutical Preparations,Health Care,/market-activity/stocks/xers,8.78,2.093,1515797243.0,1264221.0,11099860.379999999
TK,Teekay Corporation Ltd. Common Stock,$11.33,0.57,5.297%,978565,983200768.00,Bermuda,,Marine Transportation,Consumer Discretionary,/market-activity/stocks/tk,11.33,5.297,983200768.0,978565.0,11087141.45
MAZE,Maze Therapeutics Inc. Common Stock,$29.30,0.93,3.278%,378267,1621616147.00,United States,2025,Biotechnology: Biological Products (No Diagnostic Substances),Health Care,/market-activity/stocks/maze,29.3,3.278,1621616147.0,378267.0,11083223.1
FET,Forum Energy Technologies Inc. Common Stock,$57.28,4.44,8.403%,192568,647509502.00,United States,2012,Oil and Gas Field Machinery,Consumer Discretionary,/market-activity/stocks/fet,57.28,8.403,647509502.0,192568.0,11030295.040000001
WRD,WeRide Inc. American Depositary Shares,$5.92,-0.03,-0.504%,1856437,1984718332.00,China,2024,EDP Services,Technology,/market-activity/stocks/wrd,5.92,-0.504,1984718332.0,1856437.0,10990107.04
OBE,Obsidian Energy Ltd. Common Shares,$10.01,0.60,6.376%,1088097,676393087.00,Canada,2022,Oil & Gas Production,Energy,/market-activity/stocks/obe,10.01,6.376,676393087.0,1088097.0,10891850.97
SLVM,Sylvamo Corporation Common Stock,$37.44,0.22,0.591%,290740,1487720932.00,United States,2021,Paper,Basic Materials,/market-activity/stocks/slvm,37.44,0.591,1487720932.0,290740.0,10885305.6
ALMU,Aeluma Inc. Common Stock,$16.42,1.81,12.389%,662849,300573601.00,United States,,Semiconductors,Technology,/market-activity/stocks/almu,16.42,12.389,300573601.0,662849.0,10883980.580000002
COLL,Collegium Pharmaceutical Inc. Common Stock,$35.85,0.31,0.872%,301609,1162750977.00,United States,2015,Biotechnology: Pharmaceutical Preparations,Health Care,/market-activity/stocks/coll,35.85,0.872,1162750977.0,301609.0,10812682.65
ZVRA,Zevra Therapeutics Inc. Common Stock,$12.45,0.42,3.491%,867043,735982796.00,United States,,Biotechnology: Pharmaceutical Preparations,Health Care,/market-activity/stocks/zvra,12.45,3.491,735982796.0,867043.0,10794685.35
WD,Walker & Dunlop Inc Common Stock,$48.08,-0.39,-0.805%,224496,1650646067.00,United States,2010,Finance: Consumer Services,Finance,/market-activity/stocks/wd,48.08,-0.805,1650646067.0,224496.0,10793767.68
TILE,Interface Inc. Common Stock,$32.45,0.40,1.248%,331467,1883923430.00,United States,,Home Furnishings,Consumer Discretionary,/market-activity/stocks/tile,32.45,1.248,1883923430.0,331467.0,10756104.15
PHAT,Phathom Pharmaceuticals Inc. Common Stock,$11.25,0.60,5.634%,952291,897254471.00,United States,2019,Biotechnology: Pharmaceutical Preparations,Health Care,/market-activity/stocks/phat,11.25,5.634,897254471.0,952291.0,10713273.75
RDVT,Red Violet Inc. Common Stock ,$66.43,-0.06,-0.09%,160779,937255622.00,United States,,Computer Software: Prepackaged Software,Technology,/market-activity/stocks/rdvt,66.43,-0.09,937255622.0,160779.0,10680548.97
QFIN,Qfin Holdings Inc. American Depositary Shares,$13.25,0.18,1.377%,800890,1613212463.00,China,2018,Finance: Consumer Services,Finance,/market-activity/stocks/qfin,13.25,1.377,1613212463.0,800890.0,10611792.5
BBBY,Bed Bath & Beyond Inc. Common Stock,$5.20,0.19,3.792%,2026404,421920174.00,United States,,Catalog/Specialty Distribution,Consumer Discretionary,/market-activity/stocks/bbby,5.2,3.792,421920174.0,2026404.0,10537300.8
PDEX,Pro-Dex Inc. Common Stock,$56.01,1.35,2.47%,187579,178826432.00,United States,,Medical/Dental Instruments,Health Care,/market-activity/stocks/pdex,56.01,2.47,178826432.0,187579.0,10506299.79
TSHA,Taysha Gene Therapies Inc. Common Stock,$5.67,0.09,1.613%,1851774,1629336983.00,United States,2020,Biotechnology: Biological Products (No Diagnostic Substances),Health Care,/market-activity/stocks/tsha,5.67,1.613,1629336983.0,1851774.0,10499558.58
DRTS,Alpha Tau Medical Ltd. Ordinary Shares,$13.32,-0.15,-1.114%,782404,1172289697.00,Israel,,Medical/Dental Instruments,Health Care,/market-activity/stocks/drts,13.32,-1.114,1172289697.0,782404.0,10421621.28
PACB,Pacific Biosciences of California Inc. Common Stock,$1.40,0.04,2.941%,7436490,434842363.00,United States,2010,Biotechnology: Laboratory Analytical Instruments,Industrials,/market-activity/stocks/pacb,1.4,2.941,434842363.0,7436490.0,10411086.0
EDRY,EuroDry Ltd. Common Shares ,$24.12,1.77,7.919%,431235,69719994.00,Greece,,Marine Transportation,Consumer Discretionary,/market-activity/stocks/edry,24.12,7.919,69719994.0,431235.0,10401388.200000001
QCRH,QCR Holdings Inc. Common Stock,$97.45,-0.30,-0.307%,106348,1608878938.00,United States,,Major Banks,Finance,/market-activity/stocks/qcrh,97.45,-0.307,1608878938.0,106348.0,10363612.6
UVV,Universal Corporation Common Stock,$52.77,-0.51,-0.957%,194840,1315212884.00,United States,,Farming/Seeds/Milling,Industrials,/market-activity/stocks/uvv,52.77,-0.957,1315212884.0,194840.0,10281706.8
NVVE,Nuvve Holding Corp. Common Stock,$7.07,-1.00,-12.392%,1451386,3709827.00,United States,2020,Electrical Products,Industrials,/market-activity/stocks/nvve,7.07,-12.392,3709827.0,1451386.0,10261299.02
ABEO,Abeona Therapeutics Inc. Common Stock,$6.53,0.05,0.772%,1569126,372178290.00,United States,,Biotechnology: Pharmaceutical Preparations,Health Care,/market-activity/stocks/abeo,6.53,0.772,372178290.0,1569126.0,10246392.780000001
HLF,Herbalife Ltd. Common Shares,$12.04,-0.22,-1.794%,848406,1248179769.00,Cayman Islands,2004,Other Pharmaceuticals,Health Care,/market-activity/stocks/hlf,12.04,-1.794,1248179769.0,848406.0,10214808.239999998
SPFI,South Plains Financial Inc. Common Stock,$43.88,-0.35,-0.791%,232556,840115686.00,United States,2019,Major Banks,Finance,/market-activity/stocks/spfi,43.88,-0.791,840115686.0,232556.0,10204557.280000001
MITK,Mitek Systems Inc. Common Stock,$18.44,-0.26,-1.39%,553191,832729212.00,United States,,Computer peripheral equipment,Technology,/market-activity/stocks/mitk,18.44,-1.39,832729212.0,553191.0,10200842.040000001
PRLB,Proto Labs Inc. Common stock,$80.85,3.74,4.85%,125982,1923748538.00,United States,2012,Metal Fabrications,Industrials,/market-activity/stocks/prlb,80.85,4.85,1923748538.0,125982.0,10185644.7
ESP,Espey Mfg. & Electronics Corp. Common Stock,$58.73,2.16,3.818%,173395,175950499.00,United States,1960,Industrial Machinery/Components,Technology,/market-activity/stocks/esp,58.73,3.818,175950499.0,173395.0,10183488.35
ODC,Oil-Dri Corporation Of America Common Stock,$94.61,0.09,0.095%,107329,1370741374.00,United States,,Miscellaneous manufacturing industries,Consumer Discretionary,/market-activity/stocks/odc,94.61,0.095,1370741374.0,107329.0,10154396.69
DNUT,Krispy Kreme Inc. Common Stock,$3.19,-0.01,-0.313%,3166206,549956000.00,United States,2021,Food Chains,Consumer Staples,/market-activity/stocks/dnut,3.19,-0.313,549956000.0,3166206.0,10100197.14
ALOT,AstroNova Inc. Common Stock,$28.83,0.18,0.628%,348789,223368267.00,United States,1983,Computer peripheral equipment,Technology,/market-activity/stocks/alot,28.83,0.628,223368267.0,348789.0,10055586.87
KREF,KKR Real Estate Finance Trust Inc. Common Stock,$7.59,0.33,4.545%,1324302,488040165.00,United States,2017,Real Estate Investment Trusts,Real Estate,/market-activity/stocks/kref,7.59,4.545,488040165.0,1324302.0,10051452.18
ADUR,Aduro Clean Technologies Inc. Common Stock,$14.35,0.95,7.09%,699724,506744836.00,Canada,,Major Chemicals,Industrials,/market-activity/stocks/adur,14.35,7.09,506744836.0,699724.0,10041039.4
ABUS,Arbutus Biopharma Corporation Common Stock,$4.52,0.11,2.494%,2217454,892870449.00,Canada,,Biotechnology: Pharmaceutical Preparations,Health Care,/market-activity/stocks/abus,4.52,2.494,892870449.0,2217454.0,10022892.079999998
ODD,ODDITY Tech Ltd. Class A Ordinary Shares,$16.22,-0.07,-0.43%,617801,918971431.00,Israel,2023,Package Goods/Cosmetics,Consumer Discretionary,/market-activity/stocks/odd,16.22,-0.43,918971431.0,617801.0,10020732.219999999
DIN,Dine Brands Global Inc. Common Stock,$35.34,1.12,3.273%,283428,448294085.00,United States,,Restaurants,Consumer Discretionary,/market-activity/stocks/din,35.34,3.273,448294085.0,283428.0,10016345.520000001
OCGN,Ocugen Inc. Common Stock,$1.30,-0.03,-2.256%,7676990,440078413.00,United States,2014,Biotechnology: Biological Products (No Diagnostic Substances),Health Care,/market-activity/stocks/ocgn,1.3,-2.256,440078413.0,7676990.0,9980087.0
TBLA,Taboola.com Ltd. Ordinary Shares,$5.11,-0.21,-3.947%,1949478,1396687439.00,Israel,,Computer Software: Programming Data Processing,Technology,/market-activity/stocks/tbla,5.11,-3.947,1396687439.0,1949478.0,9961832.58
WMK,Weis Markets Inc. Common Stock,$77.49,-0.61,-0.781%,128227,1917458822.00,United States,,Food Chains,Consumer Staples,/market-activity/stocks/wmk,77.49,-0.781,1917458822.0,128227.0,9936310.229999999
DMC,Del Monte Corporation Ordinary Shares,$28.32,-0.62,-2.142%,348163,1347369567.00,Cayman Islands,,,,/market-activity/stocks/dmc,28.32,-2.142,1347369567.0,348163.0,9859976.16
ASTE,Astec Industries Inc. Common Stock,$55.00,1.11,2.06%,178265,1264594650.00,United States,1986,Construction/Ag Equipment/Trucks,Industrials,/market-activity/stocks/aste,55.0,2.06,1264594650.0,178265.0,9804575.0
FOR,Forestar Group Inc Common Stock ,$27.02,-1.18,-4.184%,362796,1378255966.00,United States,2017,Real Estate,Finance,/market-activity/stocks/for,27.02,-4.184,1378255966.0,362796.0,9802747.92
RBCAA,Republic Bancorp Inc. Class A Common Stock,$91.28,0.45,0.495%,106766,1790706394.00,United States,1998,Major Banks,Finance,/market-activity/stocks/rbcaa,91.28,0.495,1790706394.0,106766.0,9745600.48
INV,Innventure Inc. Common Stock,$3.56,0.43,13.738%,2734695,299199303.00,United States,,Blank Checks,Finance,/market-activity/stocks/inv,3.56,13.738,299199303.0,2734695.0,9735514.2
AVNS,Avanos Medical Inc. Common Stock,$24.98,-0.01,-0.04%,388894,1169683329.00,United States,2014,Industrial Specialties,Health Care,/market-activity/stocks/avns,24.98,-0.04,1169683329.0,388894.0,9714572.120000001
ECVT,Ecovyst Inc. Common Stock,$12.64,0.24,1.935%,767755,1383492038.00,United States,2017,Major Chemicals,Industrials,/market-activity/stocks/ecvt,12.64,1.935,1383492038.0,767755.0,9704423.200000001
OMER,Omeros Corporation Common Stock,$9.53,-0.10,-1.038%,1016611,689737133.00,United States,2009,Biotechnology: Pharmaceutical Preparations,Health Care,/market-activity/stocks/omer,9.53,-1.038,689737133.0,1016611.0,9688302.83
IDT,IDT Corporation Class B Common Stock,$63.35,0.31,0.492%,152747,1575423656.00,United States,,Telecommunications Equipment,Telecommunications,/market-activity/stocks/idt,63.35,0.492,1575423656.0,152747.0,9676522.450000001
PRE,Prenetics Global Limited Class A Ordinary Share,$22.055,1.225,5.881%,437381,378099076.00,Hong Kong,,Blank Checks,Finance,/market-activity/stocks/pre,22.055,5.881,378099076.0,437381.0,9646437.955
KARO,Karooooo Ltd. Ordinary Shares,$64.12,0.35,0.549%,150407,1980878396.00,Singapore,2021,Computer Software: Prepackaged Software,Technology,/market-activity/stocks/karo,64.12,0.549,1980878396.0,150407.0,9644096.84
HQ,Horizon Quantum Holdings Ltd. Class A Ordinary Shares,$16.69,-2.91,-14.847%,576339,860839056.00,Singapore,,EDP Services,Technology,/market-activity/stocks/hq,16.69,-14.847,860839056.0,576339.0,9619097.91
CRVS,Corvus Pharmaceuticals Inc. Common Stock,$14.47,0.37,2.624%,664438,1216788435.00,United States,2016,Biotechnology: Pharmaceutical Preparations,Health Care,/market-activity/stocks/crvs,14.47,2.624,1216788435.0,664438.0,9614417.860000001
HBNC,Horizon Bancorp Inc. Common Stock,$20.41,0.20,0.99%,468397,1047640483.00,United States,,Major Banks,Finance,/market-activity/stocks/hbnc,20.41,0.99,1047640483.0,468397.0,9559982.77
SWBI,Smith & Wesson Brands Inc. Common Stock,$15.19,0.18,1.199%,629197,679404163.00,United States,,Ordnance And Accessories,Industrials,/market-activity/stocks/swbi,15.19,1.199,679404163.0,629197.0,9557502.43
EIG,Employers Holdings Inc Common Stock,$50.54,0.16,0.318%,189042,921997227.00,United States,2007,Property-Casualty Insurers,Finance,/market-activity/stocks/eig,50.54,0.318,921997227.0,189042.0,9554182.68
SBGI,Sinclair Inc. Class A Common Stock,$13.82,-0.28,-1.986%,690008,997328329.00,United States,1995,Broadcasting,Industrials,/market-activity/stocks/sbgi,13.82,-1.986,997328329.0,690008.0,9535910.56
CTRN,Citi Trends Inc. Common Stock,$66.83,1.18,1.797%,142533,556683742.00,United States,2005,Clothing/Shoe/Accessory Stores,Consumer Discretionary,/market-activity/stocks/ctrn,66.83,1.797,556683742.0,142533.0,9525480.39
XPEL,XPEL Inc. Common Stock,$42.87,-0.75,-1.719%,222037,1181539427.00,United States,,Industrial Specialties,Industrials,/market-activity/stocks/xpel,42.87,-1.719,1181539427.0,222037.0,9518726.19
LKFN,Lakeland Financial Corporation Common Stock,$62.11,0.08,0.129%,153194,1547382826.00,United States,,Major Banks,Finance,/market-activity/stocks/lkfn,62.11,0.129,1547382826.0,153194.0,9514879.34
KFRC,Kforce Inc. Common Stock,$57.47,-0.42,-0.726%,165218,1024805040.00,United States,1995,Professional Services,Consumer Discretionary,/market-activity/stocks/kfrc,57.47,-0.726,1024805040.0,165218.0,9495078.459999999
JCAP,Jefferson Capital Inc. Common Stock,$19.31,0.25,1.312%,491600,1070130598.00,United States,2025,Finance Companies,Finance,/market-activity/stocks/jcap,19.31,1.312,1070130598.0,491600.0,9492796.0
STRO,Sutro Biopharma Inc. Common Stock,$23.00,0.41,1.815%,411182,381120097.00,United States,2018,Biotechnology: Biological Products (No Diagnostic Substances),Health Care,/market-activity/stocks/stro,23.0,1.815,381120097.0,411182.0,9457186.0
KELYA,Kelly Services Inc. Class A Common Stock,$15.35,-0.03,-0.195%,613811,532172067.00,United States,,Professional Services,Consumer Discretionary,/market-activity/stocks/kelya,15.35,-0.195,532172067.0,613811.0,9421998.85
MFA,MFA Financial Inc.,$9.32,0.03,0.323%,1008989,946876882.00,United States,,Real Estate Investment Trusts,Real Estate,/market-activity/stocks/mfa,9.32,0.323,946876882.0,1008989.0,9403777.48
GABC,German American Bancorp Inc. Common Stock,$47.99,-0.47,-0.97%,195836,1802711525.00,United States,,Major Banks,Finance,/market-activity/stocks/gabc,47.99,-0.97,1802711525.0,195836.0,9398169.64
AMRC,Ameresco Inc. Class A Common Stock,$23.12,0.57,2.528%,402781,1224236761.00,United States,2010,Engineering & Construction,Consumer Discretionary,/market-activity/stocks/amrc,23.12,2.528,1224236761.0,402781.0,9312296.72
CLB,Core Laboratories Inc. Common Stock,$11.41,0.22,1.966%,813053,525963142.00,Netherlands,2023,Oilfield Services/Equipment,Energy,/market-activity/stocks/clb,11.41,1.966,525963142.0,813053.0,9276934.73
NVGS,Navigator Holdings Ltd. Ordinary Shares (Marshall Islands),$21.46,0.46,2.19%,432210,1400274528.00,Marshall Islands,2013,Marine Transportation,Consumer Discretionary,/market-activity/stocks/nvgs,21.46,2.19,1400274528.0,432210.0,9275226.6
DFIN,Donnelley Financial Solutions Inc. Common Stock ,$49.07,0.04,0.082%,187848,1225885141.00,United States,2016,Other Consumer Services,Consumer Discretionary,/market-activity/stocks/dfin,49.07,0.082,1225885141.0,187848.0,9217701.36
TOI,The Oncology Institute Inc. Common Stock,$5.43,-0.07,-1.273%,1696890,542907326.00,United States,2020,Medical/Nursing Services,Health Care,/market-activity/stocks/toi,5.43,-1.273,542907326.0,1696890.0,9214112.7
FMBH,First Mid Bancshares Inc. Common Stock,$49.31,0.04,0.081%,186732,1312424901.00,United States,,Major Banks,Finance,/market-activity/stocks/fmbh,49.31,0.081,1312424901.0,186732.0,9207754.92
BCAL,California BanCorp Common Stock,$21.22,0.11,0.521%,432215,682537565.00,United States,,Major Banks,Finance,/market-activity/stocks/bcal,21.22,0.521,682537565.0,432215.0,9171602.299999999
NPKI,NPK International Inc. Common Stock,$14.58,0.14,0.97%,627064,1231237785.00,United States,,Oil and Gas Field Machinery,Consumer Discretionary,/market-activity/stocks/npki,14.58,0.97,1231237785.0,627064.0,9142593.12
CARE,Carter Bankshares Inc. Common Stock,$33.29,0.28,0.848%,273388,739770713.00,United States,,Major Banks,Finance,/market-activity/stocks/care,33.29,0.848,739770713.0,273388.0,9101086.52
PGC,Peapack-Gladstone Financial Corporation Common Stock,$46.17,0.02,0.043%,196879,818057512.00,United States,,Commercial Banks,Finance,/market-activity/stocks/pgc,46.17,0.043,818057512.0,196879.0,9089903.43
HLX,Helix Energy Solutions Group Inc. Common Stock,$9.70,0.27,2.863%,933560,1428772092.00,United States,,Oilfield Services/Equipment,Energy,/market-activity/stocks/hlx,9.7,2.863,1428772092.0,933560.0,9055532.0
PSIX,Power Solutions International Inc. Common Stock,$31.78,1.88,6.288%,284753,732543301.00,United States,,Industrial Machinery/Components,Industrials,/market-activity/stocks/psix,31.78,6.288,732543301.0,284753.0,9049450.34
RYAM,Rayonier Advanced Materials Inc. Common Stock,$8.61,0.43,5.257%,1045842,580645907.00,United States,2014,Paper,Basic Materials,/market-activity/stocks/ryam,8.61,5.257,580645907.0,1045842.0,9004699.62
TNC,Tennant Company Common Stock,$86.57,0.78,0.909%,103937,1475057833.00,United States,,Industrial Machinery/Components,Industrials,/market-activity/stocks/tnc,86.57,0.909,1475057833.0,103937.0,8997826.09
RYZ,Ryerson Holding Corporation Common Stock,$29.87,0.80,2.752%,299044,1549916186.00,United States,2014,Metal Fabrications,Industrials,/market-activity/stocks/ryz,29.87,2.752,1549916186.0,299044.0,8932444.280000001
AVLN,Avalyn Pharma Inc. Common Stock,$29.03,0.40,1.397%,307470,1286989748.00,United States,2026,Biotechnology: Pharmaceutical Preparations,Health Care,/market-activity/stocks/avln,29.03,1.397,1286989748.0,307470.0,8925854.1
ZNTL,Zentalis Pharmaceuticals Inc. Common Stock,$5.01,0.00,0.00%,1781443,356643603.00,United States,2020,Biotechnology: Pharmaceutical Preparations,Health Care,/market-activity/stocks/zntl,5.01,0.0,356643603.0,1781443.0,8925029.43
THRM,Gentherm Inc Common Stock,$36.64,1.07,3.008%,242655,1123649506.00,United States,,Auto Parts:O.E.M.,Consumer Discretionary,/market-activity/stocks/thrm,36.64,3.008,1123649506.0,242655.0,8890879.2
CERS,Cerus Corporation Common Stock,$3.12,-0.03,-0.952%,2849611,625151199.00,United States,1997,EDP Services,Technology,/market-activity/stocks/cers,3.12,-0.952,625151199.0,2849611.0,8890786.32
AMTB,Amerant Bancorp Inc. Class A Common Stock,$25.86,0.08,0.31%,340735,994794117.00,United States,,Major Banks,Finance,/market-activity/stocks/amtb,25.86,0.31,994794117.0,340735.0,8811407.1
ICFI,ICF International Inc. Common Stock,$75.00,-2.40,-3.101%,117174,1357813500.00,United States,2006,Professional Services,Consumer Discretionary,/market-activity/stocks/icfi,75.0,-3.101,1357813500.0,117174.0,8788050.0
HOVR,New Horizon Aircraft Ltd. Class A Ordinary Share,$1.99,0.335,20.242%,4396572,132983416.00,United States,2023,Aerospace,Industrials,/market-activity/stocks/hovr,1.99,20.242,132983416.0,4396572.0,8749178.28
ROOT,Root Inc. Class A Common Stock,$59.06,-1.01,-1.681%,147993,934701042.00,United States,2020,Property-Casualty Insurers,Finance,/market-activity/stocks/root,59.06,-1.681,934701042.0,147993.0,8740466.58
CCO,Clear Channel Outdoor Holdings Inc. Common Stock,$2.40,-0.01,-0.415%,3631593,1221560414.00,United States,2005,Advertising,Consumer Discretionary,/market-activity/stocks/cco,2.4,-0.415,1221560414.0,3631593.0,8715823.2
RBB,RBB Bancorp Common Stock,$26.63,-0.11,-0.411%,326849,451002697.00,United States,2017,Major Banks,Finance,/market-activity/stocks/rbb,26.63,-0.411,451002697.0,326849.0,8703988.87
MOV,Movado Group Inc. Common Stock,$37.92,-0.49,-1.276%,228864,842856675.00,United States,,Consumer Specialties,Consumer Discretionary,/market-activity/stocks/mov,37.92,-1.276,842856675.0,228864.0,8678522.88
GENB,Generate Biomedicines Inc. Common Stock,$14.39,0.81,5.965%,603061,1844689845.00,United States,2026,Biotechnology: Pharmaceutical Preparations,Health Care,/market-activity/stocks/genb,14.39,5.965,1844689845.0,603061.0,8678047.790000001
CUB,Lionheart Holdings Class A Ordinary Shares,$10.81,0.00,0.00%,797913,343418307.00,United States,2024,Blank Checks,Finance,/market-activity/stocks/cub,10.81,0.0,343418307.0,797913.0,8625439.530000001
CCBG,Capital City Bank Group Common Stock,$51.83,1.90,3.805%,166145,886366028.00,United States,,Major Banks,Finance,/market-activity/stocks/ccbg,51.83,3.805,886366028.0,166145.0,8611295.35
TMP,Tompkins Financial Corporation Common Stock,$94.33,1.02,1.093%,91019,1356742825.00,United States,1997,Major Banks,Finance,/market-activity/stocks/tmp,94.33,1.093,1356742825.0,91019.0,8585822.27
ANGO,AngioDynamics Inc. Common Stock,$14.22,0.51,3.72%,602546,587746572.00,United States,2004,Medical/Dental Instruments,Health Care,/market-activity/stocks/ango,14.22,3.72,587746572.0,602546.0,8568204.120000001
SMWB,Similarweb Ltd. Ordinary Shares,$6.65,-0.04,-0.598%,1284493,578326906.00,,2021,Computer Software: Programming Data Processing,Technology,/market-activity/stocks/smwb,6.65,-0.598,578326906.0,1284493.0,8541878.450000001
AGPU,Axe Compute Inc. Common Stock,$9.54,0.83,9.529%,894594,108612328.00,United States,,Industrial Specialties,Health Care,/market-activity/stocks/agpu,9.54,9.529,108612328.0,894594.0,8534426.76
URG,Ur Energy Inc Common Shares (Canada),$1.32,0.11,9.091%,6449722,524478046.00,Canada,,Precious Metals,Basic Materials,/market-activity/stocks/urg,1.32,9.091,524478046.0,6449722.0,8513633.040000001
INVX,Innovex International Inc. Common Stock,$26.39,0.85,3.328%,322429,1842560066.00,United States,,Oil and Gas Field Machinery,Consumer Discretionary,/market-activity/stocks/invx,26.39,3.328,1842560066.0,322429.0,8508901.31
CRMD,CorMedix Inc. Common Stock,$8.19,0.41,5.27%,1038444,642520987.00,United States,,Biotechnology: Pharmaceutical Preparations,Health Care,/market-activity/stocks/crmd,8.19,5.27,642520987.0,1038444.0,8504856.36
NPK,National Presto Industries Inc. Common Stock,$122.17,1.34,1.109%,69537,875169315.00,United States,,Ordnance And Accessories,Industrials,/market-activity/stocks/npk,122.17,1.109,875169315.0,69537.0,8495335.290000001
AMAL,Amalgamated Financial Corp. Common Stock (DE),$47.56,0.39,0.827%,178478,1420491023.00,United States,2018,Major Banks,Finance,/market-activity/stocks/amal,47.56,0.827,1420491023.0,178478.0,8488413.68
BBW,Build-A-Bear Workshop Inc. Common Stock,$33.97,-0.06,-0.176%,249824,425896939.00,United States,2004,Recreational Games/Products/Toys,Consumer Discretionary,/market-activity/stocks/bbw,33.97,-0.176,425896939.0,249824.0,8486521.28
OFRM,Once Upon a Farm PBC Common Stock,$16.29,-0.03,-0.184%,519061,682584085.00,,2026,Packaged Foods,Consumer Staples,/market-activity/stocks/ofrm,16.29,-0.184,682584085.0,519061.0,8455503.69
SPT,Sprout Social Inc Class A Common Stock,$8.22,-0.19,-2.259%,1026814,494067522.00,United States,2019,Computer Software: Prepackaged Software,Technology,/market-activity/stocks/spt,8.22,-2.259,494067522.0,1026814.0,8440411.08
DAKT,Daktronics Inc. Common Stock,$19.58,0.12,0.617%,431046,945417246.00,United States,1994,Miscellaneous manufacturing industries,Consumer Discretionary,/market-activity/stocks/dakt,19.58,0.617,945417246.0,431046.0,8439880.68
MRTN,Marten Transport Ltd. Common Stock,$17.63,0.21,1.206%,478611,1438416450.00,United States,1986,Trucking Freight/Courier Services,Industrials,/market-activity/stocks/mrtn,17.63,1.206,1438416450.0,478611.0,8437911.93
LOB,Live Oak Bancshares Inc. Common Stock,$41.67,0.04,0.096%,202041,1927753833.00,United States,2022,Major Banks,Finance,/market-activity/stocks/lob,41.67,0.096,1927753833.0,202041.0,8419048.47
ETD,Ethan Allen Interiors Inc. Common Stock,$22.85,-0.24,-1.039%,368249,581448846.00,United States,,Home Furnishings,Consumer Discretionary,/market-activity/stocks/etd,22.85,-1.039,581448846.0,368249.0,8414489.65
KOP,Koppers Holdings Inc. Common Stock,$51.47,2.27,4.614%,163453,989862084.00,United States,2006,Forest Products,Basic Materials,/market-activity/stocks/kop,51.47,4.614,989862084.0,163453.0,8412925.91
FBRT,Franklin BSP Realty Trust Inc. Common Stock,$7.97,0.08,1.014%,1053319,613395182.00,United States,2021,Real Estate Investment Trusts,Real Estate,/market-activity/stocks/fbrt,7.97,1.014,613395182.0,1053319.0,8394952.43
RES,RPC Inc. Common Stock,$5.92,0.07,1.197%,1415965,1312096575.00,United States,,Oilfield Services/Equipment,Energy,/market-activity/stocks/res,5.92,1.197,1312096575.0,1415965.0,8382512.8
BCAT,BlackRock Capital Allocation Term Trust Common Shares of Beneficial Interest,$15.62,0.16,1.035%,536573,1689068700.00,United States,2020,Finance/Investors Services,Finance,/market-activity/stocks/bcat,15.62,1.035,1689068700.0,536573.0,8381270.26
WVE,Wave Life Sciences Ltd. Ordinary Shares,$5.79,0.06,1.047%,1447303,1114008750.00,Singapore,2015,Biotechnology: Pharmaceutical Preparations,Health Care,/market-activity/stocks/wve,5.79,1.047,1114008750.0,1447303.0,8379884.37
IQ,iQIYI Inc. American Depositary Shares,$1.25,0.02,1.626%,6701100,1206280919.00,China,2018,Consumer Electronics/Video Chains,Consumer Discretionary,/market-activity/stocks/iq,1.25,1.626,1206280919.0,6701100.0,8376375.0
SLDB,Solid Biosciences Inc. Common Stock,$8.46,0.01,0.118%,989861,832883667.00,United States,2018,Biotechnology: Biological Products (No Diagnostic Substances),Health Care,/market-activity/stocks/sldb,8.46,0.118,832883667.0,989861.0,8374224.0600000005
TEN,Tsakos Energy Navigation Ltd Common Shares,$40.21,1.35,3.474%,208049,1211430917.00,Greece,,Marine Transportation,Consumer Discretionary,/market-activity/stocks/ten,40.21,3.474,1211430917.0,208049.0,8365650.29
GEVO,Gevo Inc. Common Stock,$1.73,0.01,0.581%,4825818,421101599.00,United States,2011,Major Chemicals,Industrials,/market-activity/stocks/gevo,1.73,0.581,421101599.0,4825818.0,8348665.14
CCB,Coastal Financial Corporation Common Stock,$77.25,-0.75,-0.962%,107883,1177970418.00,United States,2018,Major Banks,Finance,/market-activity/stocks/ccb,77.25,-0.962,1177970418.0,107883.0,8333961.75
NGNE,Neurogene Inc. Common Stock ,$36.68,-0.66,-1.768%,226645,701167030.00,Canada,2014,Biotechnology: Pharmaceutical Preparations,Health Care,/market-activity/stocks/ngne,36.68,-1.768,701167030.0,226645.0,8313338.6
DOLE,Dole plc Ordinary Shares,$13.97,-0.30,-2.102%,594337,1329370532.00,Ireland,2021,Farming/Seeds/Milling,Consumer Staples,/market-activity/stocks/dole,13.97,-2.102,1329370532.0,594337.0,8302887.890000001
ALLO,Allogene Therapeutics Inc. Common Stock,$1.85,0.08,4.52%,4485064,638535938.00,United States,2018,Biotechnology: Biological Products (No Diagnostic Substances),Health Care,/market-activity/stocks/allo,1.85,4.52,638535938.0,4485064.0,8297368.4
MRLN,Merlin Inc. Common Stock,$3.83,0.25,6.983%,2166379,369687119.00,United States,2024,EDP Services,Technology,/market-activity/stocks/mrln,3.83,6.983,369687119.0,2166379.0,8297231.57
GORO,Goldgroup Mining Inc. Common Shares,$2.58,-0.71,-21.581%,3211483,417657905.00,,2026,Precious Metals,Basic Materials,/market-activity/stocks/goro,2.58,-21.581,417657905.0,3211483.0,8285626.140000001
QMLS,QumulusAI Inc. Common Stock,$6.81,-2.68,-28.24%,1215716,223830610.00,United States,,EDP Services,Technology,/market-activity/stocks/qmls,6.81,-28.24,223830610.0,1215716.0,8279025.96
PYPD,PolyPid Ltd. Ordinary Shares,$3.74,-1.41,-27.379%,2210181,71371303.00,Israel,2020,Biotechnology: Pharmaceutical Preparations,Health Care,/market-activity/stocks/pypd,3.74,-27.379,71371303.0,2210181.0,8266076.94
CTO,CTO Realty Growth Inc. Common Stock,$22.53,0.14,0.625%,366772,761144328.00,United States,1992,Real Estate Investment Trusts,Real Estate,/market-activity/stocks/cto,22.53,0.625,761144328.0,366772.0,8263373.16
FWRG,First Watch Restaurant Group Inc. Common Stock,$12.42,0.19,1.554%,664786,765629472.00,United States,2021,Restaurants,Consumer Discretionary,/market-activity/stocks/fwrg,12.42,1.554,765629472.0,664786.0,8256642.12
NSSC,NAPCO Security Technologies Inc. Common Stock,$36.18,0.13,0.361%,227109,1292615053.00,United States,,Telecommunications Equipment,Telecommunications,/market-activity/stocks/nssc,36.18,0.361,1292615053.0,227109.0,8216803.62
STTK,Shattuck Labs Inc. Common Stock,$7.21,0.39,5.718%,1139127,552866528.00,United States,2020,Biotechnology: Pharmaceutical Preparations,Health Care,/market-activity/stocks/sttk,7.21,5.718,552866528.0,1139127.0,8213105.67
LTBR,Lightbridge Corporation Common Stock,$8.04,0.59,7.919%,1018238,282582370.00,United States,,Professional Services,Consumer Discretionary,/market-activity/stocks/ltbr,8.04,7.919,282582370.0,1018238.0,8186633.52
TRST,TrustCo Bank Corp NY Common Stock,$55.70,0.26,0.469%,146532,973346973.00,United States,,Major Banks,Finance,/market-activity/stocks/trst,55.7,0.469,973346973.0,146532.0,8161832.4
BCAX,Bicara Therapeutics Inc. Common Stock,$28.15,1.00,3.683%,289437,1849563828.00,United States,2024,Biotechnology: Pharmaceutical Preparations,Health Care,/market-activity/stocks/bcax,28.15,3.683,1849563828.0,289437.0,8147651.55
MEC,Mayville Engineering Company Inc. Common Stock,$30.09,0.99,3.402%,270364,616664641.00,United States,2019,Industrial Specialties,Industrials,/market-activity/stocks/mec,30.09,3.402,616664641.0,270364.0,8135252.76
CLPT,ClearPoint Neuro Inc. Common Stock,$15.41,0.36,2.392%,527157,462139166.00,United States,,Medical/Dental Instruments,Health Care,/market-activity/stocks/clpt,15.41,2.392,462139166.0,527157.0,8123489.37
IBCP,Independent Bank Corporation Common Stock,$36.50,0.01,0.027%,222364,810024170.00,United States,,Major Banks,Finance,/market-activity/stocks/ibcp,36.5,0.027,810024170.0,222364.0,8116286.0
CMCO,Columbus McKinnon Corporation Common Stock,$14.79,0.46,3.21%,548565,426431181.00,United States,1996,Construction/Ag Equipment/Trucks,Industrials,/market-activity/stocks/cmco,14.79,3.21,426431181.0,548565.0,8113276.35
GSBC,Great Southern Bancorp Inc. Common Stock,$78.71,0.57,0.729%,102971,857404008.00,United States,1989,Major Banks,Finance,/market-activity/stocks/gsbc,78.71,0.729,857404008.0,102971.0,8104847.409999999
AAT,American Assets Trust Inc. Common Stock,$25.29,0.03,0.119%,320249,1552576771.00,United States,2011,Real Estate Investment Trusts,Real Estate,/market-activity/stocks/aat,25.29,0.119,1552576771.0,320249.0,8099097.21
DLX,Deluxe Corporation Common Stock,$25.84,-0.26,-0.996%,312885,1183060136.00,United States,,Publishing,Consumer Discretionary,/market-activity/stocks/dlx,25.84,-0.996,1183060136.0,312885.0,8084948.4
BIOA,BioAge Labs Inc. Common Stock,$22.65,0.33,1.478%,356752,1006854425.00,United States,2024,Biotechnology: Pharmaceutical Preparations,Health Care,/market-activity/stocks/bioa,22.65,1.478,1006854425.0,356752.0,8080432.8
DEC,Diversified Energy Company Common Stock,$13.31,0.17,1.294%,606994,1021626233.00,United States,2025,,,/market-activity/stocks/dec,13.31,1.294,1021626233.0,606994.0,8079090.140000001
VLRS,Controladora Vuela Compania de Aviacion S.A.B. de C.V. American Depositary Shares each representing ten (10) Ordinary Participation Certificates,$7.98,0.21,2.703%,1010207,927243450.00,,2013,Air Freight/Delivery Services,Consumer Discretionary,/market-activity/stocks/vlrs,7.98,2.703,927243450.0,1010207.0,8061451.86
GOOS,Canada Goose Holdings Inc. Subordinate Voting Shares,$9.74,0.01,0.103%,826991,951224958.00,,2017,Apparel,Consumer Discretionary,/market-activity/stocks/goos,9.74,0.103,951224958.0,826991.0,8054892.34
DFH,Dream Finders Homes Inc. Class A Common Stock,$15.24,0.36,2.419%,528167,1394999984.00,United States,2022,Homebuilding,Consumer Discretionary,/market-activity/stocks/dfh,15.24,2.419,1394999984.0,528167.0,8049265.08
NABL,N-able Inc. Common Stock,$4.69,-0.21,-4.286%,1709204,883494180.00,United States,2021,Computer Software: Prepackaged Software,Technology,/market-activity/stocks/nabl,4.69,-4.286,883494180.0,1709204.0,8016166.760000001
MEI,Methode Electronics Inc. Common Stock,$16.53,1.41,9.325%,484674,586348953.00,United States,,Electrical Products,Technology,/market-activity/stocks/mei,16.53,9.325,586348953.0,484674.0,8011661.220000001
CSTL,Castle Biosciences Inc. Common Stock,$24.51,0.615,2.574%,326209,743387124.00,United States,2019,Medical Specialities,Health Care,/market-activity/stocks/cstl,24.51,2.574,743387124.0,326209.0,7995382.590000001
BGS,B&G Foods Inc. Common Stock,$3.65,0.04,1.108%,2189549,296259554.00,United States,,Packaged Foods,Consumer Staples,/market-activity/stocks/bgs,3.65,1.108,296259554.0,2189549.0,7991853.85
TSSI,TSS Inc. Common Stock,$9.81,0.73,8.04%,813808,275405508.00,United States,,Professional Services,Consumer Discretionary,/market-activity/stocks/tssi,9.81,8.04,275405508.0,813808.0,7983456.48
RXST,RxSight Inc. Common Stock,$5.25,-0.36,-6.417%,1519332,217332197.00,United States,2021,Ophthalmic Goods,Health Care,/market-activity/stocks/rxst,5.25,-6.417,217332197.0,1519332.0,7976493.0
UVSP,Univest Financial Corporation Common Stock,$44.42,0.36,0.817%,179183,1236910525.00,United States,,Major Banks,Finance,/market-activity/stocks/uvsp,44.42,0.817,1236910525.0,179183.0,7959308.86
IBTA,Ibotta Inc. Class A Common Stock,$29.05,-3.25,-10.062%,273954,676137849.00,United States,2024,Advertising,Consumer Discretionary,/market-activity/stocks/ibta,29.05,-10.062,676137849.0,273954.0,7958363.7
JACK,Jack In The Box Inc. Common Stock,$14.81,0.11,0.748%,532642,282480253.00,United States,,Restaurants,Consumer Discretionary,/market-activity/stocks/jack,14.81,0.748,282480253.0,532642.0,7888428.0200000005
FLOC,Flowco Holdings Inc. Class A Common Stock,$20.20,0.26,1.304%,390399,1824977403.00,United States,2025,Oil and Gas Field Machinery,Consumer Discretionary,/market-activity/stocks/floc,20.2,1.304,1824977403.0,390399.0,7886059.8
QMCO,Quantum Corporation Common Stock,$11.46,0.47,4.277%,687661,451231770.00,United States,,Electronic Components,Technology,/market-activity/stocks/qmco,11.46,4.277,451231770.0,687661.0,7880595.0600000005
WB,Weibo Corporation American Depositary Share,$8.00,0.00,0.00%,982107,1965380576.00,China,2014,Computer Software: Programming Data Processing,Technology,/market-activity/stocks/wb,8.0,0.0,1965380576.0,982107.0,7856856.0
HAFC,Hanmi Financial Corporation Common Stock,$32.47,0.28,0.87%,241507,966516144.00,United States,,Major Banks,Finance,/market-activity/stocks/hafc,32.47,0.87,966516144.0,241507.0,7841732.29
CRNC,Cerence Inc. Common Stock,$9.21,0.61,7.093%,847170,416179721.00,United States,,Computer Software: Prepackaged Software,Technology,/market-activity/stocks/crnc,9.21,7.093,416179721.0,847170.0,7802435.700000001
HPP,Hudson Pacific Properties Inc. Common Stock,$14.57,-0.18,-1.22%,533902,790306290.00,United States,2010,Real Estate,Finance,/market-activity/stocks/hpp,14.57,-1.22,790306290.0,533902.0,7778952.140000001
ARHS,Arhaus Inc. Class A Common Stock,$7.54,0.06,0.802%,1031388,1067212083.00,United States,2021,Other Specialty Stores,Consumer Discretionary,/market-activity/stocks/arhs,7.54,0.802,1067212083.0,1031388.0,7776665.5200000005
MYE,Myers Industries Inc. Common Stock,$30.81,0.54,1.784%,251381,1157141091.00,United States,1983,Plastic Products,Industrials,/market-activity/stocks/mye,30.81,1.784,1157141091.0,251381.0,7745048.609999999
BTGO,BitGo Holdings Inc. Class A Common Stock,$5.65,0.59,11.66%,1369156,655170661.00,United States,2026,Finance: Consumer Services,Finance,/market-activity/stocks/btgo,5.65,11.66,655170661.0,1369156.0,7735731.4
CGEM,Cullinan Therapeutics Inc. Common Stock,$18.06,0.56,3.20%,428059,1109932311.00,United States,2021,Biotechnology: Biological Products (No Diagnostic Substances),Health Care,/market-activity/stocks/cgem,18.06,3.2,1109932311.0,428059.0,7730745.539999999
ACRS,Aclaris Therapeutics Inc. Common Stock,$5.69,0.12,2.154%,1358439,794686339.00,United States,2015,Biotechnology: Pharmaceutical Preparations,Health Care,/market-activity/stocks/acrs,5.69,2.154,794686339.0,1358439.0,7729517.91
WS,Worthington Steel Inc. Common Shares,$35.81,0.57,1.617%,214517,1819374964.00,United States,2023,Steel/Iron Ore,Industrials,/market-activity/stocks/ws,35.81,1.617,1819374964.0,214517.0,7681853.7700000005
RWT,Redwood Trust Inc. Common Stock,$5.03,0.03,0.60%,1526104,629835157.00,United States,1995,Real Estate Investment Trusts,Real Estate,/market-activity/stocks/rwt,5.03,0.6,629835157.0,1526104.0,7676303.12
SB,Safe Bulkers Inc Common Stock ($0.001 par value),$7.45,0.29,4.05%,1029213,761723626.00,Monaco,2008,Marine Transportation,Consumer Discretionary,/market-activity/stocks/sb,7.45,4.05,761723626.0,1029213.0,7667636.850000001
ADV,Advantage Solutions Inc. Class A Common Stock,$37.05,-2.05,-5.243%,206910,492590124.00,United States,2019,Business Services,Consumer Discretionary,/market-activity/stocks/adv,37.05,-5.243,492590124.0,206910.0,7666015.499999999
OBK,Origin Bancorp Inc. Common Stock,$51.80,0.04,0.077%,147977,1600832017.00,United States,,Major Banks,Finance,/market-activity/stocks/obk,51.8,0.077,1600832017.0,147977.0,7665208.6
PAYS,Paysign Inc. Common Stock,$8.98,0.10,1.126%,852411,502033842.00,United States,,EDP Services,Technology,/market-activity/stocks/pays,8.98,1.126,502033842.0,852411.0,7654650.78
EGBN,Eagle Bancorp Inc. Common Stock,$27.26,0.34,1.263%,280508,831310492.00,United States,,Major Banks,Finance,/market-activity/stocks/egbn,27.26,1.263,831310492.0,280508.0,7646648.08
LPRO,Open Lending Corporation Common Stock,$3.14,0.00,0.00%,2424689,371201637.00,United States,,Finance: Consumer Services,Finance,/market-activity/stocks/lpro,3.14,0.0,371201637.0,2424689.0,7613523.46
CDRE,Cadre Holdings Inc. Common Stock,$29.15,-0.02,-0.069%,260584,1247545697.00,United States,2021,Industrial Specialties,Health Care,/market-activity/stocks/cdre,29.15,-0.069,1247545697.0,260584.0,7596023.6
CVLG,Covenant Logistics Group Inc. Class A Common Stock,$49.88,1.39,2.867%,151691,1255528931.00,United States,,Trucking Freight/Courier Services,Industrials,/market-activity/stocks/cvlg,49.88,2.867,1255528931.0,151691.0,7566347.08
LADR,Ladder Capital Corp Class A Common Stock,$9.85,0.01,0.102%,766167,1257530627.00,United States,2014,Real Estate Investment Trusts,Real Estate,/market-activity/stocks/ladr,9.85,0.102,1257530627.0,766167.0,7546744.95
OSPN,OneSpan Inc. Common Stock,$15.42,-0.09,-0.58%,488438,571663347.00,United States,,EDP Services,Technology,/market-activity/stocks/ospn,15.42,-0.58,571663347.0,488438.0,7531713.96
MTUS,Metallus Inc. Common Shares,$19.97,0.84,4.391%,377129,831307286.00,United States,2014,Steel/Iron Ore,Industrials,/market-activity/stocks/mtus,19.97,4.391,831307286.0,377129.0,7531266.13
FTK,Flotek Industries Inc. Common Stock,$27.28,1.66,6.479%,275603,986921736.00,United States,,Major Chemicals,Industrials,/market-activity/stocks/ftk,27.28,6.479,986921736.0,275603.0,7518449.84
PFLT,PennantPark Floating Rate Capital Ltd. Common Stock,$7.15,0.09,1.275%,1049200,709407956.00,United States,2022,Finance: Consumer Services,Finance,/market-activity/stocks/pflt,7.15,1.275,709407956.0,1049200.0,7501780.0
LILAK,Liberty Latin America Ltd. Class C Common Stock,$7.24,-0.07,-0.958%,1035011,1603949441.00,United States,,Cable & Other Pay Television Services,Telecommunications,/market-activity/stocks/lilak,7.24,-0.958,1603949441.0,1035011.0,7493479.640000001
CSR,D/B/A Centerspace Common Stock,$55.58,-0.29,-0.519%,134530,933919021.00,United States,,Real Estate Investment Trusts,Real Estate,/market-activity/stocks/csr,55.58,-0.519,933919021.0,134530.0,7477177.399999999
PRSU,Pursuit Attractions and Hospitality Inc. Common Stock,$52.37,0.45,0.867%,142395,1430669321.00,United States,,Business Services,Consumer Discretionary,/market-activity/stocks/prsu,52.37,0.867,1430669321.0,142395.0,7457226.149999999
SIBN,SI-BONE Inc. Common Stock,$17.04,-0.08,-0.467%,436911,755711782.00,United States,2018,Medical/Dental Instruments,Health Care,/market-activity/stocks/sibn,17.04,-0.467,755711782.0,436911.0,7444963.4399999995
SAFT,Safety Insurance Group Inc. Common Stock,$73.43,-0.42,-0.569%,101298,1078204559.00,United States,2002,Property-Casualty Insurers,Finance,/market-activity/stocks/saft,73.43,-0.569,1078204559.0,101298.0,7438312.140000001
KPTI,Karyopharm Therapeutics Inc. Common Stock,$7.865,0.395,5.288%,943126,178244047.00,United States,2013,Biotechnology: Pharmaceutical Preparations,Health Care,/market-activity/stocks/kpti,7.865,5.288,178244047.0,943126.0,7417685.99
GERN,Geron Corporation Common Stock,$1.44,0.00,0.00%,5140846,923790203.00,United States,1996,Biotechnology: Pharmaceutical Preparations,Health Care,/market-activity/stocks/gern,1.44,0.0,923790203.0,5140846.0,7402818.239999999
BKKT,Bakkt Inc. Class A Common Stock,$8.32,0.47,5.987%,886610,371174577.00,United States,,Finance: Consumer Services,Finance,/market-activity/stocks/bkkt,8.32,5.987,371174577.0,886610.0,7376595.2
HYLN,Hyliion Holdings Corp. Class A Common Stock,$3.88,0.33,9.296%,1898250,691909691.00,United States,2019,Construction/Ag Equipment/Trucks,Consumer Discretionary,/market-activity/stocks/hyln,3.88,9.296,691909691.0,1898250.0,7365210.0
PAX,Patria Investments Limited Class A Common Shares,$11.14,0.05,0.451%,661046,1797927456.00,Cayman Islands,2021,Investment Managers,Finance,/market-activity/stocks/pax,11.14,0.451,1797927456.0,661046.0,7364052.44
NB,NioCorp Developments Ltd. Common Stock,$4.455,0.195,4.577%,1652692,648590299.00,United States,,Metal Mining,Basic Materials,/market-activity/stocks/nb,4.455,4.577,648590299.0,1652692.0,7362742.86
GDYN,Grid Dynamics Holdings Inc. Class A Common Stock,$5.86,0.13,2.269%,1254245,490048676.00,United States,2018,Computer Software: Prepackaged Software,Technology,/market-activity/stocks/gdyn,5.86,2.269,490048676.0,1254245.0,7349875.7
FSUN,FirstSun Capital Bancorp Common Stock,$34.21,-0.86,-2.452%,213331,1598862678.00,United States,,Major Banks,Finance,/market-activity/stocks/fsun,34.21,-2.452,1598862678.0,213331.0,7298053.51
RDWR,Radware Ltd. Ordinary Shares,$30.01,-0.41,-1.348%,242997,1269632170.00,Israel,1999,Business Services,Consumer Discretionary,/market-activity/stocks/rdwr,30.01,-1.348,1269632170.0,242997.0,7292339.970000001
CABA,Cabaletta Bio Inc. Common Stock,$2.82,0.07,2.545%,2584966,459814525.00,United States,2019,Biotechnology: Biological Products (No Diagnostic Substances),Health Care,/market-activity/stocks/caba,2.82,2.545,459814525.0,2584966.0,7289604.119999999
SEPN,Septerna Inc. Common Stock,$33.68,1.47,4.564%,215421,1518143951.00,United States,2024,Biotechnology: Pharmaceutical Preparations,Health Care,/market-activity/stocks/sepn,33.68,4.564,1518143951.0,215421.0,7255379.28
AQST,Aquestive Therapeutics Inc. Common Stock,$4.04,0.095,2.408%,1795849,506886632.00,United States,2018,Biotechnology: Pharmaceutical Preparations,Health Care,/market-activity/stocks/aqst,4.04,2.408,506886632.0,1795849.0,7255229.96
CTGO,Contango Silver & Gold Inc. Common Stock,$16.08,0.78,5.098%,451172,494801073.00,United States,2021,Precious Metals,Basic Materials,/market-activity/stocks/ctgo,16.08,5.098,494801073.0,451172.0,7254845.759999999
TDUP,ThredUp Inc. Class A Common Stock,$6.43,-0.16,-2.428%,1127079,829732640.00,United States,2021,Catalog/Specialty Distribution,Consumer Discretionary,/market-activity/stocks/tdup,6.43,-2.428,829732640.0,1127079.0,7247117.97
TTI,Tetra Technologies Inc. Common Stock,$9.10,0.23,2.593%,793822,1232048873.00,United States,,Oil & Gas Production,Energy,/market-activity/stocks/tti,9.1,2.593,1232048873.0,793822.0,7223780.199999999
RZLT,Rezolute Inc. Common Stock (NV),$5.09,0.64,14.382%,1416032,490127965.00,United States,,Biotechnology: Pharmaceutical Preparations,Health Care,/market-activity/stocks/rzlt,5.09,14.382,490127965.0,1416032.0,7207602.88
UMH,UMH Properties Inc. Common Stock,$15.49,-0.11,-0.705%,462718,1319224361.00,United States,1994,Real Estate Investment Trusts,Real Estate,/market-activity/stocks/umh,15.49,-0.705,1319224361.0,462718.0,7167501.82
EH,EHang Holdings Limited ADS,$5.32,0.10,1.916%,1346740,382959445.00,China,2019,Aerospace,Industrials,/market-activity/stocks/eh,5.32,1.916,382959445.0,1346740.0,7164656.800000001
BXBL,BOXABL Inc. Common stock,$8.01,-1.81,-18.432%,893863,1928618419.00,United States,2025,Homebuilding,Consumer Discretionary,/market-activity/stocks/bxbl,8.01,-18.432,1928618419.0,893863.0,7159842.63
REX,REX American Resources Corporation,$46.96,0.80,1.733%,152435,1546755237.00,United States,,Major Chemicals,Industrials,/market-activity/stocks/rex,46.96,1.733,1546755237.0,152435.0,7158347.600000001
SCSC,ScanSource Inc. Common Stock,$55.51,1.27,2.341%,128651,1128214605.00,United States,,Retail: Computer Software & Peripheral Equipment,Technology,/market-activity/stocks/scsc,55.51,2.341,1128214605.0,128651.0,7141417.01
MATW,Matthews International Corporation Class A Common Stock,$27.49,0.37,1.364%,259044,857755021.00,United States,1994,Metal Fabrications,Telecommunications,/market-activity/stocks/matw,27.49,1.364,857755021.0,259044.0,7121119.56
CFFN,Capitol Federal Financial Inc. Common Stock,$8.60,0.04,0.467%,827516,1090220512.00,United States,,Savings Institutions,Finance,/market-activity/stocks/cffn,8.6,0.467,1090220512.0,827516.0,7116637.6
TSLX,Sixth Street Specialty Lending Inc. Common Stock,$17.13,0.05,0.293%,414611,1627685748.00,,2014,Investment Managers,Finance,/market-activity/stocks/tslx,17.13,0.293,1627685748.0,414611.0,7102286.43
OOMA,Ooma Inc. Common Stock,$20.91,-0.06,-0.286%,338952,575025000.00,United States,2015,EDP Services,Technology,/market-activity/stocks/ooma,20.91,-0.286,575025000.0,338952.0,7087486.32
CLVT,Clarivate Plc Ordinary Shares,$2.25,-0.08,-3.433%,3144769,1438237148.00,United Kingdom,2019,EDP Services,Technology,/market-activity/stocks/clvt,2.25,-3.433,1438237148.0,3144769.0,7075730.25
NVRI,Enviri Corporation Common Stock,$21.87,-0.21,-0.951%,322957,1808771516.00,,2026,Environmental Services,Utilities,/market-activity/stocks/nvri,21.87,-0.951,1808771516.0,322957.0,7063069.590000001
LXU,LSB Industries Inc. Common Stock,$11.55,0.21,1.852%,611172,830893660.00,United States,2003,Major Chemicals,Basic Materials,/market-activity/stocks/lxu,11.55,1.852,830893660.0,611172.0,7059036.600000001
SCL,Stepan Company Common Stock,$58.60,0.89,1.542%,120196,1331000728.00,United States,,Package Goods/Cosmetics,Consumer Discretionary,/market-activity/stocks/scl,58.6,1.542,1331000728.0,120196.0,7043485.600000001
APOG,Apogee Enterprises Inc. Common Stock,$39.12,-0.30,-0.761%,179839,816367661.00,United States,,Auto Parts:O.E.M.,Consumer Discretionary,/market-activity/stocks/apog,39.12,-0.761,816367661.0,179839.0,7035301.68
RPT,Rithm Property Trust Inc. Common stock,$12.27,1.64,15.428%,572831,95369360.00,United States,2015,Real Estate Investment Trusts,Real Estate,/market-activity/stocks/rpt,12.27,15.428,95369360.0,572831.0,7028636.37
SRTA,Strata Critical Medical Inc. Class A Common Stock,$5.16,0.10,1.976%,1362053,446477101.00,United States,2019,Transportation Services,Consumer Discretionary,/market-activity/stocks/srta,5.16,1.976,446477101.0,1362053.0,7028193.48
PAR,PAR Technology Corporation Common Stock,$15.96,-0.42,-2.564%,440107,658289336.00,United States,,Office Equipment/Supplies/Services,Miscellaneous,/market-activity/stocks/par,15.96,-2.564,658289336.0,440107.0,7024107.720000001
FLNG,FLEX LNG Ltd. Ordinary Shares,$31.30,0.74,2.421%,224345,1693091369.00,,2019,Marine Transportation,Consumer Discretionary,/market-activity/stocks/flng,31.3,2.421,1693091369.0,224345.0,7021998.5
IPX,IperionX Limited American Depositary Share,$23.95,1.45,6.444%,292633,812824848.00,United States,,Other Metals and Minerals,Basic Materials,/market-activity/stocks/ipx,23.95,6.444,812824848.0,292633.0,7008560.35
SSTK,Shutterstock Inc. Common Stock,$7.27,-0.41,-5.339%,958150,267085362.00,United States,2012,EDP Services,Technology,/market-activity/stocks/sstk,7.27,-5.339,267085362.0,958150.0,6965750.5
GEMI,Gemini Space Station Inc. Class A Common Stock,$4.77,0.27,6.00%,1458663,569012980.00,United States,2025,Investment Bankers/Brokers/Service,Finance,/market-activity/stocks/gemi,4.77,6.0,569012980.0,1458663.0,6957822.51
ALRS,Alerus Financial Corporation Common Stock,$32.40,0.30,0.935%,214281,814168130.00,United States,2019,Major Banks,Finance,/market-activity/stocks/alrs,32.4,0.935,814168130.0,214281.0,6942704.399999999
DUOT,Duos Technologies Group Inc. Common Stock,$8.46,0.28,3.423%,819603,248835638.00,United States,,Computer Software: Prepackaged Software,Technology,/market-activity/stocks/duot,8.46,3.423,248835638.0,819603.0,6933841.380000001
AGRO,Adecoagro S.A. Common Shares,$10.78,0.17,1.602%,641579,1555645263.00,Luxembourg,2011,Farming/Seeds/Milling,Consumer Staples,/market-activity/stocks/agro,10.78,1.602,1555645263.0,641579.0,6916221.619999999
SRXH,SRX Global Inc. Common Stock,$2.02,-0.15,-6.912%,3410091,39426025.00,,2021,Beverages (Production/Distribution),Consumer Staples,/market-activity/stocks/srxh,2.02,-6.912,39426025.0,3410091.0,6888383.82
BBSI,Barrett Business Services Inc. Common Stock,$39.77,-0.28,-0.699%,172324,976737241.00,United States,1993,Professional Services,Consumer Discretionary,/market-activity/stocks/bbsi,39.77,-0.699,976737241.0,172324.0,6853325.48
FSBC,Five Star Bancorp Common Stock,$49.33,0.29,0.591%,138628,1054485627.00,United States,2021,Major Banks,Finance,/market-activity/stocks/fsbc,49.33,0.591,1054485627.0,138628.0,6838519.24
XRX,Xerox Holdings Corporation Common Stock,$2.74,0.13,4.981%,2494162,358326933.00,United States,,Computer peripheral equipment,Technology,/market-activity/stocks/xrx,2.74,4.981,358326933.0,2494162.0,6834003.880000001
GLIBK,Liberty Capital Corporation Series C GCI Group Common Stock,$22.04,0.39,1.801%,310055,879506068.00,United States,,Cable & Other Pay Television Services,Telecommunications,/market-activity/stocks/glibk,22.04,1.801,879506068.0,310055.0,6833612.2
DEA,Easterly Government Properties Inc. Common Stock,$25.28,0.09,0.357%,269996,1174240175.00,United States,2015,Real Estate Investment Trusts,Real Estate,/market-activity/stocks/dea,25.28,0.357,1174240175.0,269996.0,6825498.88
DBVT,DBV Technologies S.A. American Depositary Shares,$14.22,-0.35,-2.402%,478942,841998892.00,France,2014,Biotechnology: Biological Products (No Diagnostic Substances),Health Care,/market-activity/stocks/dbvt,14.22,-2.402,841998892.0,478942.0,6810555.24
MAMA,Mama's Creations Inc. Common Stock,$16.89,0.06,0.357%,402685,691505904.00,United States,,Specialty Foods,Consumer Staples,/market-activity/stocks/mama,16.89,0.357,691505904.0,402685.0,6801349.65
HLMN,Hillman Solutions Corp. Common Stock,$7.92,-0.16,-1.98%,857927,1553980080.00,United States,2020,Industrial Machinery/Components,Consumer Discretionary,/market-activity/stocks/hlmn,7.92,-1.98,1553980080.0,857927.0,6794781.84
DQ,DAQO New Energy Corp. American Depositary Shares each representing five ordinary shares,$11.86,-0.43,-3.499%,570658,802520385.00,China,2010,Semiconductors,Technology,/market-activity/stocks/dq,11.86,-3.499,802520385.0,570658.0,6768003.88
ALX,Alexander's Inc. Common Stock,$286.10,4.59,1.63%,23642,1461195669.00,United States,,Real Estate Investment Trusts,Real Estate,/market-activity/stocks/alx,286.1,1.63,1461195669.0,23642.0,6763976.2
KMTS,Kestra Medical Technologies Ltd. Common Stock,$22.24,-1.00,-4.303%,303126,1303319533.00,United States,2025,Medical/Dental Instruments,Health Care,/market-activity/stocks/kmts,22.24,-4.303,1303319533.0,303126.0,6741522.239999999
MSEX,Middlesex Water Company Common Stock,$56.01,-0.78,-1.373%,119479,1043148667.00,United States,,Water Supply,Utilities,/market-activity/stocks/msex,56.01,-1.373,1043148667.0,119479.0,6692018.79
ARCO,Arcos Dorados Holdings Inc. Class A Shares,$8.26,0.09,1.102%,809692,1740076851.00,Argentina,2011,Restaurants,Consumer Discretionary,/market-activity/stocks/arco,8.26,1.102,1740076851.0,809692.0,6688055.92
EVLV,Evolv Technologies Holdings Inc. Class A Common Stock,$5.63,0.04,0.716%,1184954,1012676038.00,United States,2020,Computer peripheral equipment,Technology,/market-activity/stocks/evlv,5.63,0.716,1012676038.0,1184954.0,6671291.02
SMJF,SMJ International Holdings Inc. Class A Ordinary Shares,$5.38,0.22,4.264%,1236731,134500000.00,,2025,RETAIL: Building Materials,Consumer Discretionary,/market-activity/stocks/smjf,5.38,4.264,134500000.0,1236731.0,6653612.78
SANA,Sana Biotechnology Inc. Common Stock,$3.16,0.02,0.637%,2100006,879401424.00,United States,2021,Biotechnology: Biological Products (No Diagnostic Substances),Health Care,/market-activity/stocks/sana,3.16,0.637,879401424.0,2100006.0,6636018.96
BUR,Burford Capital Limited Ordinary Shares,$4.10,0.08,1.99%,1617070,897127523.00,,2020,Finance: Consumer Services,Finance,/market-activity/stocks/bur,4.1,1.99,897127523.0,1617070.0,6629986.999999999
LQDT,Liquidity Services Inc. Common Stock,$38.83,0.06,0.155%,170682,1210767200.00,United States,2006,Business Services,Consumer Discretionary,/market-activity/stocks/lqdt,38.83,0.155,1210767200.0,170682.0,6627582.06
REPX,Riley Exploration Permian Inc. Common Stock,$35.24,0.24,0.686%,187796,764565172.00,United States,1999,Oil & Gas Production,Energy,/market-activity/stocks/repx,35.24,0.686,764565172.0,187796.0,6617931.04
THFF,First Financial Corporation Common Stock,$77.11,0.74,0.969%,85783,916984101.00,United States,,Major Banks,Finance,/market-activity/stocks/thff,77.11,0.969,916984101.0,85783.0,6614727.13
NX,Quanex Building Products Corporation Common Stock,$18.16,0.50,2.831%,364190,834051844.00,United States,,Metal Fabrications,Industrials,/market-activity/stocks/nx,18.16,2.831,834051844.0,364190.0,6613690.4
SLDP,Solid Power Inc. Class A Common Stock,$2.36,0.05,2.165%,2799285,530961513.00,United States,2021,Industrial Machinery/Components,Miscellaneous,/market-activity/stocks/sldp,2.36,2.165,530961513.0,2799285.0,6606312.6
KYTX,Kyverna Therapeutics Inc. Common Stock,$7.48,0.24,3.315%,882583,454748186.00,United States,2024,Biotechnology: Biological Products (No Diagnostic Substances),Health Care,/market-activity/stocks/kytx,7.48,3.315,454748186.0,882583.0,6601720.840000001
UVE,UNIVERSAL INSURANCE HOLDINGS INC Common Stock,$38.39,-0.78,-1.991%,170578,1071507820.00,United States,,Property-Casualty Insurers,Finance,/market-activity/stocks/uve,38.39,-1.991,1071507820.0,170578.0,6548489.42
STRT,STRATTEC SECURITY CORPORATION Common Stock,$84.90,3.41,4.185%,76544,354780035.00,United States,,Auto Parts:O.E.M.,Consumer Discretionary,/market-activity/stocks/strt,84.9,4.185,354780035.0,76544.0,6498585.600000001
ASYS,Amtech Systems Inc. Common Stock,$17.98,1.66,10.172%,360517,261739751.00,United States,,Industrial Machinery/Components,Technology,/market-activity/stocks/asys,17.98,10.172,261739751.0,360517.0,6482095.66
TRUP,Trupanion Inc. Common Stock,$25.85,-0.89,-3.328%,250191,1127589201.00,United States,,Medical Specialities,Health Care,/market-activity/stocks/trup,25.85,-3.328,1127589201.0,250191.0,6467437.350000001
UNCY,Unicycive Therapeutics Inc. Common Stock,$5.69,0.24,4.404%,1136158,155866324.00,United States,2021,Biotechnology: Pharmaceutical Preparations,Health Care,/market-activity/stocks/uncy,5.69,4.404,155866324.0,1136158.0,6464739.0200000005
ILPT,Industrial Logistics Properties Trust Common Shares of Beneficial Interest,$9.20,0.62,7.226%,696309,613322333.00,United States,2018,Real Estate Investment Trusts,Real Estate,/market-activity/stocks/ilpt,9.2,7.226,613322333.0,696309.0,6406042.8
CCNE,CNB Financial Corporation Common Stock,$34.38,0.34,0.999%,185407,1018645467.00,United States,,Major Banks,Finance,/market-activity/stocks/ccne,34.38,0.999,1018645467.0,185407.0,6374292.66
ISTR,Investar Holding Corporation Common Stock,$29.86,0.27,0.912%,213109,411876448.00,United States,2014,Major Banks,Finance,/market-activity/stocks/istr,29.86,0.912,411876448.0,213109.0,6363434.74
ELMT,The Elmet Group Co. Common Stock,$15.66,1.27,8.826%,404685,469484655.00,United States,2026,Metal Fabrications,Industrials,/market-activity/stocks/elmt,15.66,8.826,469484655.0,404685.0,6337367.1
CABO,Cable One Inc. Common Stock,$37.63,-1.80,-4.565%,168029,213469458.00,United States,2015,Cable & Other Pay Television Services,Telecommunications,/market-activity/stocks/cabo,37.63,-4.565,213469458.0,168029.0,6322931.2700000005
WLTH,Wealthfront Corporation Common Stock,$9.15,-0.23,-2.452%,690010,1366655126.00,United States,2025,Finance: Consumer Services,Finance,/market-activity/stocks/wlth,9.15,-2.452,1366655126.0,690010.0,6313591.5
OIS,Oil States International Inc. Common Stock,$8.59,0.34,4.121%,734339,517061435.00,United States,2001,Oil and Gas Field Machinery,Consumer Discretionary,/market-activity/stocks/ois,8.59,4.121,517061435.0,734339.0,6307972.01
OCSL,Oaktree Specialty Lending Corporation Common Stock,$11.98,-0.11,-0.91%,525896,1055264566.00,United States,,Finance: Consumer Services,Finance,/market-activity/stocks/ocsl,11.98,-0.91,1055264566.0,525896.0,6300234.08
VTOL,Bristow Group Inc. Common Stock,$45.14,0.98,2.219%,139137,1336414840.00,United States,,Transportation Services,Consumer Discretionary,/market-activity/stocks/vtol,45.14,2.219,1336414840.0,139137.0,6280644.18
ADAM,Adamas Trust Inc. Common Stock,$8.85,0.02,0.227%,708609,795270806.00,United States,,Real Estate Investment Trusts,Real Estate,/market-activity/stocks/adam,8.85,0.227,795270806.0,708609.0,6271189.649999999
INN,Summit Hotel Properties Inc. Common Stock,$7.02,0.24,3.54%,892347,760722848.00,United States,2011,Real Estate Investment Trusts,Real Estate,/market-activity/stocks/inn,7.02,3.54,760722848.0,892347.0,6264275.9399999995
STGW,Stagwell Inc. Class A Common Stock,$7.25,-0.16,-2.159%,863313,1797015457.00,Canada,,Advertising,Consumer Discretionary,/market-activity/stocks/stgw,7.25,-2.159,1797015457.0,863313.0,6259019.25
ANGX,Angel Studios Inc. Class A Common Stock,$4.32,-0.09,-2.041%,1447638,805301412.00,United States,2025,Movies/Entertainment,Consumer Discretionary,/market-activity/stocks/angx,4.32,-2.041,805301412.0,1447638.0,6253796.16
BNED,Barnes & Noble Education Inc Common Stock,$12.35,-0.25,-1.984%,505817,427845644.00,United States,2015,Other Specialty Stores,Consumer Discretionary,/market-activity/stocks/bned,12.35,-1.984,427845644.0,505817.0,6246839.95
GCO,Genesco Inc. Common Stock,$36.22,-0.97,-2.608%,172026,402294562.00,United States,,Clothing/Shoe/Accessory Stores,Consumer Discretionary,/market-activity/stocks/gco,36.22,-2.608,402294562.0,172026.0,6230781.72
EGY,VAALCO Energy Inc.  Common Stock,$5.44,0.17,3.226%,1144700,567164896.00,United States,,Oil & Gas Production,Energy,/market-activity/stocks/egy,5.44,3.226,567164896.0,1144700.0,6227168.0
OVBC,Ohio Valley Banc Corp. Common Stock,$43.43,-0.28,-0.641%,142796,204598773.00,United States,,Major Banks,Finance,/market-activity/stocks/ovbc,43.43,-0.641,204598773.0,142796.0,6201630.28
PHR,Phreesia Inc. Common Stock,$10.60,-0.08,-0.749%,584291,655206023.00,United States,2019,Business Services,Consumer Discretionary,/market-activity/stocks/phr,10.6,-0.749,655206023.0,584291.0,6193484.6
FISI,Financial Institutions Inc. Common Stock,$39.49,0.18,0.458%,156529,777414751.00,United States,1999,Major Banks,Finance,/market-activity/stocks/fisi,39.49,0.458,777414751.0,156529.0,6181330.21
CPF,Central Pacific Financial Corp New,$39.08,0.47,1.217%,156722,1020036029.00,United States,,Major Banks,Finance,/market-activity/stocks/cpf,39.08,1.217,1020036029.0,156722.0,6124695.76
NBBK,NB Bancorp Inc. Common Stock,$21.04,0.06,0.286%,290720,940617670.00,United States,2023,Banks,Finance,/market-activity/stocks/nbbk,21.04,0.286,940617670.0,290720.0,6116748.8
PRAA,PRA Group Inc. Common Stock,$17.46,0.09,0.518%,350060,665939904.00,United States,2002,Finance: Consumer Services,Finance,/market-activity/stocks/praa,17.46,0.518,665939904.0,350060.0,6112047.600000001
PAHC,Phibro Animal Health Corporation Class A Common Stock,$33.86,0.81,2.451%,179476,1373521284.00,United States,2014,Biotechnology: Pharmaceutical Preparations,Health Care,/market-activity/stocks/pahc,33.86,2.451,1373521284.0,179476.0,6077057.36
WEAV,Weave Communications Inc. Common Stock,$6.80,-0.35,-4.895%,891190,541046318.00,United States,2021,Computer Software: Prepackaged Software,Technology,/market-activity/stocks/weav,6.8,-4.895,541046318.0,891190.0,6060092.0
PLBC,Plumas Bancorp,$61.43,0.23,0.376%,98603,428052594.00,United States,,Finance Companies,Finance,/market-activity/stocks/plbc,61.43,0.376,428052594.0,98603.0,6057182.29
FBIZ,First Business Financial Services Inc. Common Stock,$66.14,0.40,0.608%,91573,553073659.00,United States,,Major Banks,Finance,/market-activity/stocks/fbiz,66.14,0.608,553073659.0,91573.0,6056638.22
FMNB,Farmers National Banc Corp. Common Stock,$14.58,-0.01,-0.069%,415231,863355006.00,United States,,Major Banks,Finance,/market-activity/stocks/fmnb,14.58,-0.069,863355006.0,415231.0,6054067.98
DRD,DRDGOLD Limited American Depositary Shares,$20.72,1.07,5.445%,291907,1791427807.00,South Africa,,Precious Metals,Basic Materials,/market-activity/stocks/drd,20.72,5.445,1791427807.0,291907.0,6048313.04
OLMA,Olema Pharmaceuticals Inc. Common Stock,$11.59,0.24,2.115%,521491,1012357189.00,United States,2020,Biotechnology: Pharmaceutical Preparations,Health Care,/market-activity/stocks/olma,11.59,2.115,1012357189.0,521491.0,6044080.6899999995
ITIC,Investors Title Company Common Stock,$286.49,-0.64,-0.223%,21064,540891974.00,United States,,Specialty Insurers,Finance,/market-activity/stocks/itic,286.49,-0.223,540891974.0,21064.0,6034625.36
ASIX,AdvanSix Inc. Common Stock ,$21.56,1.13,5.531%,279760,581236816.00,United States,2016,Major Chemicals,Industrials,/market-activity/stocks/asix,21.56,5.531,581236816.0,279760.0,6031625.6
AKTS,Aktis Oncology Inc. Common stock,$24.63,0.67,2.796%,244616,1361483520.00,United States,2026,Biotechnology: Pharmaceutical Preparations,Health Care,/market-activity/stocks/akts,24.63,2.796,1361483520.0,244616.0,6024892.08
LBRX,LB Pharmaceuticals Inc Common Stock,$32.31,1.41,4.563%,185468,926542626.00,United States,2025,Biotechnology: Pharmaceutical Preparations,Health Care,/market-activity/stocks/lbrx,32.31,4.563,926542626.0,185468.0,5992471.08
CHMG,Chemung Financial Corp Common Stock,$76.74,-0.295,-0.383%,78064,369872987.00,United States,,Major Banks,Finance,/market-activity/stocks/chmg,76.74,-0.383,369872987.0,78064.0,5990631.359999999
PDS,Precision Drilling Corporation Common Stock,$84.67,2.30,2.792%,70737,1095734875.00,Canada,,Oil & Gas Production,Energy,/market-activity/stocks/pds,84.67,2.792,1095734875.0,70737.0,5989301.79
CLDT,Chatham Lodging Trust (REIT) Common Shares of Beneficial Interest,$13.45,0.06,0.448%,444563,627862409.00,United States,2010,Real Estate Investment Trusts,Real Estate,/market-activity/stocks/cldt,13.45,0.448,627862409.0,444563.0,5979372.35
AGNT,AGNT Inc. Common Stock,$4.43,-0.03,-0.673%,1349591,727954983.00,United States,,Real Estate,Finance,/market-activity/stocks/agnt,4.43,-0.673,727954983.0,1349591.0,5978688.13
TWFG,TWFG Inc. Class A Common Stock,$26.84,-0.53,-1.936%,222495,1453884499.00,United States,2024,Specialty Insurers,Finance,/market-activity/stocks/twfg,26.84,-1.936,1453884499.0,222495.0,5971765.8
NEXA,Nexa Resources S.A. Common Shares,$12.82,0.80,6.656%,465519,1697867980.00,Luxembourg,2017,Metal Mining,Basic Materials,/market-activity/stocks/nexa,12.82,6.656,1697867980.0,465519.0,5967953.58
INMD,InMode Ltd. Ordinary Shares,$15.36,0.00,0.00%,387948,973190400.00,Israel,2019,Biotechnology: Electromedical & Electrotherapeutic Apparatus,Health Care,/market-activity/stocks/inmd,15.36,0.0,973190400.0,387948.0,5958881.279999999
FLGT,Fulgent Genetics Inc. Common Stock,$19.88,0.27,1.377%,299571,564604385.00,United States,2016,Medical Specialities,Health Care,/market-activity/stocks/flgt,19.88,1.377,564604385.0,299571.0,5955471.4799999995
BHRB,Burke & Herbert Financial Services Corp. Common Stock,$71.26,0.33,0.465%,83465,1435875176.00,United States,,Major Banks,Finance,/market-activity/stocks/bhrb,71.26,0.465,1435875176.0,83465.0,5947715.9
CLFD,Clearfield Inc. Common Stock,$32.02,1.87,6.202%,185657,435134509.00,United States,,Telecommunications Equipment,Utilities,/market-activity/stocks/clfd,32.02,6.202,435134509.0,185657.0,5944737.140000001
CRTO,Criteo S.A. American Depositary Shares,$21.57,-0.43,-1.955%,275324,1080616858.00,France,2013,Advertising,Consumer Discretionary,/market-activity/stocks/crto,21.57,-1.955,1080616858.0,275324.0,5938738.68
ABAT,American Battery Technology Company Common Stock,$2.45,0.16,6.987%,2418506,334215302.00,United States,,Metal Mining,Basic Materials,/market-activity/stocks/abat,2.45,6.987,334215302.0,2418506.0,5925339.7
REAX,The Real Brokerage Inc. Common Shares,$2.00,-0.01,-0.498%,2961667,435888280.00,Canada,,Real Estate,Finance,/market-activity/stocks/reax,2.0,-0.498,435888280.0,2961667.0,5923334.0
HRTG,Heritage Insurance Holdings Inc. Common Stock,$26.97,-0.46,-1.677%,219480,818537477.00,United States,2014,Property-Casualty Insurers,Finance,/market-activity/stocks/hrtg,26.97,-1.677,818537477.0,219480.0,5919375.6
NXRT,NexPoint Residential Trust Inc. Common Stock,$26.14,0.08,0.307%,226268,666346215.00,United States,2015,Real Estate Investment Trusts,Real Estate,/market-activity/stocks/nxrt,26.14,0.307,666346215.0,226268.0,5914645.5200000005
IMNN,Imunon Inc. Common Stock,$1.67,-0.10,-5.65%,3541166,7017537.00,United States,,Biotechnology: Pharmaceutical Preparations,Health Care,/market-activity/stocks/imnn,1.67,-5.65,7017537.0,3541166.0,5913747.22
NHP,National Healthcare Properties Inc. Class A Common Stock,$16.02,0.35,2.234%,366968,1167936114.00,United States,,Real Estate Investment Trusts,Real Estate,/market-activity/stocks/nhp,16.02,2.234,1167936114.0,366968.0,5878827.359999999
KRT,Karat Packaging Inc. Common Stock,$38.46,-0.075,-0.195%,152254,767805094.00,United States,2021,Plastic Products,Industrials,/market-activity/stocks/krt,38.46,-0.195,767805094.0,152254.0,5855688.84
TRNS,Transcat Inc. Common Stock,$87.65,1.56,1.812%,66745,818712180.00,United States,,Electrical Products,Industrials,/market-activity/stocks/trns,87.65,1.812,818712180.0,66745.0,5850199.25
OTLK,Outlook Therapeutics Inc. Common Stock,$1.42,0.04,2.899%,4097448,265535737.00,United States,2016,Biotechnology: Biological Products (No Diagnostic Substances),Health Care,/market-activity/stocks/otlk,1.42,2.899,265535737.0,4097448.0,5818376.16
GOOD,Gladstone Commercial Corporation Real Estate Investment Trust,$13.12,0.09,0.691%,442325,635099748.00,United States,2003,Real Estate,Real Estate,/market-activity/stocks/good,13.12,0.691,635099748.0,442325.0,5803304.0
GILT,Gilat Satellite Networks Ltd. Ordinary Shares,$11.64,0.80,7.38%,498351,878481835.00,Israel,,Radio And Television Broadcasting And Communications Equipment,Technology,/market-activity/stocks/gilt,11.64,7.38,878481835.0,498351.0,5800805.640000001
CMRE,Costamare Inc. Common Stock $0.0001 par value,$15.30,0.38,2.547%,377292,1845008013.00,Greece,2010,Marine Transportation,Consumer Discretionary,/market-activity/stocks/cmre,15.3,2.547,1845008013.0,377292.0,5772567.600000001
FOXF,Fox Factory Holding Corp. Common Stock,$18.29,-0.08,-0.435%,314176,767011873.00,United States,2013,Motor Vehicles,Consumer Discretionary,/market-activity/stocks/foxf,18.29,-0.435,767011873.0,314176.0,5746279.04
CCSI,Consensus Cloud Solutions Inc. Common Stock,$36.11,-0.59,-1.608%,158424,664349975.00,United States,,Computer Software: Prepackaged Software,Technology,/market-activity/stocks/ccsi,36.11,-1.608,664349975.0,158424.0,5720690.64
XPOF,Xponential Fitness Inc. Class A Common Stock,$6.28,-0.22,-3.385%,910882,308819000.00,United States,2021,Services-Misc. Amusement & Recreation,Consumer Discretionary,/market-activity/stocks/xpof,6.28,-3.385,308819000.0,910882.0,5720338.96
NAK,Northern Dynasty Minerals Ltd. Common Stock,$1.73,0.12,7.453%,3297215,969338310.00,Canada,,Precious Metals,Basic Materials,/market-activity/stocks/nak,1.73,7.453,969338310.0,3297215.0,5704181.95
ESRT,Empire State Realty Trust Inc. Class A Common Stock,$5.53,-0.07,-1.25%,1029159,953539045.00,United States,2013,Real Estate Investment Trusts,Real Estate,/market-activity/stocks/esrt,5.53,-1.25,953539045.0,1029159.0,5691249.2700000005
CODI,D/B/A Compass Diversified Holdings Shares of Beneficial Interest,$10.23,0.23,2.30%,554379,769663932.00,United States,2006,Home Furnishings,Consumer Discretionary,/market-activity/stocks/codi,10.23,2.3,769663932.0,554379.0,5671297.17
PRTA,Prothena Corporation plc Ordinary Shares,$8.75,0.08,0.923%,647667,458090824.00,United States,,Biotechnology: Pharmaceutical Preparations,Health Care,/market-activity/stocks/prta,8.75,0.923,458090824.0,647667.0,5667086.25
EQBK,Equity Bancshares Inc. Class A Common Stock,$50.43,0.19,0.378%,112366,1040914435.00,United States,,Major Banks,Finance,/market-activity/stocks/eqbk,50.43,0.378,1040914435.0,112366.0,5666617.38
BIYA,Baiya International Group Inc Class A Ordinary Shares,$3.09,-0.42,-11.966%,1830482,8340562.00,China,2025,Diversified Commercial Services,Consumer Discretionary,/market-activity/stocks/biya,3.09,-11.966,8340562.0,1830482.0,5656189.38
RPC,Ridgepost Capital Inc. Class A Common Stock,$8.82,0.24,2.797%,640691,965583506.00,United States,2021,Investment Managers,Finance,/market-activity/stocks/rpc,8.82,2.797,965583506.0,640691.0,5650894.62
EVGO,EVgo Inc. Class A Common Stock,$1.60,-0.07,-4.192%,3523805,502174984.00,United States,,EDP Services,Technology,/market-activity/stocks/evgo,1.6,-4.192,502174984.0,3523805.0,5638088.0
PUBM,PubMatic Inc. Class A Common Stock,$12.92,-0.17,-1.299%,435248,600047759.00,United States,2020,Computer Software: Programming Data Processing,Technology,/market-activity/stocks/pubm,12.92,-1.299,600047759.0,435248.0,5623404.16
FULC,Fulcrum Therapeutics Inc. Common Stock,$3.68,0.06,1.657%,1525834,245117793.00,United States,2019,Biotechnology: Pharmaceutical Preparations,Health Care,/market-activity/stocks/fulc,3.68,1.657,245117793.0,1525834.0,5615069.12
SAFE,Safehold Inc. New Common Stock ,$16.71,0.32,1.952%,335645,1196603133.00,United States,2023,Real Estate Investment Trusts,Real Estate,/market-activity/stocks/safe,16.71,1.952,1196603133.0,335645.0,5608627.95
ALT,Altimmune Inc. Common Stock,$2.82,0.01,0.356%,1982932,548417114.00,United States,,Biotechnology: Pharmaceutical Preparations,Health Care,/market-activity/stocks/alt,2.82,0.356,548417114.0,1982932.0,5591868.239999999
FVRR,Fiverr International Ltd. Ordinary Shares no par value,$11.03,-0.47,-4.087%,506406,396536530.00,,2019,Business Services,Consumer Discretionary,/market-activity/stocks/fvrr,11.03,-4.087,396536530.0,506406.0,5585658.18
LXRX,Lexicon Pharmaceuticals Inc. Common Stock,$2.38,0.05,2.146%,2346376,1057187408.00,United States,,Biotechnology: Pharmaceutical Preparations,Health Care,/market-activity/stocks/lxrx,2.38,2.146,1057187408.0,2346376.0,5584374.88
BFST,Business First Bancshares Inc. Common Stock,$30.85,0.17,0.554%,180982,1008115313.00,United States,,Major Banks,Finance,/market-activity/stocks/bfst,30.85,0.554,1008115313.0,180982.0,5583294.7
CYD,China Yuchai International Limited Common Stock,$44.79,1.06,2.424%,124582,1680445642.00,Singapore,1994,Industrial Machinery/Components,Industrials,/market-activity/stocks/cyd,44.79,2.424,1680445642.0,124582.0,5580027.78
ECAT,BlackRock ESG Capital Allocation Term Trust Common Shares of Beneficial Interest,$15.50,0.10,0.649%,358922,1676092500.00,United States,2021,Finance/Investors Services,Finance,/market-activity/stocks/ecat,15.5,0.649,1676092500.0,358922.0,5563291.0
ASA,ASA  Gold and Precious Metals Limited,$50.52,1.86,3.822%,110085,920319960.00,United States,,Precious Metals,Industrials,/market-activity/stocks/asa,50.52,3.822,920319960.0,110085.0,5561494.2
GSIT,GSI Technology Common Stock,$6.25,0.68,12.208%,888727,239825456.00,United States,2007,Semiconductors,Technology,/market-activity/stocks/gsit,6.25,12.208,239825456.0,888727.0,5554543.75
DNA,Ginkgo Bioworks Holdings Inc. Class A Common Stock,$7.89,0.34,4.503%,703576,490248677.00,United States,2021,Biotechnology: Biological Products (No Diagnostic Substances),Health Care,/market-activity/stocks/dna,7.89,4.503,490248677.0,703576.0,5551214.64
ACHV,Achieve Life Sciences Inc. Common Shares,$6.50,0.26,4.167%,851860,667283871.00,United States,,Biotechnology: In Vitro & In Vivo Diagnostic Substances,Health Care,/market-activity/stocks/achv,6.5,4.167,667283871.0,851860.0,5537090.0
GNK,Genco Shipping & Trading Limited Ordinary Shares New (Marshall Islands),$25.36,0.10,0.396%,218259,1105114013.00,United States,,Marine Transportation,Consumer Discretionary,/market-activity/stocks/gnk,25.36,0.396,1105114013.0,218259.0,5535048.24
DOMO,Domo Inc. Class B Common Stock,$3.44,-0.02,-0.578%,1608977,155317937.00,United States,2018,Computer Software: Prepackaged Software,Technology,/market-activity/stocks/domo,3.44,-0.578,155317937.0,1608977.0,5534880.88
GROY,Gold Royalty Corp. Common Shares,$2.62,0.10,3.968%,2104861,666638973.00,Canada,2021,Precious Metals,Basic Materials,/market-activity/stocks/groy,2.62,3.968,666638973.0,2104861.0,5514735.82
CVEO,Civeo Corporation (Canada) Common Shares,$34.38,0.18,0.526%,159973,376230516.00,,2014,Hotels/Resorts,Consumer Discretionary,/market-activity/stocks/cveo,34.38,0.526,376230516.0,159973.0,5499871.74
CARS,Cars.com Inc. Common Stock ,$11.87,-0.10,-0.835%,460231,676822248.00,United States,2017,EDP Services,Technology,/market-activity/stocks/cars,11.87,-0.835,676822248.0,460231.0,5462941.97
RR,Richtech Robotics Inc. Class B Common Stock,$1.65,0.05,3.125%,3304588,368933355.00,United States,2023,Industrial Machinery/Components,Industrials,/market-activity/stocks/rr,1.65,3.125,368933355.0,3304588.0,5452570.199999999
BMBL,Bumble Inc. Class A Common Stock,$2.87,-0.06,-2.048%,1892379,374337452.00,United States,2021,Computer Software: Programming Data Processing,Technology,/market-activity/stocks/bmbl,2.87,-2.048,374337452.0,1892379.0,5431127.73
OPRA,Opera Limited American Depositary Shares,$19.64,0.06,0.306%,276502,1765253275.00,Norway,2018,Computer Software: Prepackaged Software,Technology,/market-activity/stocks/opra,19.64,0.306,1765253275.0,276502.0,5430499.28
LSPD,Lightspeed Commerce Inc. Subordinate Voting Shares,$10.25,-0.12,-1.157%,529648,1366501915.00,Canada,,Computer Software: Prepackaged Software,Technology,/market-activity/stocks/lspd,10.25,-1.157,1366501915.0,529648.0,5428892.0
ASC,Ardmore Shipping Corporation Common Stock,$16.29,0.47,2.971%,333245,664674582.00,,2013,Marine Transportation,Consumer Discretionary,/market-activity/stocks/asc,16.29,2.971,664674582.0,333245.0,5428561.05
SMBC,Southern Missouri Bancorp Inc. Common Stock,$76.49,0.03,0.039%,70850,842585692.00,United States,,Banks,Finance,/market-activity/stocks/smbc,76.49,0.039,842585692.0,70850.0,5419316.5
ARQQ,Arqit Quantum Inc. Ordinary Shares,$17.20,-0.01,-0.058%,314343,414358062.00,United Kingdom,,Computer Software: Prepackaged Software,Technology,/market-activity/stocks/arqq,17.2,-0.058,414358062.0,314343.0,5406699.6
WBTN,WEBTOON Entertainment Inc. Common stock,$10.35,0.48,4.863%,522236,1399679456.00,United States,2024,Publishing,Consumer Discretionary,/market-activity/stocks/wbtn,10.35,4.863,1399679456.0,522236.0,5405142.6
NXDR,Nextdoor Holdings Inc. Class A Common Stock,$2.39,-0.04,-1.646%,2250047,911516663.00,United States,,Computer Software: Programming Data Processing,Technology,/market-activity/stocks/nxdr,2.39,-1.646,911516663.0,2250047.0,5377612.33
STIM,Neuronetics Inc. Common Stock,$1.88,-0.14,-6.931%,2850080,130825139.00,United States,2018,Medical/Dental Instruments,Health Care,/market-activity/stocks/stim,1.88,-6.931,130825139.0,2850080.0,5358150.399999999
AIB,AIB Data Centers Inc. Common Stock,$1.97,0.14,7.65%,2706108,74162882.00,,2026,Investment Bankers/Brokers/Service,Finance,/market-activity/stocks/aib,1.97,7.65,74162882.0,2706108.0,5331032.76
NAVI,Navient Corporation Common Stock,$8.68,0.04,0.463%,613921,815746261.00,United States,,Investment Bankers/Brokers/Service,Finance,/market-activity/stocks/navi,8.68,0.463,815746261.0,613921.0,5328834.28
SVV,Savers Value Village Inc. Common Stock,$9.58,-0.18,-1.844%,555599,1475187394.00,United States,2023,Other Specialty Stores,Consumer Discretionary,/market-activity/stocks/svv,9.58,-1.844,1475187394.0,555599.0,5322638.42
BVS,Bioventus Inc. Class A Common Stock,$11.88,0.30,2.591%,447386,992393246.00,United States,2021,Medical/Dental Instruments,Health Care,/market-activity/stocks/bvs,11.88,2.591,992393246.0,447386.0,5314945.680000001
SHEN,Shenandoah Telecommunications Co Common Stock,$11.53,0.42,3.78%,460334,637862672.00,United States,,Telecommunications Equipment,Telecommunications,/market-activity/stocks/shen,11.53,3.78,637862672.0,460334.0,5307651.02
BTQ,BTQ Technologies Corp. Common Stock,$3.45,0.22,6.811%,1537028,489144209.00,Canada,,,,/market-activity/stocks/btq,3.45,6.811,489144209.0,1537028.0,5302746.600000001
EVMN,Evommune Inc. Common Stock,$12.22,0.69,5.984%,433813,440144506.00,United States,2025,Biotechnology: Pharmaceutical Preparations,Health Care,/market-activity/stocks/evmn,12.22,5.984,440144506.0,433813.0,5301194.86
VTS,Vitesse Energy Inc. Common Stock,$15.91,0.14,0.888%,332550,663644666.00,United States,2023,Oil & Gas Production,Energy,/market-activity/stocks/vts,15.91,0.888,663644666.0,332550.0,5290870.5
SGMT,Sagimet Biosciences Inc. Series A Common Stock,$7.07,-0.09,-1.257%,745732,436585275.00,United States,2023,Biotechnology: Pharmaceutical Preparations,Health Care,/market-activity/stocks/sgmt,7.07,-1.257,436585275.0,745732.0,5272325.24
CIM,Chimera Investment Corporation Common Stock,$12.74,0.03,0.236%,413208,1065650269.00,United States,2007,Real Estate Investment Trusts,Real Estate,/market-activity/stocks/cim,12.74,0.236,1065650269.0,413208.0,5264269.92
AREC,American Resources Corporation Class A Common Stock,$1.74,0.17,10.828%,3020487,186130013.00,United States,,Coal Mining,Energy,/market-activity/stocks/arec,1.74,10.828,186130013.0,3020487.0,5255647.38
HNST,The Honest Company Inc. Common Stock,$3.89,0.02,0.517%,1346876,428205812.00,United States,2021,Catalog/Specialty Distribution,Consumer Discretionary,/market-activity/stocks/hnst,3.89,0.517,428205812.0,1346876.0,5239347.640000001
KRNT,Kornit Digital Ltd. Ordinary Shares,$15.29,0.23,1.527%,342648,708545893.00,Israel,2015,Industrial Machinery/Components,Industrials,/market-activity/stocks/krnt,15.29,1.527,708545893.0,342648.0,5239087.92
SHPH,Shuttle Pharmaceuticals Holdings Inc. Common Stock,$3.35,0.32,10.561%,1560710,1960182.00,United States,2022,Biotechnology: Pharmaceutical Preparations,Health Care,/market-activity/stocks/shph,3.35,10.561,1960182.0,1560710.0,5228378.5
COFS,ChoiceOne Financial Services Inc. Common Stock,$34.59,0.65,1.915%,150574,517986461.00,United States,,Major Banks,Finance,/market-activity/stocks/cofs,34.59,1.915,517986461.0,150574.0,5208354.66
NBTX,Nanobiotix S.A. American Depositary Shares,$39.42,3.69,10.327%,131865,1908324881.00,France,2020,Biotechnology: Pharmaceutical Preparations,Health Care,/market-activity/stocks/nbtx,39.42,10.327,1908324881.0,131865.0,5198118.3
EMBC,Embecta Corp. Common Stock,$3.37,-0.07,-2.035%,1541544,199934271.00,United States,,Medical/Dental Instruments,Health Care,/market-activity/stocks/embc,3.37,-2.035,199934271.0,1541544.0,5195003.28
SLGL,Sol-Gel Technologies Ltd. Ordinary Shares,$89.74,9.64,12.035%,57873,252158541.00,Israel,2018,Biotechnology: Pharmaceutical Preparations,Health Care,/market-activity/stocks/slgl,89.74,12.035,252158541.0,57873.0,5193523.02
ARTV,Artiva Biotherapeutics Inc. Common Stock,$10.00,0.85,9.29%,517856,247166720.00,United States,2024,Biotechnology: Biological Products (No Diagnostic Substances),Health Care,/market-activity/stocks/artv,10.0,9.29,247166720.0,517856.0,5178560.0
TSAT,Telesat Corporation Class A Common Shares and Class B Variable Voting Shares ,$38.92,1.91,5.161%,132954,1407333422.00,Canada,,Metal Fabrications,Industrials,/market-activity/stocks/tsat,38.92,5.161,1407333422.0,132954.0,5174569.680000001
CBLL,CeriBell Inc. Common Stock,$17.89,-0.54,-2.93%,288852,678794903.00,United States,2024,Biotechnology: Electromedical & Electrotherapeutic Apparatus,Health Care,/market-activity/stocks/cbll,17.89,-2.93,678794903.0,288852.0,5167562.28
ARVN,Arvinas Inc. Common Stock,$8.26,0.24,2.993%,625563,532945095.00,United States,2018,Biotechnology: Pharmaceutical Preparations,Health Care,/market-activity/stocks/arvn,8.26,2.993,532945095.0,625563.0,5167150.38
TYG,Tortoise Energy Infrastructure Corporation Common Stock,$44.14,0.08,0.182%,116764,526497638.00,United States,2004,Investment Managers,Finance,/market-activity/stocks/tyg,44.14,0.182,526497638.0,116764.0,5153962.96
QUIK,QuickLogic Corporation Common Stock,$14.13,1.45,11.435%,364307,257516509.00,United States,1999,Semiconductors,Technology,/market-activity/stocks/quik,14.13,11.435,257516509.0,364307.0,5147657.91
ERII,Energy Recovery Inc. Common Stock,$8.62,0.14,1.651%,596415,444320133.00,United States,2008,Industrial Machinery/Components,Technology,/market-activity/stocks/erii,8.62,1.651,444320133.0,596415.0,5141097.3
ORRF,Orrstown Financial Services Inc. Common Stock,$41.26,0.05,0.121%,124563,810668723.00,United States,,Major Banks,Finance,/market-activity/stocks/orrf,41.26,0.121,810668723.0,124563.0,5139469.38
RVT,Royce Small-Cap Trust Inc. Common Stock,$18.13,0.18,1.003%,283291,1957255243.00,United States,1986,Trusts Except Educational Religious and Charitable,Finance,/market-activity/stocks/rvt,18.13,1.003,1957255243.0,283291.0,5136065.83
SBSI,Southside Bancshares Inc. Common Stock,$34.69,0.15,0.434%,147276,1032086855.00,United States,,Major Banks,Finance,/market-activity/stocks/sbsi,34.69,0.434,1032086855.0,147276.0,5109004.4399999995
FWDI,Forward Industries Inc. Common Stock,$4.32,0.15,3.597%,1179981,322616300.00,United States,,Plastic Products,Industrials,/market-activity/stocks/fwdi,4.32,3.597,322616300.0,1179981.0,5097517.92
MGTX,MeiraGTx Holdings plc Ordinary Shares,$12.52,0.31,2.539%,406634,1159471140.00,United States,2018,Biotechnology: Biological Products (No Diagnostic Substances),Health Care,/market-activity/stocks/mgtx,12.52,2.539,1159471140.0,406634.0,5091057.68
EVTL,Vertical Aerospace Ltd. Ordinary Shares,$1.64,0.04,2.50%,3100269,208817927.00,,2021,Aerospace,Industrials,/market-activity/stocks/evtl,1.64,2.5,208817927.0,3100269.0,5084441.16
JBI,Janus International Group Inc. Common Stock,$5.30,0.03,0.569%,958434,722880033.00,United States,2021,Building Products,Industrials,/market-activity/stocks/jbi,5.3,0.569,722880033.0,958434.0,5079700.2
ISSC,Innovative Solutions and Support Inc. Common Stock,$19.22,0.69,3.724%,264216,343898597.00,United States,2000,EDP Services,Technology,/market-activity/stocks/issc,19.22,3.724,343898597.0,264216.0,5078231.52
PESI,Perma-Fix Environmental Services Inc. Common Stock,$16.64,0.17,1.032%,304696,352827105.00,United States,,Environmental Services,Industrials,/market-activity/stocks/pesi,16.64,1.032,352827105.0,304696.0,5070141.44
CLNE,Clean Energy Fuels Corp. Common Stock,$2.13,-0.04,-1.843%,2371357,469078470.00,United States,2007,Natural Gas Distribution,Utilities,/market-activity/stocks/clne,2.13,-1.843,469078470.0,2371357.0,5050990.41
HSTM,HealthStream Inc. Common Stock,$27.84,-0.49,-1.73%,180940,813350834.00,United States,2000,Computer Software: Programming Data Processing,Technology,/market-activity/stocks/hstm,27.84,-1.73,813350834.0,180940.0,5037369.6
TAYD,Taylor Devices Inc. Common Stock,$56.445,1.625,2.964%,89188,181702777.00,United States,,Industrial Machinery/Components,Industrials,/market-activity/stocks/tayd,56.445,2.964,181702777.0,89188.0,5034216.66
DSGN,Design Therapeutics Inc. Common Stock,$12.06,0.19,1.601%,413297,753231106.00,United States,2021,Biotechnology: Pharmaceutical Preparations,Health Care,/market-activity/stocks/dsgn,12.06,1.601,753231106.0,413297.0,4984361.82
PFIS,Peoples Financial Services Corp. Common Stock,$69.07,0.58,0.847%,72047,691451551.00,United States,,Major Banks,Finance,/market-activity/stocks/pfis,69.07,0.847,691451551.0,72047.0,4976286.289999999
SWIM,Latham Group Inc. Common Stock,$5.84,-0.27,-4.419%,851768,685683680.00,United States,2021,Plastic Products,Industrials,/market-activity/stocks/swim,5.84,-4.419,685683680.0,851768.0,4974325.12
KODK,Eastman Kodak Company Common New,$7.78,0.12,1.567%,639137,761715495.00,United States,,Industrial Machinery/Components,Consumer Discretionary,/market-activity/stocks/kodk,7.78,1.567,761715495.0,639137.0,4972485.86
MAGN,Magnera Corporation Common Stock,$13.37,-0.13,-0.963%,369973,478646000.00,United States,2000,Paper,Basic Materials,/market-activity/stocks/magn,13.37,-0.963,478646000.0,369973.0,4946539.01
PSTL,Postal Realty Trust Inc. Class A Common Stock,$24.07,0.31,1.305%,203569,664906262.00,United States,2019,Real Estate Investment Trusts,Real Estate,/market-activity/stocks/pstl,24.07,1.305,664906262.0,203569.0,4899905.83
AIIO,Robo.ai Inc. Class B Ordinary Shares,$3.215,-0.335,-9.437%,1522034,556616831.00,United Arab Emirates,,Auto Manufacturing,Industrials,/market-activity/stocks/aiio,3.215,-9.437,556616831.0,1522034.0,4893339.31
MSBI,Midland States Bancorp Inc. Common Stock,$31.49,0.64,2.075%,154888,652781371.00,United States,2016,Major Banks,Finance,/market-activity/stocks/msbi,31.49,2.075,652781371.0,154888.0,4877423.12
FSTR,L.B. Foster Company Common Stock,$43.08,1.40,3.359%,112907,450559934.00,United States,,Metal Fabrications,Industrials,/market-activity/stocks/fstr,43.08,3.359,450559934.0,112907.0,4864033.56
IPI,Intrepid Potash Inc Common Stock,$34.34,0.38,1.119%,141562,461290250.00,United States,2008,Mining & Quarrying of Nonmetallic Minerals (No Fuels),Industrials,/market-activity/stocks/ipi,34.34,1.119,461290250.0,141562.0,4861239.08
CMCL,Caledonia Mining Corporation Plc Common Shares,$18.26,1.47,8.755%,265968,352655891.00,Canada,,Precious Metals,Basic Materials,/market-activity/stocks/cmcl,18.26,8.755,352655891.0,265968.0,4856575.680000001
OFIX,Orthofix Medical Inc. Common Stock (DE),$11.63,0.07,0.606%,417487,470103813.00,Curacao,1992,Medical/Dental Instruments,Health Care,/market-activity/stocks/ofix,11.63,0.606,470103813.0,417487.0,4855373.8100000005
ASPN,Aspen Aerogels Inc. Common Stock,$5.43,0.40,7.952%,890006,450024570.00,United States,2014,RETAIL: Building Materials,Consumer Discretionary,/market-activity/stocks/aspn,5.43,7.952,450024570.0,890006.0,4832732.58
ELE,Elemental Royalty Corporation Common Stock,$15.85,1.28,8.785%,304449,1020471026.00,Canada,,Precious Metals,Basic Materials,/market-activity/stocks/ele,15.85,8.785,1020471026.0,304449.0,4825516.649999999
MCS,Marcus Corporation (The) Common Stock,$23.65,-0.13,-0.547%,203873,726725075.00,United States,,Movies/Entertainment,Consumer Discretionary,/market-activity/stocks/mcs,23.65,-0.547,726725075.0,203873.0,4821596.449999999
AMSF,AMERISAFE Inc. Common Stock,$33.98,-0.31,-0.904%,141503,635554139.00,United States,2005,Property-Casualty Insurers,Finance,/market-activity/stocks/amsf,33.98,-0.904,635554139.0,141503.0,4808271.9399999995
SFIX,Stitch Fix Inc. Class A Common Stock,$3.84,-0.07,-1.79%,1251815,512355287.00,United States,2017,Catalog/Specialty Distribution,Consumer Discretionary,/market-activity/stocks/sfix,3.84,-1.79,512355287.0,1251815.0,4806969.6
MDXG,MiMedx Group Inc Common Stock,$4.32,-0.01,-0.231%,1110943,643445558.00,United States,,Biotechnology: Pharmaceutical Preparations,Health Care,/market-activity/stocks/mdxg,4.32,-0.231,643445558.0,1110943.0,4799273.760000001
MH,McGraw Hill Inc. Common Stock,$9.32,-0.27,-2.815%,514878,1782693886.00,,2025,Publishing,Consumer Discretionary,/market-activity/stocks/mh,9.32,-2.815,1782693886.0,514878.0,4798662.96
TECX,Tectonic Therapeutic Inc. Common Stock,$32.80,0.73,2.276%,146227,618909301.00,United States,2018,Biotechnology: Biological Products (No Diagnostic Substances),Health Care,/market-activity/stocks/tecx,32.8,2.276,618909301.0,146227.0,4796245.6
SMP,Standard Motor Products Inc. Common Stock,$38.32,0.49,1.295%,125086,853128851.00,United States,,Auto Parts:O.E.M.,Consumer Discretionary,/market-activity/stocks/smp,38.32,1.295,853128851.0,125086.0,4793295.5200000005
PICS,PicS N.V. Class A Common Shares,$12.38,0.68,5.812%,386546,1604293782.00,Brazil,2026,Finance: Consumer Services,Finance,/market-activity/stocks/pics,12.38,5.812,1604293782.0,386546.0,4785439.48
ALMR,Alamar Biosciences Inc. Common Stock,$25.15,1.23,5.142%,189982,1743176328.00,United States,2026,Biotechnology: Laboratory Analytical Instruments,Industrials,/market-activity/stocks/almr,25.15,5.142,1743176328.0,189982.0,4778047.3
RGP,Resources Connection Inc. Common Stock,$4.66,0.24,5.43%,1024200,159974743.00,United States,,Business Services,Consumer Discretionary,/market-activity/stocks/rgp,4.66,5.43,159974743.0,1024200.0,4772772.0
NNDM,Nano Dimension Ltd. American Depositary Shares,$1.49,-0.04,-2.614%,3199114,311720801.00,Israel,,Electrical Products,Technology,/market-activity/stocks/nndm,1.49,-2.614,311720801.0,3199114.0,4766679.86
TRT,Trio-Tech International Common Stock,$10.37,0.87,9.158%,459565,104867652.00,United States,1998,Industrial Machinery/Components,Technology,/market-activity/stocks/trt,10.37,9.158,104867652.0,459565.0,4765689.05
GLSI,Greenwich LifeSciences Inc. Common Stock,$14.65,0.58,4.122%,324885,215035747.00,United States,2020,Biotechnology: Pharmaceutical Preparations,Health Care,/market-activity/stocks/glsi,14.65,4.122,215035747.0,324885.0,4759565.25
KE,Kimball Electronics Inc. Common Stock,$24.87,0.98,4.102%,190924,598096765.00,United States,,Electrical Products,Technology,/market-activity/stocks/ke,24.87,4.102,598096765.0,190924.0,4748279.88
TCMD,Tactile Systems Technology Inc. Common Stock,$28.43,0.04,0.141%,166298,641274472.00,United States,2016,Medical/Dental Instruments,Health Care,/market-activity/stocks/tcmd,28.43,0.141,641274472.0,166298.0,4727852.14
CCU,Compania Cervecerias Unidas S.A. Common Stock,$11.66,0.41,3.644%,405205,861680693.00,Chile,,Beverages (Production/Distribution),Consumer Staples,/market-activity/stocks/ccu,11.66,3.644,861680693.0,405205.0,4724690.3
NRDS,NerdWallet Inc. Class A Common Stock,$9.12,-0.05,-0.545%,517541,600084901.00,United States,2021,EDP Services,Technology,/market-activity/stocks/nrds,9.12,-0.545,600084901.0,517541.0,4719973.92
YSWY,Yesway Inc. Class A Common Stock,$19.87,-0.28,-1.39%,237136,1255679623.00,United States,2026,Food Chains,Consumer Staples,/market-activity/stocks/yswy,19.87,-1.39,1255679623.0,237136.0,4711892.32
BLND,Blend Labs Inc. Class A Common Stock,$1.88,0.08,4.444%,2503732,455179313.00,United States,2021,Computer Software: Programming Data Processing,Technology,/market-activity/stocks/blnd,1.88,4.444,455179313.0,2503732.0,4707016.16
BEEM,Beam Global Common Stock,$1.08,0.06,5.882%,4351066,22827942.00,United States,,Semiconductors,Technology,/market-activity/stocks/beem,1.08,5.882,22827942.0,4351066.0,4699151.28
HBT,HBT Financial Inc. Common Stock,$32.91,0.08,0.244%,142784,1197301277.00,United States,2019,Major Banks,Finance,/market-activity/stocks/hbt,32.91,0.244,1197301277.0,142784.0,4699021.4399999995
AEBI,Aebi Schmidt Holding AG Common Stock ,$13.02,0.27,2.118%,360525,1010343980.00,Switzerland,,Auto Manufacturing,Industrials,/market-activity/stocks/aebi,13.02,2.118,1010343980.0,360525.0,4694035.5
ITG,ITG Inc. Class A Common Stock,$12.19,0.79,6.93%,384609,1477798454.00,United States,2026,Water Sewer Pipeline Comm & Power Line Construction,Industrials,/market-activity/stocks/itg,12.19,6.93,1477798454.0,384609.0,4688383.71
BOW,Bowhead Specialty Holdings Inc. Common Stock,$30.46,-0.05,-0.164%,153710,1000246546.00,United States,2024,Property-Casualty Insurers,Finance,/market-activity/stocks/bow,30.46,-0.164,1000246546.0,153710.0,4682006.600000001
BDN,Brandywine Realty Trust Common Stock,$3.15,0.06,1.942%,1483185,547192312.00,United States,,Real Estate Investment Trusts,Real Estate,/market-activity/stocks/bdn,3.15,1.942,547192312.0,1483185.0,4672032.75
TNXP,Tonix Pharmaceuticals Holding Corp. Common Stock,$11.56,0.58,5.282%,403399,184275660.00,United States,,Biotechnology: Pharmaceutical Preparations,Health Care,/market-activity/stocks/tnxp,11.56,5.282,184275660.0,403399.0,4663292.44
JBGS,JBG SMITH Properties Common Shares ,$14.49,-0.05,-0.344%,321797,1079716351.00,United States,2017,Real Estate Investment Trusts,Real Estate,/market-activity/stocks/jbgs,14.49,-0.344,1079716351.0,321797.0,4662838.53
SABR,Sabre Corporation Common Stock,$1.73,0.01,0.581%,2694303,683891962.00,United States,2014,Computer Software: Programming Data Processing,Technology,/market-activity/stocks/sabr,1.73,0.581,683891962.0,2694303.0,4661144.19
ABX,Abacus Global Management Inc. Class A Common Stock,$10.38,0.12,1.17%,448281,995674169.00,United States,,Investment Managers,Finance,/market-activity/stocks/abx,10.38,1.17,995674169.0,448281.0,4653156.78
DC,Dakota Gold Corp. Common Stock,$4.47,0.31,7.452%,1031915,598658594.00,United States,2022,Metal Mining,Basic Materials,/market-activity/stocks/dc,4.47,7.452,598658594.0,1031915.0,4612660.05
SLRC,SLR Investment Corp. Common Stock,$13.23,0.30,2.32%,348644,721757808.00,United States,2010,Finance/Investors Services,Finance,/market-activity/stocks/slrc,13.23,2.32,721757808.0,348644.0,4612560.12
MBUU,Malibu Boats Inc. Class A Common Stock,$28.08,0.03,0.107%,164024,551408448.00,United States,2014,Marine Transportation,Industrials,/market-activity/stocks/mbuu,28.08,0.107,551408448.0,164024.0,4605793.92
SILC,Silicom Ltd Ordinary Shares,$46.80,2.37,5.334%,98163,268988195.00,Israel,,Computer Communications Equipment,Telecommunications,/market-activity/stocks/silc,46.8,5.334,268988195.0,98163.0,4594028.399999999
YEXT,Yext Inc. Common Stock,$5.19,-0.26,-4.771%,884059,520287722.00,United States,2017,EDP Services,Technology,/market-activity/stocks/yext,5.19,-4.771,520287722.0,884059.0,4588266.21
LIFE,Ethos Technologies Inc. Class A Common Stock,$18.83,0.33,1.784%,243435,1186181953.00,United States,2026,Specialty Insurers,Finance,/market-activity/stocks/life,18.83,1.784,1186181953.0,243435.0,4583881.05
CAC,Camden National Corporation Common Stock,$54.23,-0.05,-0.092%,84465,917283096.00,United States,,Major Banks,Finance,/market-activity/stocks/cac,54.23,-0.092,917283096.0,84465.0,4580536.95
STRZ,Starz Entertainment Corp. Common Shares,$27.01,-0.25,-0.917%,169338,453473024.00,United States,,Movies/Entertainment,Consumer Discretionary,/market-activity/stocks/strz,27.01,-0.917,453473024.0,169338.0,4573819.38
ORN,Orion Group Holdings Inc. Common,$13.39,0.71,5.599%,341553,542017532.00,United States,,Military/Government/Technical,Industrials,/market-activity/stocks/orn,13.39,5.599,542017532.0,341553.0,4573394.67
GAU,Galiano Gold Inc.,$1.85,0.09,5.114%,2467135,483245463.00,Canada,,Mining & Quarrying of Nonmetallic Minerals (No Fuels),Industrials,/market-activity/stocks/gau,1.85,5.114,483245463.0,2467135.0,4564199.75
ARKO,ARKO Corp. Common Stock,$7.93,0.18,2.323%,574670,889632768.00,United States,,Food Chains,Consumer Staples,/market-activity/stocks/arko,7.93,2.323,889632768.0,574670.0,4557133.1
IRWD,Ironwood Pharmaceuticals Inc. Class A Common Stock,$3.91,0.06,1.558%,1163015,643638417.00,United States,2010,Biotechnology: Pharmaceutical Preparations,Health Care,/market-activity/stocks/irwd,3.91,1.558,643638417.0,1163015.0,4547388.65
TRTX,TPG RE Finance Trust Inc. Common Stock,$8.68,0.01,0.115%,522963,671035254.00,United States,2017,Real Estate Investment Trusts,Real Estate,/market-activity/stocks/trtx,8.68,0.115,671035254.0,522963.0,4539318.84
GTN,Gray Media Inc. Common Stock,$4.09,0.00,0.00%,1109136,420200281.00,United States,,Broadcasting,Industrials,/market-activity/stocks/gtn,4.09,0.0,420200281.0,1109136.0,4536366.24
CLW,Clearwater Paper Corporation Common Stock,$16.86,0.46,2.805%,267555,271871766.00,United States,,Paper,Basic Materials,/market-activity/stocks/clw,16.86,2.805,271871766.0,267555.0,4510977.3
ACDC,ProFrac Holding Corp. Class A Common Stock,$4.87,0.10,2.096%,925819,881084067.00,United States,2022,Oilfield Services/Equipment,Energy,/market-activity/stocks/acdc,4.87,2.096,881084067.0,925819.0,4508738.53
ELMD,Electromed Inc. Common Stock,$40.52,-0.36,-0.881%,110536,335508193.00,United States,2011,Biotechnology: Electromedical & Electrotherapeutic Apparatus,Health Care,/market-activity/stocks/elmd,40.52,-0.881,335508193.0,110536.0,4478918.720000001
ARDT,Ardent Health Inc. Common Stock,$10.45,0.01,0.096%,428438,1498007824.00,United States,2024,Hospital/Nursing Management,Health Care,/market-activity/stocks/ardt,10.45,0.096,1498007824.0,428438.0,4477177.1
LAND,Gladstone Land Corporation Common Stock,$8.83,0.13,1.494%,506723,380895940.00,United States,2013,Real Estate Investment Trusts,Real Estate,/market-activity/stocks/land,8.83,1.494,380895940.0,506723.0,4474364.09
OGG,Osisko Gold Group Inc. Common Shares,$2.52,0.28,12.50%,1769087,770711349.00,Canada,2022,,,/market-activity/stocks/ogg,2.52,12.5,770711349.0,1769087.0,4458099.24
LTRX,Lantronix Inc. Common Stock,$5.72,0.40,7.519%,777075,227752840.00,United States,2000,Computer Communications Equipment,Telecommunications,/market-activity/stocks/ltrx,5.72,7.519,227752840.0,777075.0,4444869.0
AGBK,AGI Inc Class A Common Shares,$6.69,0.06,0.905%,662770,1069932168.00,Cayman Islands,2026,Commercial Banks,Finance,/market-activity/stocks/agbk,6.69,0.905,1069932168.0,662770.0,4433931.3
MTW,Manitowoc Company Inc. (The) Common Stock,$13.20,0.41,3.206%,335802,474006509.00,United States,,Construction/Ag Equipment/Trucks,Industrials,/market-activity/stocks/mtw,13.2,3.206,474006509.0,335802.0,4432586.399999999
OXLC,Oxford Lane Capital Corp. Common Stock,$8.82,-0.05,-0.564%,501517,1531152000.00,United States,2011,Investment Managers,Finance,/market-activity/stocks/oxlc,8.82,-0.564,1531152000.0,501517.0,4423379.94
NNBR,NN Inc. Common Stock,$3.42,-0.06,-1.724%,1280536,264308941.00,United States,1994,Industrial Machinery/Components,Industrials,/market-activity/stocks/nnbr,3.42,-1.724,264308941.0,1280536.0,4379433.12
DDD,3D Systems Corporation Common Stock,$2.78,0.15,5.703%,1573402,408512807.00,United States,,Computer Software: Prepackaged Software,Technology,/market-activity/stocks/ddd,2.78,5.703,408512807.0,1573402.0,4374057.56
AIOT,PowerFleet Inc. Common Stock,$4.17,-0.15,-3.472%,1046548,559534261.00,United States,,Telecommunications Equipment,Telecommunications,/market-activity/stocks/aiot,4.17,-3.472,559534261.0,1046548.0,4364105.16
NEWT,NewtekOne Inc. Common Stock,$14.88,-0.07,-0.468%,293111,429900312.00,United States,,Major Banks,Finance,/market-activity/stocks/newt,14.88,-0.468,429900312.0,293111.0,4361491.680000001
RILY,BRC Group Holdings Inc. Common Stock,$7.06,0.20,2.915%,613591,283774554.00,United States,,Investment Managers,Finance,/market-activity/stocks/rily,7.06,2.915,283774554.0,613591.0,4331952.46
CAL,Caleres Inc. Common Stock,$11.80,-0.06,-0.506%,366640,396358979.00,United States,,Shoe Manufacturing,Consumer Discretionary,/market-activity/stocks/cal,11.8,-0.506,396358979.0,366640.0,4326352.0
FIP,FTAI Infrastructure Inc. Common Stock ,$4.30,0.21,5.134%,1005868,508103287.00,United States,,Oil Refining/Marketing,Energy,/market-activity/stocks/fip,4.3,5.134,508103287.0,1005868.0,4325232.399999999
GHRS,GH Research PLC Ordinary Shares,$28.35,0.82,2.979%,152225,1943595883.00,Ireland,2021,Biotechnology: Pharmaceutical Preparations,Health Care,/market-activity/stocks/ghrs,28.35,2.979,1943595883.0,152225.0,4315578.75
MPB,Mid Penn Bancorp Common Stock,$35.27,0.02,0.057%,122054,893916104.00,United States,,Major Banks,Finance,/market-activity/stocks/mpb,35.27,0.057,893916104.0,122054.0,4304844.58
GAB,Gabelli Equity Trust Inc. (The) Common Stock,$5.63,0.03,0.536%,762271,1654190909.00,United States,1986,Investment Managers,Finance,/market-activity/stocks/gab,5.63,0.536,1654190909.0,762271.0,4291585.7299999995
OVID,Ovid Therapeutics Inc. Common Stock,$2.41,0.105,4.555%,1779651,449802646.00,United States,2017,Biotechnology: Pharmaceutical Preparations,Health Care,/market-activity/stocks/ovid,2.41,4.555,449802646.0,1779651.0,4288958.91
INNV,InnovAge Holding Corp. Common Stock,$11.84,0.76,6.859%,361622,1607118893.00,United States,2021,Medical/Nursing Services,Health Care,/market-activity/stocks/innv,11.84,6.859,1607118893.0,361622.0,4281604.4799999995
FDUS,Fidus Investment Corporation Common Stock,$19.79,0.13,0.661%,216223,751116864.00,United States,2011,Finance/Investors Services,Finance,/market-activity/stocks/fdus,19.79,0.661,751116864.0,216223.0,4279053.17
REI,Ring Energy Inc. Common Stock,$1.30,0.01,0.775%,3287726,272231934.00,United States,,Oil & Gas Production,Energy,/market-activity/stocks/rei,1.3,0.775,272231934.0,3287726.0,4274043.8
NMAX,Newsmax Inc. Class B Common Stock,$8.16,-0.03,-0.366%,521200,1053950863.00,United States,2025,Broadcasting,Industrials,/market-activity/stocks/nmax,8.16,-0.366,1053950863.0,521200.0,4252992.0
NEXN,Nexxen International Ltd. Ordinary Shares,$9.96,-0.12,-1.19%,422454,653004193.00,Israel,2021,Computer Software: Programming Data Processing,Technology,/market-activity/stocks/nexn,9.96,-1.19,653004193.0,422454.0,4207641.840000001
AMCX,AMC Global Media Inc. Class A Common Stock,$10.43,-0.09,-0.856%,402818,458166036.00,United States,,Cable & Other Pay Television Services,Telecommunications,/market-activity/stocks/amcx,10.43,-0.856,458166036.0,402818.0,4201391.74
OEC,Orion S.A. Common Shares,$7.20,0.16,2.273%,581557,405998273.00,Luxembourg,2014,Major Chemicals,Industrials,/market-activity/stocks/oec,7.2,2.273,405998273.0,581557.0,4187210.4
PRQR,ProQR Therapeutics N.V. Ordinary Shares,$1.88,0.12,6.818%,2225775,265308375.00,Netherlands,2014,Biotechnology: Pharmaceutical Preparations,Health Care,/market-activity/stocks/prqr,1.88,6.818,265308375.0,2225775.0,4184456.9999999995
LOVE,The Lovesac Company Common Stock,$17.59,-0.03,-0.17%,237813,257489773.00,United States,2018,Other Specialty Stores,Consumer Discretionary,/market-activity/stocks/love,17.59,-0.17,257489773.0,237813.0,4183130.67
IDR,Idaho Strategic Resources Inc. Common Stock,$29.69,2.05,7.417%,140033,469394714.00,United States,2022,Precious Metals,Basic Materials,/market-activity/stocks/idr,29.69,7.417,469394714.0,140033.0,4157579.77
GOGO,Gogo Inc. Common Stock,$3.60,0.09,2.564%,1153968,486858683.00,United States,2013,Telecommunications Equipment,Consumer Discretionary,/market-activity/stocks/gogo,3.6,2.564,486858683.0,1153968.0,4154284.8000000003
PTLO,Portillo's Inc. Class A Common Stock,$4.48,-0.08,-1.754%,926215,339608658.00,United States,2021,Restaurants,Consumer Discretionary,/market-activity/stocks/ptlo,4.48,-1.754,339608658.0,926215.0,4149443.2
SLI,Standard Lithium Ltd. Common Shares,$2.27,0.12,5.581%,1824740,559320906.00,Canada,2021,Major Chemicals,Industrials,/market-activity/stocks/sli,2.27,5.581,559320906.0,1824740.0,4142159.8
KULR,KULR Technology Group Inc. Common Stock,$2.94,0.18,6.522%,1405278,135996065.00,United States,,Electrical Products,Technology,/market-activity/stocks/kulr,2.94,6.522,135996065.0,1405278.0,4131517.32
HTB,HomeTrust Bancshares Inc. Common Stock,$48.56,0.06,0.124%,85048,816067796.00,United States,,Savings Institutions,Finance,/market-activity/stocks/htb,48.56,0.124,816067796.0,85048.0,4129930.8800000004
AIRO,AIRO Group Holdings Inc. Common Stock,$7.08,0.30,4.425%,582665,222635160.00,United States,2025,Aerospace,Industrials,/market-activity/stocks/airo,7.08,4.425,222635160.0,582665.0,4125268.2
BDJ,Blackrock Enhanced Equity Dividend Trust,$9.71,0.14,1.463%,423938,1718651668.00,United States,2005,Finance Companies,Finance,/market-activity/stocks/bdj,9.71,1.463,1718651668.0,423938.0,4116437.9800000004
GFUZ,General Fusion Group Ltd. Common Shares,$9.19,0.68,7.991%,447041,583976638.00,United States,2025,Electric Utilities: Central,Utilities,/market-activity/stocks/gfuz,9.19,7.991,583976638.0,447041.0,4108306.7899999996
BFS,Saul Centers Inc. Common Stock,$36.27,-0.04,-0.11%,113007,889911435.00,United States,1993,Real Estate Investment Trusts,Real Estate,/market-activity/stocks/bfs,36.27,-0.11,889911435.0,113007.0,4098763.89
FRMM,Forum Markets Incorporated Common Stock,$6.13,0.07,1.155%,668618,82085629.00,United States,2017,Biotechnology: Pharmaceutical Preparations,Health Care,/market-activity/stocks/frmm,6.13,1.155,82085629.0,668618.0,4098628.34
ANL,Adlai Nortye Ltd. American Depositary Shares,$13.00,1.02,8.514%,315141,947173201.00,Cayman Islands,2023,Biotechnology: Pharmaceutical Preparations,Health Care,/market-activity/stocks/anl,13.0,8.514,947173201.0,315141.0,4096833.0
IIIV,i3 Verticals Inc. Class A Common Stock,$20.68,-0.19,-0.91%,197655,577623710.00,United States,2018,Computer Software: Prepackaged Software,Technology,/market-activity/stocks/iiiv,20.68,-0.91,577623710.0,197655.0,4087505.4
BAK,Braskem SA ADR,$2.32,-0.04,-1.695%,1761591,924761087.00,Brazil,,Major Chemicals,Industrials,/market-activity/stocks/bak,2.32,-1.695,924761087.0,1761591.0,4086891.1199999996
AIXI,XIAO-I Corporation American Depositary Shares,$1.24,0.03,2.479%,3293407,3394211.00,China,2023,Computer Software: Prepackaged Software,Technology,/market-activity/stocks/aixi,1.24,2.479,3394211.0,3293407.0,4083824.68
MCBS,MetroCity Bankshares Inc. Common Stock,$36.32,0.11,0.304%,112413,1040932725.00,United States,2019,Major Banks,Finance,/market-activity/stocks/mcbs,36.32,0.304,1040932725.0,112413.0,4082840.16
PDM,Piedmont Realty Trust Inc. Class A Common Stock,$9.73,0.07,0.725%,419061,1216434899.00,United States,,Building operators,Real Estate,/market-activity/stocks/pdm,9.73,0.725,1216434899.0,419061.0,4077463.5300000003
MNTS,Momentus Inc. Class A Common Stock,$4.97,0.15,3.112%,816406,93614001.00,United States,2019,Military/Government/Technical,Industrials,/market-activity/stocks/mnts,4.97,3.112,93614001.0,816406.0,4057537.82
FLXS,Flexsteel Industries Inc. Common Stock,$74.95,1.86,2.545%,53892,401397048.00,United States,,Home Furnishings,Consumer Discretionary,/market-activity/stocks/flxs,74.95,2.545,401397048.0,53892.0,4039205.4000000004
CGBD,Carlyle Secured Lending Inc. Common Stock,$10.44,0.08,0.772%,386812,732114845.00,United States,2017,Finance: Consumer Services,Finance,/market-activity/stocks/cgbd,10.44,0.772,732114845.0,386812.0,4038317.28
YORW,York Water Company (The) Common Stock,$30.66,-0.60,-1.919%,131470,496978334.00,United States,,Water Supply,Utilities,/market-activity/stocks/yorw,30.66,-1.919,496978334.0,131470.0,4030870.2
BWFG,Bankwell Financial Group Inc. Common Stock,$60.10,0.48,0.805%,66948,479188118.00,United States,2014,Major Banks,Finance,/market-activity/stocks/bwfg,60.1,0.805,479188118.0,66948.0,4023574.8000000003
VNDA,Vanda Pharmaceuticals Inc. Common Stock,$5.48,0.16,3.008%,732341,329542880.00,United States,2006,Biotechnology: Pharmaceutical Preparations,Health Care,/market-activity/stocks/vnda,5.48,3.008,329542880.0,732341.0,4013228.68
TOYO,TOYO Co. Ltd Ordinary Shares,$5.06,-0.09,-1.748%,791895,193157870.00,Japan,,Miscellaneous manufacturing industries,Consumer Discretionary,/market-activity/stocks/toyo,5.06,-1.748,193157870.0,791895.0,4006988.6999999997
FRD,Friedman Industries Inc. Common Stock,$32.80,-1.17,-3.444%,121948,236579545.00,United States,,Steel/Iron Ore,Industrials,/market-activity/stocks/frd,32.8,-3.444,236579545.0,121948.0,3999894.3999999994
KRNY,Kearny Financial Corp Common Stock,$9.545,0.065,0.686%,418801,617935196.00,United States,2005,Savings Institutions,Finance,/market-activity/stocks/krny,9.545,0.686,617935196.0,418801.0,3997455.545
SHBI,Shore Bancshares Inc Common Stock,$23.12,0.11,0.478%,172332,773501125.00,United States,,Major Banks,Finance,/market-activity/stocks/shbi,23.12,0.478,773501125.0,172332.0,3984315.8400000003
AHRT,AH Realty Trust Inc. Common Stock,$7.13,0.11,1.567%,558612,541561973.00,United States,2013,Real Estate,Finance,/market-activity/stocks/ahrt,7.13,1.567,541561973.0,558612.0,3982903.56
BSIN,Big Sky Industrial Inc. Common Stock,$1.37,0.00,0.00%,2888310,71678988.00,United States,,Oil & Gas Production,Energy,/market-activity/stocks/bsin,1.37,0.0,71678988.0,2888310.0,3956984.7
MMI,Marcus & Millichap Inc. Common Stock,$30.41,-0.37,-1.202%,130001,1150161181.00,United States,2013,Real Estate,Finance,/market-activity/stocks/mmi,30.41,-1.202,1150161181.0,130001.0,3953330.41
CNNE,Cannae Holdings Inc. Common Stock,$14.79,0.08,0.544%,267231,649880084.00,United States,2017,Restaurants,Consumer Discretionary,/market-activity/stocks/cnne,14.79,0.544,649880084.0,267231.0,3952346.4899999998
MWC,Micware Co. Ltd. American Depositary Shares,$1.11,-0.58,-34.32%,3554452,65955550.00,Japan,2026,EDP Services,Technology,/market-activity/stocks/mwc,1.11,-34.32,65955550.0,3554452.0,3945441.72
RGR,Sturm Ruger & Company Inc. Common Stock,$38.78,0.59,1.545%,101324,618318131.00,United States,,Ordnance And Accessories,Industrials,/market-activity/stocks/rgr,38.78,1.545,618318131.0,101324.0,3929344.72
CGNT,Cognyte Software Ltd. Ordinary Shares,$8.60,-0.10,-1.149%,455628,625013213.00,Israel,,Computer Software: Prepackaged Software,Technology,/market-activity/stocks/cgnt,8.6,-1.149,625013213.0,455628.0,3918400.8
OCS,Oculis Holding AG Ordinary shares,$11.96,0.23,1.961%,327405,693493878.00,Switzerland,,Biotechnology: Pharmaceutical Preparations,Health Care,/market-activity/stocks/ocs,11.96,1.961,693493878.0,327405.0,3915763.8000000003
LYTS,LSI Industries Inc. Common Stock,$23.79,0.40,1.71%,164525,873388091.00,United States,1985,Building Products,Consumer Discretionary,/market-activity/stocks/lyts,23.79,1.71,873388091.0,164525.0,3914049.75
CBAN,Colony Bankcorp Inc. Common Stock,$20.85,-0.04,-0.191%,187638,441179099.00,United States,,Major Banks,Finance,/market-activity/stocks/cban,20.85,-0.191,441179099.0,187638.0,3912252.3000000003
NGS,Natural Gas Services Group Inc. Common Stock,$39.46,1.43,3.76%,98429,497131483.00,United States,2002,Oilfield Services/Equipment,Energy,/market-activity/stocks/ngs,39.46,3.76,497131483.0,98429.0,3884008.3400000003
LENZ,LENZ Therapeutics Inc. Common Stock,$5.16,0.20,4.032%,749381,161788673.00,United States,2021,Biotechnology: Biological Products (No Diagnostic Substances),Health Care,/market-activity/stocks/lenz,5.16,4.032,161788673.0,749381.0,3866805.96
BKTI,BK Technologies Corporation Common Stock,$79.48,0.42,0.531%,48153,297588857.00,United States,,Radio And Television Broadcasting And Communications Equipment,Technology,/market-activity/stocks/bkti,79.48,0.531,297588857.0,48153.0,3827200.4400000004
NKLR,Terra Innovatum Global N.V. Ordinary shares,$5.51,0.37,7.198%,694218,608860003.00,Italy,,Metal Fabrications,Industrials,/market-activity/stocks/nklr,5.51,7.198,608860003.0,694218.0,3825141.1799999997
XMAX,XMAX Inc. Common Stock,$8.62,0.15,1.771%,442867,548252050.00,United States,,Home Furnishings,Consumer Discretionary,/market-activity/stocks/xmax,8.62,1.771,548252050.0,442867.0,3817513.5399999996
TALK,Talkspace Inc. Common Stock,$5.22,0.01,0.192%,731153,874415595.00,United States,2020,Medical/Nursing Services,Health Care,/market-activity/stocks/talk,5.22,0.192,874415595.0,731153.0,3816618.6599999997
LRMR,Larimar Therapeutics Inc. Common Stock,$3.93,0.10,2.611%,969858,408259942.00,United States,2014,Biotechnology: Pharmaceutical Preparations,Health Care,/market-activity/stocks/lrmr,3.93,2.611,408259942.0,969858.0,3811541.94
PBYI,Puma Biotechnology Inc Common Stock,$8.58,0.28,3.373%,444140,436717332.00,United States,,Biotechnology: Pharmaceutical Preparations,Health Care,/market-activity/stocks/pbyi,8.58,3.373,436717332.0,444140.0,3810721.2
TMQ,Trilogy Metals Inc. Common Stock,$3.19,0.21,7.047%,1193562,551058588.00,Canada,,Precious Metals,Basic Materials,/market-activity/stocks/tmq,3.19,7.047,551058588.0,1193562.0,3807462.78
PMN,ProMIS Neurosciences Inc. Common Shares (ON),$14.49,-0.585,-3.881%,262014,129941872.00,Canada,,Biotechnology: Pharmaceutical Preparations,Health Care,/market-activity/stocks/pmn,14.49,-3.881,129941872.0,262014.0,3796582.86
CPS,Cooper-Standard Holdings Inc. Common Stock,$28.90,1.05,3.77%,131359,513127708.00,United States,,Auto Parts:O.E.M.,Consumer Discretionary,/market-activity/stocks/cps,28.9,3.77,513127708.0,131359.0,3796275.0999999996
JLHL,Julong Holding Limited Class A Ordinary Shares,$7.76,-0.85,-9.872%,488210,166441384.00,China,2025,Military/Government/Technical,Consumer Discretionary,/market-activity/stocks/jlhl,7.76,-9.872,166441384.0,488210.0,3788509.6
AMPY,Amplify Energy Corp. Common Stock,$4.03,0.10,2.545%,939766,166388371.00,United States,2016,Oil & Gas Production,Energy,/market-activity/stocks/ampy,4.03,2.545,166388371.0,939766.0,3787256.9800000004
NVCT,Nuvectis Pharma Inc. Common Stock,$19.08,1.05,5.824%,198434,601507170.00,United States,2022,Biotechnology: Pharmaceutical Preparations,Health Care,/market-activity/stocks/nvct,19.08,5.824,601507170.0,198434.0,3786120.7199999997
GDOT,Green Dot Corporation Class A Common Stock $0.001 par value,$13.38,0.00,0.00%,282300,758381946.00,United States,2010,Finance: Consumer Services,Finance,/market-activity/stocks/gdot,13.38,0.0,758381946.0,282300.0,3777174.0
AIBZ,Bitzero Holdings Inc. Common Shares,$7.11,0.77,12.145%,530617,383608425.00,Canada,,,,/market-activity/stocks/aibz,7.11,12.145,383608425.0,530617.0,3772686.87
VIVO,VivoPower PLC Class A Ordinary Shares,$4.08,0.29,7.652%,923131,112380034.00,United Kingdom,,Power Generation,Utilities,/market-activity/stocks/vivo,4.08,7.652,112380034.0,923131.0,3766374.48
LX,LexinFintech Holdings Ltd. American Depositary Shares,$1.44,-0.01,-0.69%,2609308,237295115.00,China,2017,Finance: Consumer Services,Finance,/market-activity/stocks/lx,1.44,-0.69,237295115.0,2609308.0,3757403.52
NSLR,Neostellar Capital Corp. Common Stock,$11.15,0.40,3.721%,336969,295176425.00,United States,2011,Finance: Consumer Services,Finance,/market-activity/stocks/nslr,11.15,3.721,295176425.0,336969.0,3757204.35
MATV,Mativ Holdings Inc. Common Stock,$8.08,0.11,1.38%,464192,445348818.00,United States,,Paper,Basic Materials,/market-activity/stocks/matv,8.08,1.38,445348818.0,464192.0,3750671.36
BBOT,BridgeBio Oncology Therapeutics Inc. Common Stock  ,$8.72,0.30,3.563%,429484,698533947.00,United States,2024,Biotechnology: Pharmaceutical Preparations,Health Care,/market-activity/stocks/bbot,8.72,3.563,698533947.0,429484.0,3745100.4800000004
MYGN,Myriad Genetics Inc. Common Stock,$5.91,-0.01,-0.169%,630699,558188921.00,United States,1995,Biotechnology: In Vitro & In Vivo Diagnostic Substances,Health Care,/market-activity/stocks/mygn,5.91,-0.169,558188921.0,630699.0,3727431.0900000003
OPFI,OppFi Inc. Class A Common Stock,$9.46,0.16,1.72%,393310,807820126.00,United States,2020,Finance: Consumer Services,Finance,/market-activity/stocks/opfi,9.46,1.72,807820126.0,393310.0,3720712.6000000006
CIVB,Civista Bancshares Inc. Common Stock,$28.62,0.09,0.315%,129697,594819420.00,United States,,Major Banks,Finance,/market-activity/stocks/civb,28.62,0.315,594819420.0,129697.0,3711928.14
CUE,Cue Biopharma Inc. Common Stock,$33.46,2.51,8.11%,110164,140543477.00,United States,2018,Biotechnology: Pharmaceutical Preparations,Health Care,/market-activity/stocks/cue,33.46,8.11,140543477.0,110164.0,3686087.44
IVA,Inventiva S.A. American Depository Shares,$4.48,0.065,1.472%,816764,1058535305.00,France,2020,Biotechnology: Pharmaceutical Preparations,Health Care,/market-activity/stocks/iva,4.48,1.472,1058535305.0,816764.0,3659102.72
TATT,TAT Technologies Ltd. Ordinary Shares,$40.72,0.93,2.337%,89827,528673339.00,Israel,,Aerospace,Industrials,/market-activity/stocks/tatt,40.72,2.337,528673339.0,89827.0,3657755.44
PDYN,Palladyne AI Corp. Common Stock,$5.25,0.24,4.79%,696713,248032181.00,United States,,Computer Software: Prepackaged Software,Technology,/market-activity/stocks/pdyn,5.25,4.79,248032181.0,696713.0,3657743.25
ESEA,Euroseas Ltd. Common Stock (Marshall Islands),$72.95,3.15,4.513%,49712,514726519.00,Greece,,Marine Transportation,Consumer Discretionary,/market-activity/stocks/esea,72.95,4.513,514726519.0,49712.0,3626490.4000000004
CTKB,Cytek Biosciences Inc. Common Stock,$4.57,-0.01,-0.218%,790822,590181623.00,United States,2021,Biotechnology: Laboratory Analytical Instruments,Industrials,/market-activity/stocks/ctkb,4.57,-0.218,590181623.0,790822.0,3614056.54
GPRK,Geopark Ltd Common Shares,$10.15,0.45,4.639%,355215,658691893.00,Bermuda,2014,Oil & Gas Production,Energy,/market-activity/stocks/gprk,10.15,4.639,658691893.0,355215.0,3605432.25
OPTX,Syntec Optics Holdings Inc. Class A Common Stock,$8.42,1.01,13.63%,423773,339156573.00,United States,2022,Electronic Components,Technology,/market-activity/stocks/optx,8.42,13.63,339156573.0,423773.0,3568168.66
NRP,Natural Resource Partners LP Limited Partnership,$96.84,0.84,0.875%,36829,1283169898.00,United States,2002,Coal Mining,Energy,/market-activity/stocks/nrp,96.84,0.875,1283169898.0,36829.0,3566520.3600000003
BWMN,Bowman Consulting Group Ltd. Common Stock,$26.40,0.44,1.695%,134740,462204178.00,United States,2021,Professional Services,Consumer Discretionary,/market-activity/stocks/bwmn,26.4,1.695,462204178.0,134740.0,3557136.0
NRIM,Northrim BanCorp Inc Common Stock,$27.90,0.01,0.036%,127373,620628971.00,United States,,Savings Institutions,Finance,/market-activity/stocks/nrim,27.9,0.036,620628971.0,127373.0,3553706.6999999997
NXTC,NextCure Inc. Common Stock,$5.11,-0.29,-5.37%,694843,18457811.00,United States,2019,Biotechnology: Pharmaceutical Preparations,Health Care,/market-activity/stocks/nxtc,5.11,-5.37,18457811.0,694843.0,3550647.7300000004
DCTH,Delcath Systems Inc. Common Stock,$12.81,0.22,1.747%,277117,442222298.00,United States,,Medical/Dental Instruments,Health Care,/market-activity/stocks/dcth,12.81,1.747,442222298.0,277117.0,3549868.77
RCKT,Rocket Pharmaceuticals Inc. Common Stock,$3.40,-0.03,-0.875%,1042906,371258067.00,United States,2015,Biotechnology: Pharmaceutical Preparations,Health Care,/market-activity/stocks/rckt,3.4,-0.875,371258067.0,1042906.0,3545880.4
GSBD,Goldman Sachs BDC Inc. Common Stock,$8.81,0.12,1.381%,402355,991733480.00,United States,2015,Investment Managers,Finance,/market-activity/stocks/gsbd,8.81,1.381,991733480.0,402355.0,3544747.5500000003
AIV,Apartment Investment and Management Company Common Stock,$2.70,0.03,1.124%,1304203,388411694.00,United States,1994,Real Estate Investment Trusts,Real Estate,/market-activity/stocks/aiv,2.7,1.124,388411694.0,1304203.0,3521348.1
ZURA,Zura Bio Limited Class A Ordinary Shares,$5.68,0.42,7.985%,619756,539586993.00,Cayman Islands,,Biotechnology: Biological Products (No Diagnostic Substances),Health Care,/market-activity/stocks/zura,5.68,7.985,539586993.0,619756.0,3520214.0799999996
NGVC,Natural Grocers by Vitamin Cottage Inc. Common Stock,$31.04,-0.32,-1.02%,113047,715185997.00,United States,2012,Food Chains,Consumer Staples,/market-activity/stocks/ngvc,31.04,-1.02,715185997.0,113047.0,3508978.88
HCKT,Hackett Group Inc (The). Common Stock,$10.17,-0.08,-0.78%,344935,256170981.00,United States,,Professional Services,Consumer Discretionary,/market-activity/stocks/hckt,10.17,-0.78,256170981.0,344935.0,3507988.95
BUUU,BUUU Group Limited Class A Ordinary Share,$20.25,-1.65,-7.534%,172423,337668750.00,Hong Kong,2025,Services-Misc. Amusement & Recreation,Consumer Discretionary,/market-activity/stocks/buuu,20.25,-7.534,337668750.0,172423.0,3491565.75
MLR,Miller Industries Inc. Common Stock,$50.38,0.77,1.552%,69241,574116172.00,United States,,Construction/Ag Equipment/Trucks,Consumer Discretionary,/market-activity/stocks/mlr,50.38,1.552,574116172.0,69241.0,3488361.58
GLAD,Gladstone Capital Corporation Common Stock,$19.53,-0.13,-0.661%,178303,441242638.00,United States,2001,Textiles,Consumer Discretionary,/market-activity/stocks/glad,19.53,-0.661,441242638.0,178303.0,3482257.5900000003
LEO,BNY Mellon Strategic Municipals Inc. Common Stock,$6.32,-0.05,-0.785%,549621,393678197.00,United States,1987,Trusts Except Educational Religious and Charitable,Finance,/market-activity/stocks/leo,6.32,-0.785,393678197.0,549621.0,3473604.72
ZUMZ,Zumiez Inc. Common Stock,$18.83,-0.13,-0.686%,183590,317703808.00,United States,2005,Clothing/Shoe/Accessory Stores,Consumer Discretionary,/market-activity/stocks/zumz,18.83,-0.686,317703808.0,183590.0,3456999.6999999997
ACNB,ACNB Corporation Common Stock,$61.20,0.50,0.824%,56388,624977093.00,United States,,Major Banks,Finance,/market-activity/stocks/acnb,61.2,0.824,624977093.0,56388.0,3450945.6
BZAI,Blaize Holdings Inc. Common Stock,$1.05,0.05,5.00%,3273701,151514434.00,United States,2025,Blank Checks,Finance,/market-activity/stocks/bzai,1.05,5.0,151514434.0,3273701.0,3437386.0500000003
INTG,Intergroup Corporation (The) Common Stock,$37.83,-0.77,-1.995%,90797,81289558.00,United States,,Building operators,Real Estate,/market-activity/stocks/intg,37.83,-1.995,81289558.0,90797.0,3434850.51
IBEX,IBEX Limited Common Shares,$34.94,-0.13,-0.371%,98238,467815713.00,Bermuda,2020,EDP Services,Technology,/market-activity/stocks/ibex,34.94,-0.371,467815713.0,98238.0,3432435.7199999997
HSHP,Himalaya Shipping Ltd. Common Shares,$15.48,0.76,5.163%,220434,723690000.00,,2023,Marine Transportation,Consumer Discretionary,/market-activity/stocks/hshp,15.48,5.163,723690000.0,220434.0,3412318.3200000003
CMPX,Compass Therapeutics Inc. Common Stock,$2.10,0.08,3.96%,1620605,378184622.00,United States,,Biotechnology: Biological Products (No Diagnostic Substances),Health Care,/market-activity/stocks/cmpx,2.1,3.96,378184622.0,1620605.0,3403270.5
SPTX,Seaport Therapeutics Inc. Common Stock,$21.00,0.45,2.19%,161521,1124141550.00,United States,2026,Biotechnology: Pharmaceutical Preparations,Health Care,/market-activity/stocks/sptx,21.0,2.19,1124141550.0,161521.0,3391941.0
HIPO,Hippo Holdings Inc. Common Stock,$29.06,-0.37,-1.257%,116405,756603748.00,United States,2021,Property-Casualty Insurers,Finance,/market-activity/stocks/hipo,29.06,-1.257,756603748.0,116405.0,3382729.3
IMRX,Immuneering Corporation Class A Common Stock,$4.46,0.17,3.963%,757255,288550413.00,United States,2021,Biotechnology: Pharmaceutical Preparations,Health Care,/market-activity/stocks/imrx,4.46,3.963,288550413.0,757255.0,3377357.3
BTX,BlackRock Technology and Private Equity Term Trust Common Shares of Beneficial Interest,$8.40,0.32,3.96%,402027,1980687862.00,United States,2021,,,/market-activity/stocks/btx,8.4,3.96,1980687862.0,402027.0,3377026.8000000003
EBS,Emergent BioSolutions Inc. Common Stock,$7.65,-0.04,-0.52%,440806,394711664.00,United States,2006,Biotechnology: Pharmaceutical Preparations,Health Care,/market-activity/stocks/ebs,7.65,-0.52,394711664.0,440806.0,3372165.9000000004
NRXP,NRX Pharmaceuticals Inc. Common Stock,$4.46,0.28,6.699%,751958,161581304.00,United States,2017,Biotechnology: Pharmaceutical Preparations,Health Care,/market-activity/stocks/nrxp,4.46,6.699,161581304.0,751958.0,3353732.68
ELA,Envela Corporation Common Stock,$21.47,0.80,3.87%,156190,557435830.00,United States,,Consumer Specialties,Consumer Discretionary,/market-activity/stocks/ela,21.47,3.87,557435830.0,156190.0,3353399.3
UHT,Universal Health Realty Income Trust Common Stock,$43.88,0.16,0.366%,76398,608861240.00,United States,,Real Estate Investment Trusts,Real Estate,/market-activity/stocks/uht,43.88,0.366,608861240.0,76398.0,3352344.24
SCZM,Santacruz Silver Mining Ltd. Common Shares,$6.56,0.55,9.151%,510768,606738985.00,Canada,,,,/market-activity/stocks/sczm,6.56,9.151,606738985.0,510768.0,3350638.0799999996
AROW,Arrow Financial Corporation Common Stock,$41.29,0.00,0.00%,81141,682483195.00,United States,,Major Banks,Finance,/market-activity/stocks/arow,41.29,0.0,682483195.0,81141.0,3350311.89
BMRC,Bank of Marin Bancorp Common Stock,$28.85,0.26,0.909%,115950,467073047.00,United States,,Major Banks,Finance,/market-activity/stocks/bmrc,28.85,0.909,467073047.0,115950.0,3345157.5
OCC,Optical Cable Corporation Common Stock,$17.15,1.93,12.681%,194105,151384628.00,United States,,Telecommunications Equipment,Industrials,/market-activity/stocks/occ,17.15,12.681,151384628.0,194105.0,3328900.7499999995
CDXS,Codexis Inc. Common Stock,$2.20,-0.01,-0.452%,1511429,199972447.00,United States,2010,Major Chemicals,Industrials,/market-activity/stocks/cdxs,2.2,-0.452,199972447.0,1511429.0,3325143.8000000003
RMR,The RMR Group Inc. Class A Common Stock,$20.35,0.46,2.313%,163212,632750303.00,United States,,Professional Services,Consumer Discretionary,/market-activity/stocks/rmr,20.35,2.313,632750303.0,163212.0,3321364.2
TRDA,Entrada Therapeutics Inc. Common Stock,$6.46,0.12,1.893%,513756,250781179.00,United States,2021,Biotechnology: Pharmaceutical Preparations,Health Care,/market-activity/stocks/trda,6.46,1.893,250781179.0,513756.0,3318863.76
EDIT,Editas Medicine Inc. Common Stock,$2.89,0.01,0.347%,1145721,282949155.00,United States,2016,Biotechnology: Biological Products (No Diagnostic Substances),Health Care,/market-activity/stocks/edit,2.89,0.347,282949155.0,1145721.0,3311133.69
ATOM,Atomera Incorporated Common Stock,$5.855,0.375,6.843%,561653,226685108.00,United States,2016,Semiconductors,Technology,/market-activity/stocks/atom,5.855,6.843,226685108.0,561653.0,3288478.3150000004
BWB,Bridgewater Bancshares Inc. Common Stock,$21.89,-0.06,-0.273%,149641,610366904.00,United States,2018,Major Banks,Finance,/market-activity/stocks/bwb,21.89,-0.273,610366904.0,149641.0,3275641.49
TVRD,Tvardi Therapeutics Inc. Common Stock,$2.86,-0.07,-2.389%,1144071,35583517.00,United States,2014,Biotechnology: Pharmaceutical Preparations,Health Care,/market-activity/stocks/tvrd,2.86,-2.389,35583517.0,1144071.0,3272043.06
NUCL,Eagle Nuclear Energy Corp. Common stock,$5.88,0.47,8.688%,556087,173926360.00,United States,,Other Metals and Minerals,Basic Materials,/market-activity/stocks/nucl,5.88,8.688,173926360.0,556087.0,3269791.56
GSM,Ferroglobe PLC Ordinary Shares,$3.40,0.08,2.41%,961572,635325758.00,United Kingdom,,Metal Mining,Basic Materials,/market-activity/stocks/gsm,3.4,2.41,635325758.0,961572.0,3269344.8
LODE,Comstock Inc. Common Stock,$3.96,0.09,2.326%,824924,300615813.00,United States,,Major Chemicals,Industrials,/market-activity/stocks/lode,3.96,2.326,300615813.0,824924.0,3266699.04
WHK,WhiteHawk Minerals Corp Class A Common Stock,$25.82,0.07,0.272%,126447,670586170.00,,2026,Oil & Gas Production,Energy,/market-activity/stocks/whk,25.82,0.272,670586170.0,126447.0,3264861.54
CJMB,Callan JMB Inc. Common Stock,$1.44,0.23,19.008%,2267226,8130410.00,United States,2025,Business Services,Consumer Discretionary,/market-activity/stocks/cjmb,1.44,19.008,8130410.0,2267226.0,3264805.44
IHRT,iHeartMedia Inc. Class A Common Stock,$3.74,-0.21,-5.316%,872029,565309965.00,United States,,Broadcasting,Consumer Discretionary,/market-activity/stocks/ihrt,3.74,-5.316,565309965.0,872029.0,3261388.46
VTEX,VTEX Class A Common Shares,$4.17,-0.02,-0.477%,781509,793816446.00,United Kingdom,2021,Computer Software: Prepackaged Software,Technology,/market-activity/stocks/vtex,4.17,-0.477,793816446.0,781509.0,3258892.53
EOLS,Evolus Inc. Common Stock,$5.805,0.26,4.689%,558763,382286830.00,United States,2018,Biotechnology: Pharmaceutical Preparations,Health Care,/market-activity/stocks/eols,5.805,4.689,382286830.0,558763.0,3243619.215
RFIL,RF Industries Ltd. Common Stock,$13.72,0.69,5.295%,236316,148879356.00,United States,,Electrical Products,Technology,/market-activity/stocks/rfil,13.72,5.295,148879356.0,236316.0,3242255.52
RMAX,RE/MAX Holdings Inc. Class A Common Stock,$10.74,-0.06,-0.556%,301733,228040444.00,United States,2013,Real Estate,Finance,/market-activity/stocks/rmax,10.74,-0.556,228040444.0,301733.0,3240612.42
KIDS,OrthoPediatrics Corp. Common Stock,$19.49,-0.03,-0.154%,166190,500600533.00,United States,2017,Medical/Dental Instruments,Health Care,/market-activity/stocks/kids,19.49,-0.154,500600533.0,166190.0,3239043.0999999996
VREX,Varex Imaging Corporation Common Stock,$10.72,0.10,0.942%,302132,451312000.00,United States,,Industrial Machinery/Components,Technology,/market-activity/stocks/vrex,10.72,0.942,451312000.0,302132.0,3238855.04
FATE,Fate Therapeutics Inc. Common Stock,$2.83,0.035,1.252%,1142692,329862496.00,United States,2013,Biotechnology: Biological Products (No Diagnostic Substances),Health Care,/market-activity/stocks/fate,2.83,1.252,329862496.0,1142692.0,3233818.36
SVCO,Silvaco Group Inc. Common Stock,$8.82,0.97,12.357%,364119,288313073.00,United States,2024,Computer Software: Prepackaged Software,Technology,/market-activity/stocks/svco,8.82,12.357,288313073.0,364119.0,3211529.58
ACEL,Accel Entertainment Inc. ,$12.14,-0.17,-1.381%,263228,988109806.00,United States,2017,Services-Misc. Amusement & Recreation,Consumer Discretionary,/market-activity/stocks/acel,12.14,-1.381,988109806.0,263228.0,3195587.92
SITC,SITE Centers Corp. Common Stock,$4.38,-0.03,-0.68%,728743,229839948.00,United States,,Real Estate Investment Trusts,Real Estate,/market-activity/stocks/sitc,4.38,-0.68,229839948.0,728743.0,3191894.34
XRN,Chiron Real Estate Inc. Common Stock,$37.92,0.88,2.376%,83903,501864754.00,United States,2016,Real Estate Investment Trusts,Real Estate,/market-activity/stocks/xrn,37.92,2.376,501864754.0,83903.0,3181601.7600000002
WATT,Energous Corporation Common Stock,$16.54,1.39,9.175%,191109,90988211.00,United States,2014,Radio And Television Broadcasting And Communications Equipment,Technology,/market-activity/stocks/watt,16.54,9.175,90988211.0,191109.0,3160942.86
PXED,Phoenix Education Partners Inc. Common Stock,$30.08,0.17,0.568%,104867,1084305070.00,,2025,Other Consumer Services,Real Estate,/market-activity/stocks/pxed,30.08,0.568,1084305070.0,104867.0,3154399.36
DPRO,Draganfly Inc. Common Shares,$4.54,0.29,6.824%,694450,165691563.00,Canada,,Aerospace,Industrials,/market-activity/stocks/dpro,4.54,6.824,165691563.0,694450.0,3152803.0
FNKO,Funko Inc. Class A Common Stock,$5.81,0.18,3.197%,539576,324958297.00,United States,2017,Recreational Games/Products/Toys,Consumer Discretionary,/market-activity/stocks/fnko,5.81,3.197,324958297.0,539576.0,3134936.5599999996
HPK,HighPeak Energy Inc. Common Stock,$7.72,0.35,4.749%,405955,975484563.00,United States,,Oil & Gas Production,Energy,/market-activity/stocks/hpk,7.72,4.749,975484563.0,405955.0,3133972.6
PALI,Palisade Bio Inc. Common Stock,$1.92,0.01,0.524%,1631434,333272966.00,United States,,Biotechnology: Biological Products (No Diagnostic Substances),Health Care,/market-activity/stocks/pali,1.92,0.524,333272966.0,1631434.0,3132353.28
LE,Lands' End Inc. Common Stock,$11.89,-0.02,-0.168%,262304,365508909.00,United States,,Clothing/Shoe/Accessory Stores,Consumer Discretionary,/market-activity/stocks/le,11.89,-0.168,365508909.0,262304.0,3118794.56
COOK,Traeger Inc. Common Stock,$69.10,2.24,3.35%,45117,192222864.00,United States,2021,Consumer Electronics/Appliances,Consumer Discretionary,/market-activity/stocks/cook,69.1,3.35,192222864.0,45117.0,3117584.6999999997
TBN,Tamboran Resources Corporation Common stock,$33.25,0.97,3.005%,93712,941603724.00,,2024,Oil & Gas Production,Energy,/market-activity/stocks/tbn,33.25,3.005,941603724.0,93712.0,3115924.0
FPI,Farmland Partners Inc. Common Stock,$9.71,0.08,0.831%,320517,423523022.00,United States,2014,Real Estate Investment Trusts,Real Estate,/market-activity/stocks/fpi,9.71,0.831,423523022.0,320517.0,3112220.0700000003
BST,BlackRock Science and Technology Trust Common Shares of Beneficial Interest,$45.89,0.87,1.932%,67684,1016822819.00,United States,2014,Finance Companies,Finance,/market-activity/stocks/bst,45.89,1.932,1016822819.0,67684.0,3106018.7600000002
LIME,Neutron Holdings Inc. Common Stock,$25.25,0.23,0.919%,122906,1616654884.00,United States,2026,Computer Software: Prepackaged Software,Technology,/market-activity/stocks/lime,25.25,0.919,1616654884.0,122906.0,3103376.5
TRLV,Trulieve Cannabis Corp. Subordinate Voting Shares,$8.96,0.20,2.283%,345186,1723072019.00,,, Medicinal Chemicals and Botanical Products ,Health Care,/market-activity/stocks/trlv,8.96,2.283,1723072019.0,345186.0,3092866.5600000005
NCT,Intercont (Cayman) Limited Class A Ordinary shares,$2.88,0.00,0.00%,1064859,27775693.00,China,2025,Restaurants,Consumer Discretionary,/market-activity/stocks/nct,2.88,0.0,27775693.0,1064859.0,3066793.92
TITN,Titan Machinery Inc. Common Stock,$19.31,0.16,0.836%,158634,449965096.00,United States,2007,Other Specialty Stores,Consumer Discretionary,/market-activity/stocks/titn,19.31,0.836,449965096.0,158634.0,3063222.5399999996
KDK,Kodiak AI Inc. Common Stock ,$4.37,0.08,1.865%,700774,871380893.00,United States,,EDP Services,Technology,/market-activity/stocks/kdk,4.37,1.865,871380893.0,700774.0,3062382.38
BSRR,Sierra Bancorp Common Stock,$41.86,0.19,0.456%,73090,547494642.00,United States,,Major Banks,Finance,/market-activity/stocks/bsrr,41.86,0.456,547494642.0,73090.0,3059547.4
TIPT,Tiptree Inc. Common Stock,$17.89,0.07,0.393%,170678,672128642.00,United States,,Property-Casualty Insurers,Finance,/market-activity/stocks/tipt,17.89,0.393,672128642.0,170678.0,3053429.42
ACCO,Acco Brands Corporation Common Stock,$4.02,-0.01,-0.248%,759215,370876332.00,United States,,Publishing,Consumer Discretionary,/market-activity/stocks/acco,4.02,-0.248,370876332.0,759215.0,3052044.3
DCBO,Docebo Inc. Common Shares,$19.36,-0.12,-0.616%,156189,497594979.00,Canada,,Computer Software: Prepackaged Software,Technology,/market-activity/stocks/dcbo,19.36,-0.616,497594979.0,156189.0,3023819.04
GVH,Globavend Holdings Limited Ordinary Shares,$1.10,-0.38,-25.676%,2743201,2657129.00,Australia,2023,Integrated Freight & Logistics,Industrials,/market-activity/stocks/gvh,1.1,-25.676,2657129.0,2743201.0,3017521.1
FVR,FrontView REIT Inc. Common Stock,$21.68,0.14,0.65%,139020,491095967.00,United States,2024,Real Estate Investment Trusts,Real Estate,/market-activity/stocks/fvr,21.68,0.65,491095967.0,139020.0,3013953.6
BETR,Better Home & Finance Holding Company Class A Common Stock,$23.62,0.63,2.74%,127445,445705219.00,United Kingdom,2021,Finance: Consumer Services,Finance,/market-activity/stocks/betr,23.62,2.74,445705219.0,127445.0,3010250.9
PINE,Alpine Income Property Trust Inc. Common Stock,$21.27,0.22,1.045%,141523,351480560.00,United States,2019,Real Estate Investment Trusts,Real Estate,/market-activity/stocks/pine,21.27,1.045,351480560.0,141523.0,3010194.21
SPRO,Spero Therapeutics Inc. Common Stock,$1.38,-0.06,-4.167%,2180306,79904060.00,United States,2017,Biotechnology: Pharmaceutical Preparations,Health Care,/market-activity/stocks/spro,1.38,-4.167,79904060.0,2180306.0,3008822.28
GCTS,GCT Semiconductor Holding Inc. Common Stock,$2.17,0.07,3.333%,1385698,197389734.00,United States,2021,Semiconductors,Technology,/market-activity/stocks/gcts,2.17,3.333,197389734.0,1385698.0,3006964.6599999997
LSAK,Lesaka Technologies Inc. Common Stock,$4.75,-0.01,-0.21%,632468,407534772.00,South Africa,,Investment Bankers/Brokers/Service,Finance,/market-activity/stocks/lsak,4.75,-0.21,407534772.0,632468.0,3004223.0
RNGR,Ranger Energy Services Inc. Class A Common Stock,$16.19,0.62,3.982%,185253,384700676.00,United States,2017,Oilfield Services/Equipment,Energy,/market-activity/stocks/rngr,16.19,3.982,384700676.0,185253.0,2999246.0700000003
FJET,Starfighters Space Inc. Common Stock,$4.03,0.34,9.214%,744133,199994195.00,United States,2025,Air Freight/Delivery Services,Consumer Discretionary,/market-activity/stocks/fjet,4.03,9.214,199994195.0,744133.0,2998855.99
KTF,DWS Municipal Income Trust,$9.08,-0.02,-0.22%,329186,358668517.00,United States,1988,Finance Companies,Finance,/market-activity/stocks/ktf,9.08,-0.22,358668517.0,329186.0,2989008.88
INR,Infinity Natural Resources Inc. Class A Common Stock,$13.42,0.41,3.151%,221420,852597253.00,United States,2025,Oil & Gas Production,Energy,/market-activity/stocks/inr,13.42,3.151,852597253.0,221420.0,2971456.4
IRD,Opus Genetics Inc. Common Stock,$3.06,0.01,0.328%,970645,252651455.00,United States,,Biotechnology: Pharmaceutical Preparations,Health Care,/market-activity/stocks/ird,3.06,0.328,252651455.0,970645.0,2970173.7
ASMB,Assembly Biosciences Inc. Common Stock,$26.47,1.41,5.626%,112050,420677334.00,United States,2010,Biotechnology: Pharmaceutical Preparations,Health Care,/market-activity/stocks/asmb,26.47,5.626,420677334.0,112050.0,2965963.5
ELVR,Elevra Lithium Limited American Depository Shares,$56.82,0.65,1.157%,52194,962398807.00,Australia,,Mining & Quarrying of Nonmetallic Minerals (No Fuels),Industrials,/market-activity/stocks/elvr,56.82,1.157,962398807.0,52194.0,2965663.08
FF,FutureFuel Corp.  Common shares,$4.99,0.23,4.832%,591316,218878900.00,United States,,Major Chemicals,Industrials,/market-activity/stocks/ff,4.99,4.832,218878900.0,591316.0,2950666.8400000003
MGNX,MacroGenics Inc. Common Stock,$4.54,0.22,5.093%,648403,288576578.00,United States,2013,Biotechnology: Pharmaceutical Preparations,Health Care,/market-activity/stocks/mgnx,4.54,5.093,288576578.0,648403.0,2943749.62
IMXI,International Money Express Inc. Common Stock,$13.07,-0.16,-1.209%,224865,393335010.00,United States,2017,Business Services,Consumer Discretionary,/market-activity/stocks/imxi,13.07,-1.209,393335010.0,224865.0,2938985.5500000003
MFIC,MidCap Financial Investment Corporation Common Stock,$9.61,0.01,0.104%,304050,791600955.00,United States,2004,Finance/Investors Services,Finance,/market-activity/stocks/mfic,9.61,0.104,791600955.0,304050.0,2921920.5
LOCO,El Pollo Loco Holdings Inc. Common Stock,$16.28,0.15,0.93%,178580,495812251.00,United States,2014,Restaurants,Consumer Discretionary,/market-activity/stocks/loco,16.28,0.93,495812251.0,178580.0,2907282.4000000004
SABS,SAB Biotherapeutics Inc. Common Stock,$3.64,0.13,3.704%,795140,278329302.00,United States,2021,Biotechnology: Biological Products (No Diagnostic Substances),Health Care,/market-activity/stocks/sabs,3.64,3.704,278329302.0,795140.0,2894309.6
RMIX,Suncrete Inc. Class A Common Stock,$19.28,1.07,5.876%,150101,1380479851.00,United States,,Building Materials,Industrials,/market-activity/stocks/rmix,19.28,5.876,1380479851.0,150101.0,2893947.2800000003
HMH,HMH Holding Inc. Class A Common Stock,$19.85,0.72,3.764%,145191,873448116.00,United States,2026,Oil and Gas Field Machinery,Consumer Discretionary,/market-activity/stocks/hmh,19.85,3.764,873448116.0,145191.0,2882041.35
SPH,Suburban Propane Partners L.P. Common Stock,$18.33,0.27,1.495%,156199,1216068235.00,United States,1996,Other Specialty Stores,Consumer Discretionary,/market-activity/stocks/sph,18.33,1.495,1216068235.0,156199.0,2863127.67
SD,SandRidge Energy Inc. Common Stock,$13.82,0.15,1.097%,207170,510210339.00,United States,2016,Oil & Gas Production,Energy,/market-activity/stocks/sd,13.82,1.097,510210339.0,207170.0,2863089.4
NXP,Nuveen Select Tax Free Income Portfolio Common Stock,$14.41,-0.03,-0.208%,198304,674375218.00,United States,1992,Trusts Except Educational Religious and Charitable,Finance,/market-activity/stocks/nxp,14.41,-0.208,674375218.0,198304.0,2857560.64
PKOH,Park-Ohio Holdings Corp. Common Stock,$39.27,1.76,4.692%,72750,565416097.00,United States,,Industrial Specialties,Industrials,/market-activity/stocks/pkoh,39.27,4.692,565416097.0,72750.0,2856892.5
HQH,abrdn Healthcare Investors Shares of Beneficial Interest,$21.27,0.36,1.722%,134134,1007001052.00,United States,1987,Finance Companies,Finance,/market-activity/stocks/hqh,21.27,1.722,1007001052.0,134134.0,2853030.18
PACK,Ranpak Holdings Corp Class A Common Stock,$6.77,0.21,3.201%,418449,579138804.00,United States,2018,Containers/Packaging,Consumer Discretionary,/market-activity/stocks/pack,6.77,3.201,579138804.0,418449.0,2832899.73
NEWP,New Pacific Metals Corp. Common Shares,$4.34,0.18,4.327%,652616,803203171.00,Canada,2021,Precious Metals,Basic Materials,/market-activity/stocks/newp,4.34,4.327,803203171.0,652616.0,2832353.44
TLS,Telos Corporation Common Stock,$4.46,-0.11,-2.407%,632498,333693521.00,United States,2020,EDP Services,Technology,/market-activity/stocks/tls,4.46,-2.407,333693521.0,632498.0,2820941.08
LKFT,Lakefront Biotherapeutics American Depositary Shares,$29.23,0.21,0.724%,96055,1926171385.00,Belgium,2015,Biotechnology: Pharmaceutical Preparations,Health Care,/market-activity/stocks/lkft,29.23,0.724,1926171385.0,96055.0,2807687.65
LWAY,Lifeway Foods Inc. Common Stock,$31.00,-0.02,-0.064%,90493,473738528.00,United States,,Packaged Foods,Consumer Staples,/market-activity/stocks/lway,31.0,-0.064,473738528.0,90493.0,2805283.0
CXDO,Crexendo Inc. Common Stock,$7.80,0.11,1.43%,358835,252839909.00,United States,,Telecommunications Equipment,Telecommunications,/market-activity/stocks/cxdo,7.8,1.43,252839909.0,358835.0,2798913.0
KRRO,Korro Bio Inc. Common Stock,$11.96,0.46,4.00%,233739,172493949.00,United States,2019,Biotechnology: Pharmaceutical Preparations,Health Care,/market-activity/stocks/krro,11.96,4.0,172493949.0,233739.0,2795518.4400000004
MCFT,MasterCraft Boat Holdings Inc. Common Stock,$24.68,0.10,0.407%,113221,401787685.00,United States,2015,Marine Transportation,Industrials,/market-activity/stocks/mcft,24.68,0.407,401787685.0,113221.0,2794294.28
ACB,Aurora Cannabis Inc. Common Shares,$2.68,0.09,3.475%,1042110,166044556.00,Canada,, Medicinal Chemicals and Botanical Products ,Health Care,/market-activity/stocks/acb,2.68,3.475,166044556.0,1042110.0,2792854.8000000003
GMM,Global Mofy AI Limited Class A Ordinary Shares,$3.17,-0.34,-9.687%,880621,6192278.00,China,2023,Computer Software: Programming Data Processing,Technology,/market-activity/stocks/gmm,3.17,-9.687,6192278.0,880621.0,2791568.57
CION,CION Investment Corporation Common Stock,$6.17,0.13,2.152%,452211,307199426.00,United States,2021,Finance/Investors Services,Finance,/market-activity/stocks/cion,6.17,2.152,307199426.0,452211.0,2790141.87
GAIN,Gladstone Investment Corporation Business Development Company,$16.54,0.13,0.792%,168568,658655334.00,United States,2005,Finance: Consumer Services,Finance,/market-activity/stocks/gain,16.54,0.792,658655334.0,168568.0,2788114.7199999997
OSG,Octave Specialty Group Inc. Common Stock,$5.95,-0.19,-3.094%,468420,267830872.00,United States,,Property-Casualty Insurers,Finance,/market-activity/stocks/osg,5.95,-3.094,267830872.0,468420.0,2787099.0
ACIC,American Coastal Insurance Corporation Common Stock,$10.19,-0.12,-1.164%,273446,493848639.00,United States,,Property-Casualty Insurers,Finance,/market-activity/stocks/acic,10.19,-1.164,493848639.0,273446.0,2786414.7399999998
GMTL,Guardian Metal Resources PLC ADS,$12.20,1.08,9.712%,228338,473379471.00,,2026,Metal Mining,Basic Materials,/market-activity/stocks/gmtl,12.2,9.712,473379471.0,228338.0,2785723.5999999996
GIC,Global Industrial Company Common Stock,$34.54,0.31,0.906%,80376,1321538359.00,United States,,Industrial Machinery/Components,Industrials,/market-activity/stocks/gic,34.54,0.906,1321538359.0,80376.0,2776187.04
RM,Regional Management Corp. Common Stock,$42.58,0.98,2.356%,65010,392082814.00,United States,2012,Finance: Consumer Services,Finance,/market-activity/stocks/rm,42.58,2.356,392082814.0,65010.0,2768125.8
BSVN,Bank7 Corp. Common stock,$49.52,-0.19,-0.382%,55862,471397469.00,United States,2018,Major Banks,Finance,/market-activity/stocks/bsvn,49.52,-0.382,471397469.0,55862.0,2766286.24
PANL,Pangaea Logistics Solutions Ltd. Common Shares,$7.50,0.33,4.603%,365573,490611923.00,United States,2013,Marine Transportation,Consumer Discretionary,/market-activity/stocks/panl,7.5,4.603,490611923.0,365573.0,2741797.5
XPER,Xperi Inc. Common Stock ,$7.61,0.31,4.247%,360265,367345780.00,United States,2022,Computer Software: Prepackaged Software,Technology,/market-activity/stocks/xper,7.61,4.247,367345780.0,360265.0,2741616.65
AVBH,Avidbank Holdings Inc. Common stock,$32.35,0.17,0.528%,84729,354399652.00,United States,,Commercial Banks,Finance,/market-activity/stocks/avbh,32.35,0.528,354399652.0,84729.0,2740983.15
CSV,Carriage Services Inc. Common Stock,$36.65,-0.45,-1.213%,74719,581720821.00,United States,,Other Consumer Services,Consumer Discretionary,/market-activity/stocks/csv,36.65,-1.213,581720821.0,74719.0,2738451.35
EU,enCore Energy Corp. Common Shares,$1.22,0.04,3.39%,2238481,236964265.00,United States,,Other Metals and Minerals,Basic Materials,/market-activity/stocks/eu,1.22,3.39,236964265.0,2238481.0,2730946.82
CRMT,America's Car-Mart Inc Common Stock,$3.90,0.45,13.043%,691318,32476583.00,United States,,Retail-Auto Dealers and Gas Stations,Consumer Discretionary,/market-activity/stocks/crmt,3.9,13.043,32476583.0,691318.0,2696140.1999999997
TASK,TaskUs Inc. Class A Common Stock,$5.84,0.02,0.344%,461255,534816717.00,United States,2021,EDP Services,Technology,/market-activity/stocks/task,5.84,0.344,534816717.0,461255.0,2693729.1999999997
WNW,Meiwu Technology Company Limited Ordinary Shares,$2.68,-0.47,-14.921%,1004574,3565662.00,China,2020,Catalog/Specialty Distribution,Consumer Discretionary,/market-activity/stocks/wnw,2.68,-14.921,3565662.0,1004574.0,2692258.3200000003
TCBX,Third Coast Bancshares Inc. Common Stock,$40.07,0.03,0.075%,66928,664844285.00,United States,,Banks,Finance,/market-activity/stocks/tcbx,40.07,0.075,664844285.0,66928.0,2681804.96
ODTX,Odyssey Therapeutics Inc. Common Stock,$18.22,0.64,3.641%,147084,875130650.00,United States,2026,Biotechnology: Biological Products (No Diagnostic Substances),Health Care,/market-activity/stocks/odtx,18.22,3.641,875130650.0,147084.0,2679870.48
ARCT,Arcturus Therapeutics Holdings Inc. Common Stock,$5.99,0.02,0.335%,447115,170254183.00,Israel,2013,Biotechnology: Pharmaceutical Preparations,Health Care,/market-activity/stocks/arct,5.99,0.335,170254183.0,447115.0,2678218.85
BSTZ,BlackRock Science and Technology Term Trust Common Shares of Beneficial Interest,$28.66,0.98,3.54%,92924,635043408.00,United States,2019,Trusts Except Educational Religious and Charitable,Finance,/market-activity/stocks/bstz,28.66,3.54,635043408.0,92924.0,2663201.84
DTIL,Precision BioSciences Inc. Common Stock,$7.62,0.26,3.533%,349492,196613122.00,United States,2019,Biotechnology: Biological Products (No Diagnostic Substances),Health Care,/market-activity/stocks/dtil,7.62,3.533,196613122.0,349492.0,2663129.04
WRN,Western Copper and Gold Corporation Common Stock,$2.20,0.06,2.804%,1206114,496393590.00,Canada,2011,Metal Mining,Basic Materials,/market-activity/stocks/wrn,2.2,2.804,496393590.0,1206114.0,2653450.8000000003
CRBU,Caribou Biosciences Inc. Common Stock,$1.65,0.03,1.852%,1605767,163647949.00,United States,2021,Biotechnology: Biological Products (No Diagnostic Substances),Health Care,/market-activity/stocks/crbu,1.65,1.852,163647949.0,1605767.0,2649515.55
TBCH,Turtle Beach Corporation Common Stock,$13.00,0.02,0.154%,203728,258016473.00,United States,,Telecommunications Equipment,Telecommunications,/market-activity/stocks/tbch,13.0,0.154,258016473.0,203728.0,2648464.0
KINS,Kingstone Companies Inc. Common Stock,$19.91,-0.27,-1.338%,132763,288393184.00,United States,,Property-Casualty Insurers,Finance,/market-activity/stocks/kins,19.91,-1.338,288393184.0,132763.0,2643311.33
SOPH,SOPHiA GENETICS SA Ordinary Shares,$6.50,0.17,2.686%,404878,466637379.00,Switzerland,2021,Biotechnology: Biological Products (No Diagnostic Substances),Health Care,/market-activity/stocks/soph,6.5,2.686,466637379.0,404878.0,2631707.0
MGPI,MGP Ingredients Inc.,$17.91,-0.30,-1.647%,146648,382758855.00,United States,,Beverages (Production/Distribution),Consumer Staples,/market-activity/stocks/mgpi,17.91,-1.647,382758855.0,146648.0,2626465.68
OPK,OPKO Health Inc. Common Stock,$1.21,0.01,0.833%,2167159,913661630.00,United States,,Biotechnology: Pharmaceutical Preparations,Health Care,/market-activity/stocks/opk,1.21,0.833,913661630.0,2167159.0,2622262.39
PBT,Permian Basin Royalty Trust Common Stock,$28.75,0.07,0.244%,90644,1340002885.00,United States,,Oil & Gas Production,Energy,/market-activity/stocks/pbt,28.75,0.244,1340002885.0,90644.0,2606015.0
CATX,Perspective Therapeutics Inc. Common Stock,$2.98,0.06,2.055%,873905,339857667.00,United States,,Medical/Dental Instruments,Health Care,/market-activity/stocks/catx,2.98,2.055,339857667.0,873905.0,2604236.9
LFMD,LifeMD Inc. Common Stock,$4.09,-0.23,-5.324%,636549,197802666.00,United States,,Medical/Nursing Services,Health Care,/market-activity/stocks/lfmd,4.09,-5.324,197802666.0,636549.0,2603485.4099999997
PKBK,Parke Bancorp Inc. Common Stock,$32.74,0.15,0.46%,79499,384071303.00,United States,,Major Banks,Finance,/market-activity/stocks/pkbk,32.74,0.46,384071303.0,79499.0,2602797.2600000002
CVGI,Commercial Vehicle Group Inc. Common Stock,$4.88,0.42,9.417%,530857,178225867.00,United States,2004,Auto Parts:O.E.M.,Consumer Discretionary,/market-activity/stocks/cvgi,4.88,9.417,178225867.0,530857.0,2590582.16
WEST,Westrock Coffee Company Common Stock,$7.71,0.42,5.761%,335158,752171887.00,United States,,Beverages (Production/Distribution),Consumer Staples,/market-activity/stocks/west,7.71,5.761,752171887.0,335158.0,2584068.18
LILA,Liberty Latin America Ltd. Class A Common Stock,$7.23,-0.12,-1.633%,357326,1601734041.00,United States,,Cable & Other Pay Television Services,Telecommunications,/market-activity/stocks/lila,7.23,-1.633,1601734041.0,357326.0,2583466.98
CCAP,Crescent Capital BDC Inc. Common stock,$11.07,0.11,1.004%,232456,407884689.00,United States,,Finance: Consumer Services,Finance,/market-activity/stocks/ccap,11.07,1.004,407884689.0,232456.0,2573287.92
VUZI,Vuzix Corporation Common Stock,$2.45,0.16,6.987%,1049157,203737732.00,United States,,Radio And Television Broadcasting And Communications Equipment,Technology,/market-activity/stocks/vuzi,2.45,6.987,203737732.0,1049157.0,2570434.6500000004
FTW,Presidio Production Company Class A Common Stock,$12.03,-0.05,-0.414%,213618,376463584.00,,,Oil & Gas Production,Energy,/market-activity/stocks/ftw,12.03,-0.414,376463584.0,213618.0,2569824.54
SIF,SIFCO Industries Inc. Common Stock,$24.31,1.30,5.65%,105453,152037852.00,United States,1969,Aerospace,Industrials,/market-activity/stocks/sif,24.31,5.65,152037852.0,105453.0,2563562.4299999997
SHIP,Seanergy Maritime Holdings Corp. Common Stock,$15.23,0.82,5.69%,167923,330006656.00,Greece,,Marine Transportation,Consumer Discretionary,/market-activity/stocks/ship,15.23,5.69,330006656.0,167923.0,2557467.29
SRZN,Surrozen Inc. Common Stock,$22.99,0.83,3.745%,111109,266922429.00,United States,,Biotechnology: Biological Products (No Diagnostic Substances),Health Care,/market-activity/stocks/srzn,22.99,3.745,266922429.0,111109.0,2554395.9099999997
NUS,Nu Skin Enterprises Inc. Common Stock,$5.26,-0.07,-1.313%,484294,255375856.00,United States,1996,Other Pharmaceuticals,Health Care,/market-activity/stocks/nus,5.26,-1.313,255375856.0,484294.0,2547386.44
ZSQR,Z Squared Inc. Common Stock,$5.33,0.805,17.79%,477348,274129858.00,United States,2020,Finance: Consumer Services,Finance,/market-activity/stocks/zsqr,5.33,17.79,274129858.0,477348.0,2544264.84
BHB,Bar Harbor Bankshares Inc. Common Stock,$38.03,0.09,0.237%,66842,636702215.00,United States,1997,Major Banks,Finance,/market-activity/stocks/bhb,38.03,0.237,636702215.0,66842.0,2542001.2600000002
NMFC,New Mountain Finance Corporation Common Stock,$7.02,0.02,0.286%,361894,663055778.00,United States,,Finance/Investors Services,Finance,/market-activity/stocks/nmfc,7.02,0.286,663055778.0,361894.0,2540495.88
MTRX,Matrix Service Company Common Stock,$12.51,0.40,3.303%,201670,351954464.00,United States,1990,Engineering & Construction,Consumer Discretionary,/market-activity/stocks/mtrx,12.51,3.303,351954464.0,201670.0,2522891.7
LXFR,Luxfer Holdings PLC Ordinary Shares,$16.86,0.81,5.047%,147547,459210374.00,United Kingdom,2012,Major Chemicals,Basic Materials,/market-activity/stocks/lxfr,16.86,5.047,459210374.0,147547.0,2487642.42
VMD,Viemed Healthcare Inc. Common Shares,$11.92,-0.05,-0.418%,208467,456974680.00,United States,,Misc Health and Biotechnology Services,Health Care,/market-activity/stocks/vmd,11.92,-0.418,456974680.0,208467.0,2484926.64
MTA,Metalla Royalty & Streaming Ltd. Common Shares,$7.54,0.32,4.432%,328309,704558425.00,Canada,,Precious Metals,Basic Materials,/market-activity/stocks/mta,7.54,4.432,704558425.0,328309.0,2475449.86
SAR,Saratoga Investment Corp New,$19.50,0.09,0.464%,126914,318056720.00,United States,,Investment Managers,Finance,/market-activity/stocks/sar,19.5,0.464,318056720.0,126914.0,2474823.0
OPRT,Oportun Financial Corporation Common Stock,$5.77,-0.18,-3.025%,427436,264857812.00,United States,2019,Finance: Consumer Services,Finance,/market-activity/stocks/oprt,5.77,-3.025,264857812.0,427436.0,2466305.7199999997
NPB,Northpointe Bancshares Inc. Common Stock,$18.71,-0.02,-0.107%,131696,647026264.00,United States,2025,Major Banks,Finance,/market-activity/stocks/npb,18.71,-0.107,647026264.0,131696.0,2464032.16
SSYS,Stratasys Ltd. Ordinary Shares (Israel),$8.37,0.29,3.589%,293135,721264151.00,United States,1994,Computer peripheral equipment,Technology,/market-activity/stocks/ssys,8.37,3.589,721264151.0,293135.0,2453539.9499999997
ZENA,ZenaTech Inc. Common Stock,$1.51,0.03,2.027%,1624733,129730185.00,Canada,,Computer Software: Prepackaged Software,Technology,/market-activity/stocks/zena,1.51,2.027,129730185.0,1624733.0,2453346.83
VTVT,vTv Therapeutics Inc. Class A Common Stock,$32.91,0.53,1.637%,73616,129629034.00,United States,2015,Biotechnology: Pharmaceutical Preparations,Health Care,/market-activity/stocks/vtvt,32.91,1.637,129629034.0,73616.0,2422702.5599999996
NATR,Nature's Sunshine Products Inc. Common Stock,$20.86,-0.10,-0.477%,115992,366820409.00,United States,,Biotechnology: Pharmaceutical Preparations,Health Care,/market-activity/stocks/natr,20.86,-0.477,366820409.0,115992.0,2419593.12
IRS,IRSA Inversiones Y Representaciones S.A. Global Depositary Shares (Each representing ten shares of Common Stock),$15.37,0.28,1.856%,156825,1246195173.00,Argentina,,Homebuilding,Real Estate,/market-activity/stocks/irs,15.37,1.856,1246195173.0,156825.0,2410400.25
LMRI,Lumexa Imaging Holdings Inc. Common Stock,$11.13,0.03,0.27%,216149,1069378581.00,United States,2025,Medical Specialities,Health Care,/market-activity/stocks/lmri,11.13,0.27,1069378581.0,216149.0,2405738.37
CASS,Cass Information Systems Inc Common Stock,$53.21,-0.23,-0.43%,45201,684873838.00,United States,,Business Services,Consumer Discretionary,/market-activity/stocks/cass,53.21,-0.43,684873838.0,45201.0,2405145.21
TWI,Titan International Inc. (DE) Common Stock,$7.76,0.20,2.646%,309329,499526410.00,United States,,Steel/Iron Ore,Industrials,/market-activity/stocks/twi,7.76,2.646,499526410.0,309329.0,2400393.04
SKYX,SKYX Platforms Corp. Common Stock,$1.22,0.00,0.00%,1966034,164070585.00,United States,2022,Building Products,Consumer Discretionary,/market-activity/stocks/skyx,1.22,0.0,164070585.0,1966034.0,2398561.48
BCSF,Bain Capital Specialty Finance Inc. Common Stock,$12.82,0.16,1.264%,186520,831614260.00,United States,2018,Finance/Investors Services,Finance,/market-activity/stocks/bcsf,12.82,1.264,831614260.0,186520.0,2391186.4
GDRX,GoodRx Holdings Inc. Class A Common Stock,$3.02,-0.12,-3.822%,791753,1022799626.00,United States,2020,EDP Services,Technology,/market-activity/stocks/gdrx,3.02,-3.822,1022799626.0,791753.0,2391094.06
CTNM,Contineum Therapeutics Inc. Class A Common Stock,$13.90,0.37,2.735%,171505,519670640.00,United States,2024,Biotechnology: Pharmaceutical Preparations,Health Care,/market-activity/stocks/ctnm,13.9,2.735,519670640.0,171505.0,2383919.5
UPB,Upstream Bio Inc. Common Stock,$6.98,0.00,0.00%,340988,379851502.00,United States,2024,Biotechnology: Pharmaceutical Preparations,Health Care,/market-activity/stocks/upb,6.98,0.0,379851502.0,340988.0,2380096.24
ANGI,Angi Inc. Class A Common Stock,$6.00,-0.24,-3.846%,396610,243137682.00,United States,,Advertising,Consumer Discretionary,/market-activity/stocks/angi,6.0,-3.846,243137682.0,396610.0,2379660.0
CLMB,Climb Global Solutions Inc. Common Stock,$25.82,0.39,1.534%,91729,480179704.00,United States,,Retail: Computer Software & Peripheral Equipment,Technology,/market-activity/stocks/clmb,25.82,1.534,480179704.0,91729.0,2368442.78
KZIA,Kazia Therapeutics Limited American Depositary Shares,$14.15,0.60,4.428%,166994,161690621.00,Australia,,Biotechnology: Pharmaceutical Preparations,Health Care,/market-activity/stocks/kzia,14.15,4.428,161690621.0,166994.0,2362965.1
CWCO,Consolidated Water Co. Ltd. Ordinary Shares,$28.84,-0.16,-0.552%,81874,461445480.00,Cayman Islands,,Water Supply,Utilities,/market-activity/stocks/cwco,28.84,-0.552,461445480.0,81874.0,2361246.16
CHPT,ChargePoint Holdings Inc. Common Stock,$5.74,0.22,3.986%,411132,148652402.00,United States,2019,Industrial Specialties,Consumer Discretionary,/market-activity/stocks/chpt,5.74,3.986,148652402.0,411132.0,2359897.68
FXHO,UTime Limited Class A Ordinary Shares,$14.87,0.07,0.473%,158604,80590880.00,China,2021,Consumer Electronics/Appliances,Technology,/market-activity/stocks/fxho,14.87,0.473,80590880.0,158604.0,2358441.48
GRNT,Granite Ridge Resources Inc. Common Stock,$4.70,0.07,1.512%,501401,619911153.00,United States,2022,Oil & Gas Production,Energy,/market-activity/stocks/grnt,4.7,1.512,619911153.0,501401.0,2356584.7
OLP,One Liberty Properties Inc. Common Stock,$25.34,0.28,1.117%,92744,552904812.00,United States,1986,Real Estate Investment Trusts,Real Estate,/market-activity/stocks/olp,25.34,1.117,552904812.0,92744.0,2350132.96
EVEX,Eve Holding Inc. Common Stock,$2.45,0.03,1.24%,958893,853346231.00,United States,2022,Aerospace,Industrials,/market-activity/stocks/evex,2.45,1.24,853346231.0,958893.0,2349287.85
USAU,U.S. Gold Corp. Common Stock,$14.13,0.01,0.071%,166159,233161433.00,United States,,Metal Mining,Basic Materials,/market-activity/stocks/usau,14.13,0.071,233161433.0,166159.0,2347826.67
SPRB,Spruce Biosciences Inc. Common Stock,$45.68,1.18,2.652%,50916,125724059.00,United States,2020,Biotechnology: Pharmaceutical Preparations,Health Care,/market-activity/stocks/sprb,45.68,2.652,125724059.0,50916.0,2325842.88
XZO,Exzeo Group Inc. Common Stock,$15.81,-0.49,-3.006%,147109,1437420378.00,,2025,Property-Casualty Insurers,Finance,/market-activity/stocks/xzo,15.81,-3.006,1437420378.0,147109.0,2325793.29
SI,Shoulder Innovations Inc. Common Stock,$20.80,-0.19,-0.905%,111113,431355101.00,United States,2025,Medical/Dental Instruments,Health Care,/market-activity/stocks/si,20.8,-0.905,431355101.0,111113.0,2311150.4
AKBA,Akebia Therapeutics Inc. Common Stock,$1.30,0.02,1.563%,1775281,348735716.00,United States,2014,Biotechnology: Pharmaceutical Preparations,Health Care,/market-activity/stocks/akba,1.3,1.563,348735716.0,1775281.0,2307865.3000000003
MASS,908 Devices Inc. Common Stock,$7.35,0.32,4.552%,313676,277930114.00,United States,2020,Industrial Machinery/Components,Industrials,/market-activity/stocks/mass,7.35,4.552,277930114.0,313676.0,2305518.6
CRESY,Cresud S.A.C.I.F. y A. American Depositary Shares,$11.22,0.47,4.372%,205396,795780699.00,Argentina,1997,Real Estate,Finance,/market-activity/stocks/cresy,11.22,4.372,795780699.0,205396.0,2304543.12
PERI,Perion Network Ltd. Ordinary Shares,$9.47,-0.16,-1.661%,242310,372458121.00,Israel,2006,EDP Services,Technology,/market-activity/stocks/peri,9.47,-1.661,372458121.0,242310.0,2294675.7
RSKD,Riskified Ltd. Class A Ordinary Shares,$5.17,-0.07,-1.336%,442733,766220450.00,,2021,Business Services,Consumer Discretionary,/market-activity/stocks/rskd,5.17,-1.336,766220450.0,442733.0,2288929.61
ELDN,Eledon Pharmaceuticals Inc. Common Stock,$3.95,0.09,2.332%,579434,304891901.00,United States,2014,Biotechnology: Pharmaceutical Preparations,Health Care,/market-activity/stocks/eldn,3.95,2.332,304891901.0,579434.0,2288764.3000000003
NATH,Nathan's Famous Inc. Common Stock,$97.88,0.37,0.379%,23375,400760361.00,United States,1993,Restaurants,Consumer Discretionary,/market-activity/stocks/nath,97.88,0.379,400760361.0,23375.0,2287945.0
GIPR,Generation Income Properties Inc. Common Stock,$1.01,-0.09,-8.182%,2256236,1040706.00,United States,,Real Estate Investment Trusts,Real Estate,/market-activity/stocks/gipr,1.01,-8.182,1040706.0,2256236.0,2278798.36
EIKN,Eikon Therapeutics Inc. Common Stock,$9.91,0.26,2.694%,229382,536513803.00,United States,2026,Biotechnology: Biological Products (No Diagnostic Substances),Health Care,/market-activity/stocks/eikn,9.91,2.694,536513803.0,229382.0,2273175.62
STXS,Stereotaxis Inc. Common Stock,$1.47,-0.03,-2.00%,1542897,143963092.00,United States,,Biotechnology: Electromedical & Electrotherapeutic Apparatus,Health Care,/market-activity/stocks/stxs,1.47,-2.0,143963092.0,1542897.0,2268058.59
YALA,Yalla Group Limited American Depositary Shares each representing one Class A Ordinary Share,$5.43,0.02,0.37%,417542,824431399.00,United Arab Emirates,2020,Computer Software: Programming Data Processing,Technology,/market-activity/stocks/yala,5.43,0.37,824431399.0,417542.0,2267253.06
BBDC,Barings BDC Inc. Common Stock,$8.44,0.05,0.596%,268204,883726101.00,United States,,Diversified Financial Services,Finance,/market-activity/stocks/bbdc,8.44,0.596,883726101.0,268204.0,2263641.76
MBI,MBIA Inc. Common Stock,$6.30,-0.09,-1.408%,358674,320884446.00,United States,1987,Property-Casualty Insurers,Finance,/market-activity/stocks/mbi,6.3,-1.408,320884446.0,358674.0,2259646.1999999997
RJET,Republic Airways Holdings Inc. Common Stock,$17.66,-0.19,-1.064%,127699,827008546.00,United States,2018,Air Freight/Delivery Services,Consumer Discretionary,/market-activity/stocks/rjet,17.66,-1.064,827008546.0,127699.0,2255164.34
THRY,Thryv Holdings Inc. Common Stock,$3.75,-0.11,-2.85%,601149,166311698.00,United States,,Advertising,Consumer Discretionary,/market-activity/stocks/thry,3.75,-2.85,166311698.0,601149.0,2254308.75
SGP,SpyGlass Pharma Inc. Common Stock,$20.27,0.25,1.249%,111056,677694106.00,United States,2026,Medical/Dental Instruments,Health Care,/market-activity/stocks/sgp,20.27,1.249,677694106.0,111056.0,2251105.12
NAKA,Nakamoto Inc. Common Stock,$4.80,0.17,3.672%,468316,83530272.00,United States,2024,Medical/Nursing Services,Health Care,/market-activity/stocks/naka,4.8,3.672,83530272.0,468316.0,2247916.8
VOXR,Vox Royalty Corp. Common Stock,$4.26,0.09,2.158%,527373,295867526.00,Canada,,Precious Metals,Basic Materials,/market-activity/stocks/voxr,4.26,2.158,295867526.0,527373.0,2246608.98
HY,Hyster-Yale Inc. Class A common stock,$32.80,1.02,3.21%,68426,587641586.00,United States,,Construction/Ag Equipment/Trucks,Industrials,/market-activity/stocks/hy,32.8,3.21,587641586.0,68426.0,2244372.8
WOOF,Petco Health and Wellness Company Inc. Class A Common Stock,$2.70,-0.01,-0.369%,830001,873061292.00,United States,2021,Other Specialty Stores,Consumer Discretionary,/market-activity/stocks/woof,2.7,-0.369,873061292.0,830001.0,2241002.7
BNAI,Brand Engagement Network Inc. Common Stock,$11.11,0.24,2.208%,201597,72300403.00,United States,2021,EDP Services,Technology,/market-activity/stocks/bnai,11.11,2.208,72300403.0,201597.0,2239742.67
EDN,Empresa Distribuidora Y Comercializadora Norte S.A. (Edenor) American Depositary Shares,$26.55,1.45,5.777%,84272,1201199579.00,Argentina,2007,Electric Utilities: Central,Utilities,/market-activity/stocks/edn,26.55,5.777,1201199579.0,84272.0,2237421.6
RNA,Atrium Therapeutics Inc. Common Stock,$12.29,0.53,4.507%,181872,210228352.00,United States,,Biotechnology: Pharmaceutical Preparations,Health Care,/market-activity/stocks/rna,12.29,4.507,210228352.0,181872.0,2235206.88
ASTL,Algoma Steel Group Inc. Common Shares,$3.85,0.14,3.774%,580523,405746183.00,Canada,,Steel/Iron Ore,Industrials,/market-activity/stocks/astl,3.85,3.774,405746183.0,580523.0,2235013.5500000003
AIRS,AirSculpt Technologies Inc. Common Stock,$4.86,0.08,1.674%,458262,342852010.00,United States,2021,Medical/Nursing Services,Health Care,/market-activity/stocks/airs,4.86,1.674,342852010.0,458262.0,2227153.3200000003
HDSN,Hudson Technologies Inc. Common Stock,$6.00,-0.11,-1.80%,370846,252412728.00,United States,,Industrial Specialties,Consumer Discretionary,/market-activity/stocks/hdsn,6.0,-1.8,252412728.0,370846.0,2225076.0
TWIN,Twin Disc Incorporated Common Stock,$23.12,1.01,4.568%,95605,333455760.00,United States,,Industrial Machinery/Components,Industrials,/market-activity/stocks/twin,23.12,4.568,333455760.0,95605.0,2210387.6
IMMR,Immersion Corporation Common Stock,$6.52,0.09,1.40%,338072,215814947.00,United States,1999,Computer peripheral equipment,Technology,/market-activity/stocks/immr,6.52,1.4,215814947.0,338072.0,2204229.44
SCM,Stellus Capital Investment Corporation Common Stock,$7.34,0.20,2.801%,299498,212472844.00,United States,2012,Finance/Investors Services,Finance,/market-activity/stocks/scm,7.34,2.801,212472844.0,299498.0,2198315.32
CRON,Cronos Group Inc. Common Share,$2.80,0.00,0.00%,784710,1053524380.00,Canada,, Medicinal Chemicals and Botanical Products ,Health Care,/market-activity/stocks/cron,2.8,0.0,1053524380.0,784710.0,2197188.0
PRTH,Priority Technology Holdings Inc. Common Stock,$6.54,0.18,2.83%,335788,538602812.00,United States,2016,Business Services,Consumer Discretionary,/market-activity/stocks/prth,6.54,2.83,538602812.0,335788.0,2196053.52
MX,Magnachip Semiconductor Corporation Common Stock,$3.74,0.36,10.651%,583351,136288794.00,Luxembourg,2011,Semiconductors,Technology,/market-activity/stocks/mx,3.74,10.651,136288794.0,583351.0,2181732.74
SUPV,Grupo Supervielle S.A. American Depositary Shares each Representing five Class B shares,$9.69,0.04,0.415%,223777,885127856.00,,2016,Commercial Banks,Finance,/market-activity/stocks/supv,9.69,0.415,885127856.0,223777.0,2168399.13
AMWL,American Well Corporation Class A Common Stock,$12.47,-0.11,-0.874%,173884,208354783.00,United States,2020,Business Services,Consumer Discretionary,/market-activity/stocks/amwl,12.47,-0.874,208354783.0,173884.0,2168333.48
NAGE,Niagen Bioscience Inc. Common Stock,$3.49,0.12,3.561%,619564,277958701.00,United States,, Medicinal Chemicals and Botanical Products ,Health Care,/market-activity/stocks/nage,3.49,3.561,277958701.0,619564.0,2162278.3600000003
AURA,Aura Biosciences Inc. Common Stock,$7.03,0.21,3.079%,307564,727158004.00,United States,2021,Biotechnology: Biological Products (No Diagnostic Substances),Health Care,/market-activity/stocks/aura,7.03,3.079,727158004.0,307564.0,2162174.92
VYGR,Voyager Therapeutics Inc. Common Stock,$3.14,0.09,2.951%,686048,189722841.00,United States,2015,Biotechnology: Biological Products (No Diagnostic Substances),Health Care,/market-activity/stocks/vygr,3.14,2.951,189722841.0,686048.0,2154190.72
GBFH,GBank Financial Holdings Inc. Common Stock,$31.73,0.84,2.719%,67788,459144269.00,United States,,Commercial Banks,Finance,/market-activity/stocks/gbfh,31.73,2.719,459144269.0,67788.0,2150913.24
CBNK,Capital Bancorp Inc. Common Stock,$35.78,0.08,0.224%,60114,583545681.00,United States,2018,Major Banks,Finance,/market-activity/stocks/cbnk,35.78,0.224,583545681.0,60114.0,2150878.92
KRO,Kronos Worldwide Inc Common Stock,$6.73,0.22,3.379%,318984,774307471.00,United States,,Major Chemicals,Basic Materials,/market-activity/stocks/kro,6.73,3.379,774307471.0,318984.0,2146762.3200000003
ENTA,Enanta Pharmaceuticals Inc. Common Stock,$13.42,0.26,1.976%,159607,390231860.00,United States,2013,Biotechnology: Pharmaceutical Preparations,Health Care,/market-activity/stocks/enta,13.42,1.976,390231860.0,159607.0,2141925.94
TRC,Tejon Ranch Co Common Stock,$17.93,-0.03,-0.167%,118740,484185916.00,United States,2000,Real Estate,Finance,/market-activity/stocks/trc,17.93,-0.167,484185916.0,118740.0,2129008.2
BRCB,Black Rock Coffee Bar Inc. Class A Common Stock,$7.93,-0.09,-1.122%,268200,396942550.00,United States,2025,Restaurants,Consumer Discretionary,/market-activity/stocks/brcb,7.93,-1.122,396942550.0,268200.0,2126826.0
KBDC,Kayne Anderson BDC Inc. Common Stock,$13.60,0.04,0.295%,156304,902360027.00,,2024,,,/market-activity/stocks/kbdc,13.6,0.295,902360027.0,156304.0,2125734.4
NCSM,NCS Multistage Holdings Inc. Common Stock,$45.51,3.55,8.46%,46617,119442042.00,United States,2017,Oilfield Services/Equipment,Energy,/market-activity/stocks/ncsm,45.51,8.46,119442042.0,46617.0,2121539.67
AVXL,Anavex Life Sciences Corp. Common Stock,$2.555,0.135,5.579%,829793,236776342.00,United States,,Biotechnology: Biological Products (No Diagnostic Substances),Health Care,/market-activity/stocks/avxl,2.555,5.579,236776342.0,829793.0,2120121.115
LEGH,Legacy Housing Corporation Common Stock (TX),$26.38,0.02,0.076%,80360,627358634.00,United States,2018,Homebuilding,Consumer Discretionary,/market-activity/stocks/legh,26.38,0.076,627358634.0,80360.0,2119896.8
NPCE,Neuropace Inc. Common Stock,$15.46,-0.29,-1.841%,136913,527089298.00,United States,2021,Medical/Dental Instruments,Health Care,/market-activity/stocks/npce,15.46,-1.841,527089298.0,136913.0,2116674.98
ANIX,Anixa Biosciences Inc. Common Stock,$3.56,0.10,2.89%,592425,121122104.00,United States,,Biotechnology: Pharmaceutical Preparations,Health Care,/market-activity/stocks/anix,3.56,2.89,121122104.0,592425.0,2109033.0
IGIC,International General Insurance Holdings Ltd. Ordinary Share,$28.11,-0.16,-0.566%,74944,1204294692.00,Jordan,2018,Property-Casualty Insurers,Finance,/market-activity/stocks/igic,28.11,-0.566,1204294692.0,74944.0,2106675.84
RAIL,FreightCar America Inc. Common Stock,$7.81,0.35,4.692%,269668,255978686.00,United States,2005,Railroads,Industrials,/market-activity/stocks/rail,7.81,4.692,255978686.0,269668.0,2106107.08
FMAO,Farmers & Merchants Bancorp Inc. Common Stock,$30.90,0.12,0.39%,67655,425437009.00,United States,,Savings Institutions,Finance,/market-activity/stocks/fmao,30.9,0.39,425437009.0,67655.0,2090539.5
EBF,Ennis Inc. Common Stock,$21.25,-0.08,-0.375%,98350,537588280.00,United States,,Office Equipment/Supplies/Services,Consumer Discretionary,/market-activity/stocks/ebf,21.25,-0.375,537588280.0,98350.0,2089937.5
BBCP,Concrete Pumping Holdings Inc. Common Stock,$10.46,-0.03,-0.286%,199066,527115173.00,United States,2017,Engineering & Construction,Consumer Discretionary,/market-activity/stocks/bbcp,10.46,-0.286,527115173.0,199066.0,2082230.36
TYGO,Tigo Energy Inc. Common Stock,$1.76,0.08,4.762%,1176281,133602997.00,United States,2021,Semiconductors,Technology,/market-activity/stocks/tygo,1.76,4.762,133602997.0,1176281.0,2070254.56
BWAY,BrainsWay Ltd. American Depositary Shares,$16.15,-0.35,-2.121%,127998,646533370.00,Israel,2019,Medical/Dental Instruments,Health Care,/market-activity/stocks/bway,16.15,-2.121,646533370.0,127998.0,2067167.6999999997
DBI,Designer Brands Inc. Class A Common Stock,$5.77,0.09,1.585%,357847,292983746.00,United States,,Clothing/Shoe/Accessory Stores,Consumer Discretionary,/market-activity/stocks/dbi,5.77,1.585,292983746.0,357847.0,2064777.19
BYRN,Byrna Technologies Inc. Common Stock,$3.40,0.22,6.918%,603851,77157410.00,United States,,Industrial Machinery/Components,Miscellaneous,/market-activity/stocks/byrn,3.4,6.918,77157410.0,603851.0,2053093.4
CZFS,Citizens Financial Services Inc. Common Stock,$74.29,2.71,3.786%,27626,356958695.00,United States,,Major Banks,Finance,/market-activity/stocks/czfs,74.29,3.786,356958695.0,27626.0,2052335.5400000003
MG,Mistras Group Inc Common Stock,$15.73,0.38,2.476%,130467,500476392.00,United States,2009,Military/Government/Technical,Consumer Discretionary,/market-activity/stocks/mg,15.73,2.476,500476392.0,130467.0,2052245.9100000001
OXSQ,Oxford Square Capital Corp. Common Stock,$1.47,0.00,0.00%,1390755,154435616.00,United States,2003,Blank Checks,Finance,/market-activity/stocks/oxsq,1.47,0.0,154435616.0,1390755.0,2044409.8499999999
GLRE,Greenlight Capital Re Ltd. Class A Ordinary Shares,$16.50,-0.45,-2.655%,123697,547246392.00,Cayman Islands,2007,Property-Casualty Insurers,Finance,/market-activity/stocks/glre,16.5,-2.655,547246392.0,123697.0,2041000.5
FRAF,Franklin Financial Services Corporation Common Stock,$63.50,0.515,0.818%,32031,285307532.00,United States,,Major Banks,Finance,/market-activity/stocks/fraf,63.5,0.818,285307532.0,32031.0,2033968.5
FRPH,FRP Holdings Inc. Common Stock,$23.37,-0.29,-1.226%,86933,448009327.00,United States,,Real Estate,Finance,/market-activity/stocks/frph,23.37,-1.226,448009327.0,86933.0,2031624.2100000002
RMT,Royce Micro-Cap Trust Inc. Common Stock,$14.10,0.18,1.293%,143722,652394409.00,United States,,Investment Managers,Finance,/market-activity/stocks/rmt,14.1,1.293,652394409.0,143722.0,2026480.2
EAF,GrafTech International Ltd. Common Stock,$6.52,0.20,3.165%,310529,169831884.00,United States,2018,Industrial Machinery/Components,Energy,/market-activity/stocks/eaf,6.52,3.165,169831884.0,310529.0,2024649.0799999998
AVNW,Aviat Networks Inc. Common Stock,$20.77,0.16,0.776%,97360,268752647.00,United States,,Radio And Television Broadcasting And Communications Equipment,Technology,/market-activity/stocks/avnw,20.77,0.776,268752647.0,97360.0,2022167.2
PRPO,Precipio Inc.  Common Stock,$23.70,0.30,1.282%,85151,42360716.00,United States,,Biotechnology: Laboratory Analytical Instruments,Industrials,/market-activity/stocks/prpo,23.7,1.282,42360716.0,85151.0,2018078.7
ENGS,Energys Group Limited Ordinary Shares,$2.74,0.08,3.008%,735938,85869167.00,United Kingdom,2025,Engineering & Construction,Industrials,/market-activity/stocks/engs,2.74,3.008,85869167.0,735938.0,2016470.12
IKT,Inhibikase Therapeutics Inc. Common Stock,$2.23,0.00,0.00%,900999,294432778.00,United States,2020,Biotechnology: Biological Products (No Diagnostic Substances),Health Care,/market-activity/stocks/ikt,2.23,0.0,294432778.0,900999.0,2009227.77
AIRJ,AirJoule Technologies Corporation Class A Common Stock,$3.77,0.21,5.899%,532480,272950217.00,United States,2022,Industrial Machinery/Components,Industrials,/market-activity/stocks/airj,3.77,5.899,272950217.0,532480.0,2007449.6
NEOV,NeoVolta Inc. Common Stock,$2.31,0.05,2.212%,867643,98663105.00,United States,,Industrial Machinery/Components,Miscellaneous,/market-activity/stocks/neov,2.31,2.212,98663105.0,867643.0,2004255.33
RERE,ATRenew Inc. American Depositary Shares (every three of which representing two Class A ordinary shares),$3.94,0.14,3.684%,507885,863904084.00,Cayman Islands,2021,Other Specialty Stores,Consumer Discretionary,/market-activity/stocks/rere,3.94,3.684,863904084.0,507885.0,2001066.9
VERI,Veritone Inc. Common Stock,$1.12,0.07,6.667%,1785034,104114041.00,United States,2017,EDP Services,Technology,/market-activity/stocks/veri,1.12,6.667,104114041.0,1785034.0,1999238.08
GMRS,GMR Solutions Inc. Class A Common Stock,$12.99,0.03,0.231%,153740,701612126.00,,2026,Transportation Services,Consumer Discretionary,/market-activity/stocks/gmrs,12.99,0.231,701612126.0,153740.0,1997082.6
NIKI,Niki BioSolutions Inc. Common Stock,$9.54,0.71,8.041%,209196,7769147.00,Hong Kong,2018,Biotechnology: Pharmaceutical Preparations,Health Care,/market-activity/stocks/niki,9.54,8.041,7769147.0,209196.0,1995729.8399999999
NLOP,Net Lease Office Properties Common Shares of Beneficial Interest,$11.82,0.11,0.939%,168626,175102367.00,United States,2023,Real Estate Investment Trusts,Real Estate,/market-activity/stocks/nlop,11.82,0.939,175102367.0,168626.0,1993159.32
LYEL,Lyell Immunopharma Inc. Common Stock,$13.11,0.19,1.471%,151306,321252133.00,United States,2021,Biotechnology: Pharmaceutical Preparations,Health Care,/market-activity/stocks/lyel,13.11,1.471,321252133.0,151306.0,1983621.66
PSFE,Paysafe Limited Common Shares,$8.13,-0.04,-0.49%,243483,517688994.00,,2021,Business Services,Consumer Discretionary,/market-activity/stocks/psfe,8.13,-0.49,517688994.0,243483.0,1979516.7900000003
FRST,Primis Financial Corp. Common Stock,$16.05,0.05,0.313%,123158,399301867.00,United States,2006,Major Banks,Finance,/market-activity/stocks/frst,16.05,0.313,399301867.0,123158.0,1976685.9000000001
BTZ,BlackRock Credit Allocation Income Trust,$10.16,-0.02,-0.196%,194448,1098651600.00,United States,2006,Finance/Investors Services,Finance,/market-activity/stocks/btz,10.16,-0.196,1098651600.0,194448.0,1975591.68
INTT,inTest Corporation Common Stock,$14.47,0.96,7.106%,136378,181810587.00,United States,1997,Electrical Products,Industrials,/market-activity/stocks/intt,14.47,7.106,181810587.0,136378.0,1973389.6600000001
PUSA,Aureus Greenway Holdings Inc. Common Stock,$3.41,-0.08,-2.292%,577776,73671966.00,United States,2025,Hotels/Resorts,Consumer Discretionary,/market-activity/stocks/pusa,3.41,-2.292,73671966.0,577776.0,1970216.1600000001
CDZI,CADIZ Inc. Common Stock,$3.34,0.02,0.602%,588462,280848195.00,United States,,Water Supply,Utilities,/market-activity/stocks/cdzi,3.34,0.602,280848195.0,588462.0,1965463.0799999998
FBIO,Fortress Biotech Inc. Common Stock,$3.53,0.20,6.006%,556661,117263324.00,United States,,Biotechnology: Pharmaceutical Preparations,Health Care,/market-activity/stocks/fbio,3.53,6.006,117263324.0,556661.0,1965013.3299999998
INSG,Inseego Corp. Common Stock,$7.60,0.10,1.333%,258287,123702973.00,United States,,Telecommunications Equipment,Telecommunications,/market-activity/stocks/insg,7.6,1.333,123702973.0,258287.0,1962981.2
CEPL,Capstone Energy Plus Inc. Common Stock,$10.48,1.00,10.549%,186770,337778082.00,United States,,Industrial Machinery/Components,Industrials,/market-activity/stocks/cepl,10.48,10.549,337778082.0,186770.0,1957349.6
VEL,Velocity Financial Inc. Common Stock,$17.18,-0.05,-0.29%,113753,674405728.00,United States,2020,Finance: Consumer Services,Finance,/market-activity/stocks/vel,17.18,-0.29,674405728.0,113753.0,1954276.54
QNC,Quantum eMotion Corp. Common Shares,$2.20,0.12,5.769%,887886,482613274.00,,2026,,,/market-activity/stocks/qnc,2.2,5.769,482613274.0,887886.0,1953349.2000000002
VLN,Valens Semiconductor Ltd. Ordinary Shares,$1.77,0.11,6.627%,1101320,186368079.00,,,Semiconductors,Technology,/market-activity/stocks/vln,1.77,6.627,186368079.0,1101320.0,1949336.4
NVNO,enVVeno Medical Corporation Common Stock,$10.15,-0.8799,-7.977%,191375,6776840.00,United States,2018,Medical/Dental Instruments,Health Care,/market-activity/stocks/nvno,10.15,-7.977,6776840.0,191375.0,1942456.25
ALDX,Aldeyra Therapeutics Inc. Common Stock,$1.75,0.05,2.941%,1106907,105561869.00,United States,2014,Biotechnology: Pharmaceutical Preparations,Health Care,/market-activity/stocks/aldx,1.75,2.941,105561869.0,1106907.0,1937087.25
JOUT,Johnson Outdoors Inc. Class A Common Stock,$46.02,-0.24,-0.519%,42089,482045326.00,United States,,Recreational Games/Products/Toys,Consumer Discretionary,/market-activity/stocks/jout,46.02,-0.519,482045326.0,42089.0,1936935.78
DSP,Viant Technology Inc. Class A Common Stock,$11.76,-0.14,-1.176%,164190,770678923.00,United States,2021,Computer Software: Programming Data Processing,Technology,/market-activity/stocks/dsp,11.76,-1.176,770678923.0,164190.0,1930874.4
QTRX,Quanterix Corporation Common Stock,$3.97,0.07,1.795%,485909,187010745.00,United States,2017,Biotechnology: Laboratory Analytical Instruments,Industrials,/market-activity/stocks/qtrx,3.97,1.795,187010745.0,485909.0,1929058.73
KSCP,Knightscope Inc. Class A Common Stock,$1.43,0.03,2.143%,1346164,23284566.00,United States,2022,Telecommunications Equipment,Telecommunications,/market-activity/stocks/kscp,1.43,2.143,23284566.0,1346164.0,1925014.52
SEG,Seaport Entertainment Group Inc. Common Stock,$26.29,0.27,1.038%,73215,336562214.00,United States,2024,Services-Misc. Amusement & Recreation,Consumer Discretionary,/market-activity/stocks/seg,26.29,1.038,336562214.0,73215.0,1924822.3499999999
GCBC,Greene County Bancorp Inc. Common Stock,$32.96,0.48,1.478%,58392,561159986.00,United States,,Banks,Finance,/market-activity/stocks/gcbc,32.96,1.478,561159986.0,58392.0,1924600.32
ZIP,ZipRecruiter Inc. Class A Common Stock,$3.90,-0.09,-2.256%,492361,317937945.00,United States,2021,Computer Software: Programming Data Processing,Technology,/market-activity/stocks/zip,3.9,-2.256,317937945.0,492361.0,1920207.9
EGHT,8x8 Inc Common Stock,$1.89,0.03,1.613%,1014677,267968594.00,United States,,EDP Services,Technology,/market-activity/stocks/eght,1.89,1.613,267968594.0,1014677.0,1917739.5299999998
HSLV,Highlander Silver Corp. Common Shares,$4.42,0.37,9.136%,433790,899131508.00,,,,,/market-activity/stocks/hslv,4.42,9.136,899131508.0,433790.0,1917351.8
UIS,Unisys Corporation New Common Stock,$3.51,-0.12,-3.306%,545564,255897147.00,United States,,EDP Services,Technology,/market-activity/stocks/uis,3.51,-3.306,255897147.0,545564.0,1914929.64
MOMO,Hello Group Inc. American Depositary Shares,$6.03,0.03,0.50%,317121,890916828.00,China,2014,Computer Software: Prepackaged Software,Technology,/market-activity/stocks/momo,6.03,0.5,890916828.0,317121.0,1912239.6300000001
WGRX,Wellgistics Health Inc. Common Stock,$3.52,0.81,29.889%,543055,9318137.00,United States,2025,Other Pharmaceuticals,Health Care,/market-activity/stocks/wgrx,3.52,29.889,9318137.0,543055.0,1911553.6
SBR,Sabine Royalty Trust Common Stock,$73.18,0.01,0.014%,26100,1066916467.00,United States,,Oil & Gas Production,Energy,/market-activity/stocks/sbr,73.18,0.014,1066916467.0,26100.0,1909998.0000000002
USNA,USANA Health Sciences Inc. Common Stock,$22.12,-0.28,-1.25%,85620,408401803.00,United States,, Medicinal Chemicals and Botanical Products ,Health Care,/market-activity/stocks/usna,22.12,-1.25,408401803.0,85620.0,1893914.4000000001
SKYH,Sky Harbour Group Corporation Class A Common Stock,$10.18,-0.01,-0.098%,185140,779054470.00,United States,2022,Real Estate,Finance,/market-activity/stocks/skyh,10.18,-0.098,779054470.0,185140.0,1884725.2
SSP,E.W. Scripps Company (The) Class A Common Stock,$3.26,0.02,0.617%,574869,298423086.00,United States,,Broadcasting,Industrials,/market-activity/stocks/ssp,3.26,0.617,298423086.0,574869.0,1874072.94
IFRX,InflaRx N.V. Common Stock,$1.81,-0.01,-0.549%,1032451,130850075.00,Germany,2017,Biotechnology: Pharmaceutical Preparations,Health Care,/market-activity/stocks/ifrx,1.81,-0.549,130850075.0,1032451.0,1868736.31
OSUR,OraSure Technologies Inc. Common Stock,$3.80,-0.05,-1.299%,491685,261624501.00,United States,,Medical/Dental Instruments,Health Care,/market-activity/stocks/osur,3.8,-1.299,261624501.0,491685.0,1868403.0
KLC,KinderCare Learning Companies Inc. Common Stock,$5.06,-0.14,-2.692%,369227,599247193.00,United States,2024,Other Consumer Services,Consumer Discretionary,/market-activity/stocks/klc,5.06,-2.692,599247193.0,369227.0,1868288.6199999999
CTEV,Claritev Corporation Class A Common Stock,$28.69,-1.43,-4.748%,65094,489101066.00,United States,2020,Business Services,Consumer Discretionary,/market-activity/stocks/ctev,28.69,-4.748,489101066.0,65094.0,1867546.86
VMET,Versamet Royalties Corporation Common Stock,$9.50,0.55,6.145%,195715,1031595415.00,Canada,,,,/market-activity/stocks/vmet,9.5,6.145,1031595415.0,195715.0,1859292.5
FOSL,Fossil Group Inc. Common Stock,$4.15,0.10,2.469%,445671,245271632.00,United States,1993,Consumer Specialties,Consumer Discretionary,/market-activity/stocks/fosl,4.15,2.469,245271632.0,445671.0,1849534.6500000001
FNLC,First Bancorp Inc  (ME) Common Stock,$34.18,-0.18,-0.524%,53937,385405408.00,United States,,Major Banks,Finance,/market-activity/stocks/fnlc,34.18,-0.524,385405408.0,53937.0,1843566.66
PHOE,Phoenix Asia Holdings Limited Ordinary Shares,$26.60,-9.90,-27.123%,69019,574560000.00,Hong Kong,2025,Engineering & Construction,Consumer Discretionary,/market-activity/stocks/phoe,26.6,-27.123,574560000.0,69019.0,1835905.4000000001
EARN,Ellington Credit Company Common Shares of Beneficial Interest,$4.36,0.02,0.461%,418301,163758090.00,United States,2013,Real Estate Investment Trusts,Real Estate,/market-activity/stocks/earn,4.36,0.461,163758090.0,418301.0,1823792.36
NREF,NexPoint Real Estate Finance Inc. Common Stock,$16.70,-0.15,-0.89%,108906,312072616.00,United States,2020,Real Estate Investment Trusts,Real Estate,/market-activity/stocks/nref,16.7,-0.89,312072616.0,108906.0,1818730.2
SMTI,Sanara MedTech Inc. Common Stock,$25.50,0.50,2.00%,71077,233681210.00,United States,,Industrial Specialties,Health Care,/market-activity/stocks/smti,25.5,2.0,233681210.0,71077.0,1812463.5
TC,Token Cat Limited American Depositary Shares,$1.72,0.17,10.968%,1050936,45430052.00,China,2018,Business Services,Consumer Discretionary,/market-activity/stocks/tc,1.72,10.968,45430052.0,1050936.0,1807609.92
VWAV,VisionWave Holdings Inc. Common Stock,$3.67,-0.19,-4.922%,492269,100308693.00,United States,,Computer Software: Prepackaged Software,Technology,/market-activity/stocks/vwav,3.67,-4.922,100308693.0,492269.0,1806627.23
SENS,Senseonics Holdings Inc. Common Stock,$5.03,-0.08,-1.566%,358217,210268914.00,United States,,Medical/Dental Instruments,Health Care,/market-activity/stocks/sens,5.03,-1.566,210268914.0,358217.0,1801831.51
INBK,First Internet Bancorp Common Stock,$27.04,0.52,1.961%,66149,235698540.00,United States,,Major Banks,Finance,/market-activity/stocks/inbk,27.04,1.961,235698540.0,66149.0,1788668.96
VLGEA,Village Super Market Inc. Class A Common Stock,$43.35,-0.60,-1.365%,41074,641991435.00,United States,,Food Chains,Consumer Staples,/market-activity/stocks/vlgea,43.35,-1.365,641991435.0,41074.0,1780557.9000000001
PTHS,Pelthos Therapeutics Inc. Common Stock,$26.86,-0.40,-1.467%,66241,93355825.00,,2024,Biotechnology: Biological Products (No Diagnostic Substances),Health Care,/market-activity/stocks/pths,26.86,-1.467,93355825.0,66241.0,1779233.26
ATLO,Ames National Corporation Common Stock,$29.61,0.06,0.203%,60062,262262284.00,United States,,Major Banks,Finance,/market-activity/stocks/atlo,29.61,0.203,262262284.0,60062.0,1778435.82
SLN,Silence Therapeutics Plc American Depository Share,$10.85,0.36,3.432%,162997,507780000.00,United Kingdom,,Biotechnology: Pharmaceutical Preparations,Health Care,/market-activity/stocks/sln,10.85,3.432,507780000.0,162997.0,1768517.45
GLAS,Glass House Brands Inc. Subordinate Voting Shares,$10.73,0.02,0.187%,164494,843147960.00,,, Medicinal Chemicals and Botanical Products ,Health Care,/market-activity/stocks/glas,10.73,0.187,843147960.0,164494.0,1765020.62
RCKY,Rocky Brands Inc. Common Stock,$40.98,0.00,0.00%,42968,309045056.00,United States,1993,Shoe Manufacturing,Consumer Discretionary,/market-activity/stocks/rcky,40.98,0.0,309045056.0,42968.0,1760828.64
TTRX,Turn Therapeutics Inc. Common Stock,$10.18,0.13,1.294%,171738,303242247.00,United States,,Biotechnology: Pharmaceutical Preparations,Health Care,/market-activity/stocks/ttrx,10.18,1.294,303242247.0,171738.0,1748292.8399999999
GTE,Gran Tierra Energy Inc. Common Stock,$6.91,0.26,3.91%,252983,243914528.00,Canada,,Oil & Gas Production,Energy,/market-activity/stocks/gte,6.91,3.91,243914528.0,252983.0,1748112.53
REA,Rare Earths Americas Inc. Common Stock,$11.93,0.69,6.139%,146026,237493874.00,,2026,Metal Mining,Basic Materials,/market-activity/stocks/rea,11.93,6.139,237493874.0,146026.0,1742090.18
RELL,Richardson Electronics Ltd. Common Stock,$17.18,0.62,3.744%,101184,250087920.00,United States,1983,Electronic Components,Technology,/market-activity/stocks/rell,17.18,3.744,250087920.0,101184.0,1738341.1199999999
RWAY,Runway Growth Finance Corp. Common Stock,$5.60,-0.04,-0.709%,310256,237801458.00,United States,2021,Finance: Consumer Services,Finance,/market-activity/stocks/rway,5.6,-0.709,237801458.0,310256.0,1737433.5999999999
NRC,NRC Health Common Stock,$21.48,0.07,0.327%,80780,484088230.00,United States,,Biotechnology: Commercial Physical & Biological Resarch,Health Care,/market-activity/stocks/nrc,21.48,0.327,484088230.0,80780.0,1735154.4000000001
PNNT,PennantPark Investment Corporation Common Stock,$3.34,0.11,3.406%,518725,218088954.00,United States,2022,Finance: Consumer Services,Finance,/market-activity/stocks/pnnt,3.34,3.406,218088954.0,518725.0,1732541.5
FENC,Fennec Pharmaceuticals Inc. Common Stock,$10.39,0.49,4.949%,166243,362473322.00,United States,,Biotechnology: Biological Products (No Diagnostic Substances),Health Care,/market-activity/stocks/fenc,10.39,4.949,362473322.0,166243.0,1727264.77
EFSI,Eagle Financial Services Inc Common Stock,$41.51,0.18,0.436%,41559,224667728.00,United States,,Major Banks,Finance,/market-activity/stocks/efsi,41.51,0.436,224667728.0,41559.0,1725114.0899999999
FVCB,FVCBankcorp Inc. Common Stock,$17.80,0.26,1.482%,96674,320342898.00,United States,,Major Banks,Finance,/market-activity/stocks/fvcb,17.8,1.482,320342898.0,96674.0,1720797.2
NFGC,New Found Gold Corp Common Shares,$1.42,0.03,2.158%,1211801,545787720.00,,2021,Precious Metals,Basic Materials,/market-activity/stocks/nfgc,1.42,2.158,545787720.0,1211801.0,1720757.42
EVI,EVI Industries Inc.  Common Stock,$15.00,-0.89,-5.601%,114664,193036695.00,United States,1999,Other Consumer Services,Consumer Discretionary,/market-activity/stocks/evi,15.0,-5.601,193036695.0,114664.0,1719960.0
SND,Smart Sand Inc. Common Stock,$4.91,0.22,4.691%,349771,211059694.00,United States,2016,Mining & Quarrying of Nonmetallic Minerals (No Fuels),Industrials,/market-activity/stocks/snd,4.91,4.691,211059694.0,349771.0,1717375.61
IQI,Invesco Quality Municipal Income Trust Common Stock,$10.06,-0.06,-0.593%,168900,532010998.00,United States,,Finance Companies,Finance,/market-activity/stocks/iqi,10.06,-0.593,532010998.0,168900.0,1699134.0
WW,WW International Inc.  Common Stock,$15.47,0.60,4.035%,109180,154680817.00,United States,,Other Consumer Services,Consumer Discretionary,/market-activity/stocks/ww,15.47,4.035,154680817.0,109180.0,1689014.6
IIM,Invesco Value Municipal Income Trust Common Stock,$12.58,-0.13,-1.023%,134155,592120963.00,United States,,Investment Managers,Finance,/market-activity/stocks/iim,12.58,-1.023,592120963.0,134155.0,1687669.9
ACH,Accendra Health Inc. Common Stock,$3.42,0.10,3.012%,492239,261916261.00,United States,,Medical Specialities,Health Care,/market-activity/stocks/ach,3.42,3.012,261916261.0,492239.0,1683457.38
BDL,Flanigan's Enterprises Inc. Common Stock,$38.38,-0.75,-1.917%,43820,71334872.00,United States,1972,Restaurants,Consumer Discretionary,/market-activity/stocks/bdl,38.38,-1.917,71334872.0,43820.0,1681811.6
ECC,Eagle Point Credit Company Common Share of Beneficial Interest,$3.71,0.02,0.542%,451713,225057964.00,United States,2014,Trusts Except Educational Religious and Charitable,Finance,/market-activity/stocks/ecc           ,3.71,0.542,225057964.0,451713.0,1675855.23
SMC,Summit Midstream Corporation Common Stock,$30.61,1.55,5.334%,54629,622569229.00,United States,2012,Natural Gas Distribution,Utilities,/market-activity/stocks/smc,30.61,5.334,622569229.0,54629.0,1672193.69
OBT,Orange County Bancorp Inc. Common Stock,$37.62,0.23,0.615%,44200,504405348.00,United States,,Major Banks,Finance,/market-activity/stocks/obt,37.62,0.615,504405348.0,44200.0,1662804.0
BDSX,Biodesix Inc. Common Stock,$21.14,1.33,6.714%,78532,218921802.00,United States,2020,Medical Specialities,Health Care,/market-activity/stocks/bdsx,21.14,6.714,218921802.0,78532.0,1660166.48
SIGA,SIGA Technologies Inc. Common Stock,$3.58,0.10,2.874%,463127,256772267.00,United States,,Biotechnology: Pharmaceutical Preparations,Health Care,/market-activity/stocks/siga,3.58,2.874,256772267.0,463127.0,1657994.6600000001
CBNA,Chain Bridge Bancorp Inc. Class A Common Stock,$41.77,0.93,2.277%,39638,274087096.00,,2024,Major Banks,Finance,/market-activity/stocks/cbna,41.77,2.277,274087096.0,39638.0,1655679.26
MED,MEDIFAST INC Common Stock,$10.52,0.14,1.349%,156706,116973090.00,United States,,Packaged Foods,Consumer Staples,/market-activity/stocks/med,10.52,1.349,116973090.0,156706.0,1648547.1199999999
JTAI,Jet.AI Inc. Common Stock,$2.31,0.02,0.873%,712044,3284176.00,United States,2021,Transportation Services,Consumer Discretionary,/market-activity/stocks/jtai,2.31,0.873,3284176.0,712044.0,1644821.6400000001
SHMD,SCHMID Group N.V. Class A Ordinary Shares,$4.43,0.24,5.728%,370652,290943466.00,Germany,,Industrial Machinery/Components,Technology,/market-activity/stocks/shmd,4.43,5.728,290943466.0,370652.0,1641988.3599999999
SMX,SMX (Security Matters) Public Limited Company Ordinary Shares,$20.30,2.64,14.949%,80786,19865742.00,Ireland,,Industrial Machinery/Components,Technology,/market-activity/stocks/smx,20.3,14.949,19865742.0,80786.0,1639955.8
RDCM,Radcom Ltd. Ordinary Shares,$13.44,-0.16,-1.176%,122019,224319742.00,Israel,1997,Computer peripheral equipment,Technology,/market-activity/stocks/rdcm,13.44,-1.176,224319742.0,122019.0,1639935.3599999999
COSO,CoastalSouth Bancshares Inc. Common Stock,$26.64,-0.06,-0.225%,61375,320626546.00,United States,2025,Major Banks,Finance,/market-activity/stocks/coso,26.64,-0.225,320626546.0,61375.0,1635030.0
BME,Blackrock Health Sciences Trust,$42.60,0.22,0.519%,38265,567986567.00,United States,2005,Trusts Except Educational Religious and Charitable,Finance,/market-activity/stocks/bme,42.6,0.519,567986567.0,38265.0,1630089.0
ISBA,Isabella Bank Corporation Common stock,$39.98,0.13,0.326%,40679,293155789.00,United States,,Major Banks,Finance,/market-activity/stocks/isba,39.98,0.326,293155789.0,40679.0,1626346.42
QTEX,QTREX Quantum Ltd. Ordinary Shares,$1.18,-0.01,-0.84%,1377110,57995859.00,Israel,2021,Medical/Dental Instruments,Health Care,/market-activity/stocks/qtex,1.18,-0.84,57995859.0,1377110.0,1624989.7999999998
PCB,PCB Bancorp Common Stock,$29.94,0.35,1.183%,54245,426187607.00,United States,2018,Major Banks,Finance,/market-activity/stocks/pcb,29.94,1.183,426187607.0,54245.0,1624095.3
HLLY,Holley Inc. Common Stock,$2.62,0.03,1.158%,617820,318234627.00,United States,2020,Auto Parts:O.E.M.,Consumer Discretionary,/market-activity/stocks/hlly,2.62,1.158,318234627.0,617820.0,1618688.4000000001
FSBW,FS Bancorp Inc. Common Stock,$44.04,1.02,2.371%,36524,326942919.00,United States,2012,Banks,Finance,/market-activity/stocks/fsbw,44.04,2.371,326942919.0,36524.0,1608516.96
OTLY,Oatly Group AB American Depositary Shares,$9.05,-0.83,-8.401%,177699,282586250.00,Sweden,2021,Packaged Foods,Consumer Staples,/market-activity/stocks/otly,9.05,-8.401,282586250.0,177699.0,1608175.9500000002
SID,Companhia Siderurgica Nacional S.A. Common Stock,$1.00,-0.01,-0.99%,1602360,1326093947.00,Brazil,,Steel/Iron Ore,Industrials,/market-activity/stocks/sid,1.0,-0.99,1326093947.0,1602360.0,1602360.0
BCBP,BCB Bancorp Inc. (NJ) Common Stock,$10.27,-0.01,-0.097%,155928,178319622.00,United States,2005,Savings Institutions,Finance,/market-activity/stocks/bcbp,10.27,-0.097,178319622.0,155928.0,1601380.5599999998
LOMA,Loma Negra Compania Industrial Argentina Sociedad Anonima ADS,$11.52,0.13,1.141%,138826,1344345178.00,Argentina,2017,Building Materials,Industrials,/market-activity/stocks/loma,11.52,1.141,1344345178.0,138826.0,1599275.52
KLRS,Kalaris Therapeutics Inc. Common Stock,$4.04,0.04,1.00%,395168,96120803.00,United States,2020,Biotechnology: Biological Products (No Diagnostic Substances),Health Care,/market-activity/stocks/klrs,4.04,1.0,96120803.0,395168.0,1596478.72
HRZN,Horizon Technology Finance Corporation Common Stock,$4.56,-0.03,-0.654%,349554,311270666.00,United States,2010,Finance: Consumer Services,Finance,/market-activity/stocks/hrzn,4.56,-0.654,311270666.0,349554.0,1593966.2399999998
ASLE,AerSale Corporation Common Stock,$6.14,0.17,2.848%,259337,290132370.00,United States,2019,Industrial Specialties,Consumer Discretionary,/market-activity/stocks/asle,6.14,2.848,290132370.0,259337.0,1592329.18
IPSC,Century Therapeutics Inc. Common Stock,$2.24,0.05,2.283%,710773,403994772.00,United States,2021,Biotechnology: Biological Products (No Diagnostic Substances),Health Care,/market-activity/stocks/ipsc,2.24,2.283,403994772.0,710773.0,1592131.5200000003
CRCT,Cricut Inc. Class A Common Stock,$4.49,-0.11,-2.391%,354143,942444867.00,United States,2021,Industrial Machinery/Components,Technology,/market-activity/stocks/crct,4.49,-2.391,942444867.0,354143.0,1590102.07
XFOR,X4 Pharmaceuticals Inc. Common Stock,$3.69,0.01,0.272%,430208,348039678.00,United States,2017,Biotechnology: Biological Products (No Diagnostic Substances),Health Care,/market-activity/stocks/xfor,3.69,0.272,348039678.0,430208.0,1587467.52
EVCM,EverCommerce Inc. Common Stock,$11.30,-0.52,-4.399%,139876,1999542921.00,United States,2021,Computer Software: Prepackaged Software,Technology,/market-activity/stocks/evcm,11.3,-4.399,1999542921.0,139876.0,1580598.8
PEBK,Peoples Bancorp of North Carolina Inc. Common Stock,$42.67,-0.07,-0.164%,37007,233041778.00,United States,,Major Banks,Finance,/market-activity/stocks/pebk,42.67,-0.164,233041778.0,37007.0,1579088.6900000002
NMAD,Nomad Power Solutions Inc. Common Stock,$5.41,0.20,3.839%,291358,102630995.00,United States,,Biotechnology: Pharmaceutical Preparations,Health Care,/market-activity/stocks/nmad,5.41,3.839,102630995.0,291358.0,1576246.78
CARL,Carlsmed Inc. Common Stock,$11.50,0.17,1.50%,137011,312626730.00,United States,2025,Medical/Dental Instruments,Health Care,/market-activity/stocks/carl,11.5,1.5,312626730.0,137011.0,1575626.5
ALVO,Alvotech Ordinary Shares,$3.52,0.11,3.226%,440716,1098779137.00,Luxembourg,,Biotechnology: Biological Products (No Diagnostic Substances),Health Care,/market-activity/stocks/alvo,3.52,3.226,1098779137.0,440716.0,1551320.32
CVRX,CVRx Inc. Common Stock,$4.97,0.20,4.193%,311172,131883642.00,United States,2021,Medical/Dental Instruments,Health Care,/market-activity/stocks/cvrx,4.97,4.193,131883642.0,311172.0,1546524.8399999999
LXEO,Lexeo Therapeutics Inc. Common Stock,$4.66,0.11,2.418%,331127,365910814.00,United States,2023,Biotechnology: Biological Products (No Diagnostic Substances),Health Care,/market-activity/stocks/lxeo,4.66,2.418,365910814.0,331127.0,1543051.82
MRBK,Meridian Corporation Common Stock,$20.27,0.00,0.00%,76114,241015935.00,United States,2017,Major Banks,Finance,/market-activity/stocks/mrbk,20.27,0.0,241015935.0,76114.0,1542830.78
MDWD,MediWound Ltd. Ordinary Shares,$14.28,-0.32,-2.192%,108030,183436082.00,Israel,2014, Medicinal Chemicals and Botanical Products ,Health Care,/market-activity/stocks/mdwd,14.28,-2.192,183436082.0,108030.0,1542668.4
BMEZ,BlackRock Health Sciences Term Trust Common Shares of Beneficial Interest,$15.30,0.16,1.057%,100593,203995175.00,United States,2020,Trusts Except Educational Religious and Charitable,Finance,/market-activity/stocks/bmez,15.3,1.057,203995175.0,100593.0,1539072.9000000001
HQL,abrdn Life Sciences Investors Shares of Beneficial Interest,$19.83,0.29,1.484%,76909,509227182.00,United States,1992,Investment Managers,Finance,/market-activity/stocks/hql,19.83,1.484,509227182.0,76909.0,1525105.47
POWW,Outdoor Holding Company Common Stock,$2.23,-0.03,-1.327%,680902,259044592.00,United States,,Ordnance And Accessories,Industrials,/market-activity/stocks/poww,2.23,-1.327,259044592.0,680902.0,1518411.46
DFDV,DeFi Development Corp. Common Stock,$3.09,0.125,4.216%,487661,93065253.00,United States,2023,Finance: Consumer Services,Finance,/market-activity/stocks/dfdv,3.09,4.216,93065253.0,487661.0,1506872.49
PDLB,Ponce Financial Group Inc. Common Stock,$20.18,0.16,0.799%,74468,488111842.00,United States,2017,Savings Institutions,Finance,/market-activity/stocks/pdlb,20.18,0.799,488111842.0,74468.0,1502764.24
WRAP,Wrap Technologies Inc. Common Stock,$1.88,0.01,0.535%,799019,104787910.00,United States,,Ordnance And Accessories,Industrials,/market-activity/stocks/wrap,1.88,0.535,104787910.0,799019.0,1502155.72
NKSH,National Bankshares Inc. Common Stock,$36.82,0.34,0.932%,40670,234484856.00,United States,,Major Banks,Finance,/market-activity/stocks/nksh,36.82,0.932,234484856.0,40670.0,1497469.4
JAKK,JAKKS Pacific Inc. Common Stock,$24.41,0.33,1.37%,61337,279358073.00,United States,1996,Recreational Games/Products/Toys,Consumer Discretionary,/market-activity/stocks/jakk,24.41,1.37,279358073.0,61337.0,1497236.17
IQST,iQSTEL Inc. Common Stock,$1.09,-0.03,-2.679%,1371563,10498563.00,United States,,Telecommunications Equipment,Telecommunications,/market-activity/stocks/iqst,1.09,-2.679,10498563.0,1371563.0,1495003.6700000002
ALXO,ALX Oncology Holdings Inc. Common Stock,$2.05,0.13,6.771%,729122,275853980.00,United States,2020,Biotechnology: Pharmaceutical Preparations,Health Care,/market-activity/stocks/alxo,2.05,6.771,275853980.0,729122.0,1494700.0999999999
CBK,Commercial Bancgroup Inc. Common Stock,$33.51,-0.02,-0.06%,44583,459129524.00,United States,2025,Major Banks,Finance,/market-activity/stocks/cbk,33.51,-0.06,459129524.0,44583.0,1493976.3299999998
ATNI,ATN International Inc. Common Stock,$23.35,0.48,2.099%,63899,359142918.00,United States,,Telecommunications Equipment,Telecommunications,/market-activity/stocks/atni,23.35,2.099,359142918.0,63899.0,1492041.6500000001
ACTG,Acacia Research Corporation (Acacia Tech) Common Stock,$4.60,0.06,1.322%,323603,444310007.00,United States,,Multi-Sector Companies,Miscellaneous,/market-activity/stocks/actg,4.6,1.322,444310007.0,323603.0,1488573.7999999998
GOAI,Eva Live Inc. Common Stock,$2.03,-0.33,-13.983%,732051,74166840.00,United States,,Computer Software: Programming Data Processing,Technology,/market-activity/stocks/goai,2.03,-13.983,74166840.0,732051.0,1486063.5299999998
NIU,Niu Technologies American Depositary Shares,$2.71,0.08,3.042%,547536,212561798.00,China,2018,Auto Manufacturing,Industrials,/market-activity/stocks/niu,2.71,3.042,212561798.0,547536.0,1483822.56
OFLX,Omega Flex Inc. Common Stock,$30.28,0.65,2.194%,48968,305656070.00,United States,,Industrial Specialties,Industrials,/market-activity/stocks/oflx,30.28,2.194,305656070.0,48968.0,1482751.04
IMTX,Immatics N.V. Ordinary Shares,$9.41,0.18,1.95%,157477,1261848780.00,Germany,,Biotechnology: Biological Products (No Diagnostic Substances),Health Care,/market-activity/stocks/imtx,9.41,1.95,1261848780.0,157477.0,1481858.57
VGM,Invesco Trust for Investment Grade Municipals Common Stock (DE),$10.36,-0.03,-0.289%,142325,561843188.00,United States,,Trusts Except Educational Religious and Charitable,Finance,/market-activity/stocks/vgm,10.36,-0.289,561843188.0,142325.0,1474487.0
VKQ,Invesco Municipal Trust Common Stock,$9.85,-0.04,-0.404%,149563,545054823.00,United States,,Trusts Except Educational Religious and Charitable,Finance,/market-activity/stocks/vkq,9.85,-0.404,545054823.0,149563.0,1473195.55
CNTN,Canton Strategic Holdings Inc. Common Stock,$2.16,0.11,5.366%,680797,166584781.00,United States,2022,Biotechnology: Pharmaceutical Preparations,Health Care,/market-activity/stocks/cntn,2.16,5.366,166584781.0,680797.0,1470521.52
ATLX,Atlas Lithium Corporation Common Stock,$2.93,0.11,3.901%,500512,86408299.00,United States,,Mining & Quarrying of Nonmetallic Minerals (No Fuels),Industrials,/market-activity/stocks/atlx,2.93,3.901,86408299.0,500512.0,1466500.1600000001
ASIC,Ategrity Specialty Insurance Company Holdings Common Stock,$23.42,-0.40,-1.679%,62134,1124924710.00,,2025,Property-Casualty Insurers,Finance,/market-activity/stocks/asic,23.42,-1.679,1124924710.0,62134.0,1455178.28
EBMT,Eagle Bancorp Montana Inc. Common Stock,$23.37,0.28,1.213%,62125,186152122.00,United States,2010,Major Banks,Finance,/market-activity/stocks/ebmt,23.37,1.213,186152122.0,62125.0,1451861.25
CPSH,CPS Technologies Corp. Common Stock,$4.73,0.25,5.58%,306946,85463759.00,United States,,Building Materials,Consumer Discretionary,/market-activity/stocks/cpsh,4.73,5.58,85463759.0,306946.0,1451854.58
TBI,TrueBlue Inc. Common Stock,$8.21,-0.36,-4.201%,176182,249617587.00,United States,,Professional Services,Consumer Discretionary,/market-activity/stocks/tbi,8.21,-4.201,249617587.0,176182.0,1446454.2200000002
CZNC,Citizens & Northern Corp Common Stock,$23.38,-0.09,-0.383%,61709,418889781.00,United States,,Major Banks,Finance,/market-activity/stocks/cznc,23.38,-0.383,418889781.0,61709.0,1442756.42
WYY,WidePoint Corporation Common Stock,$12.13,0.55,4.75%,118495,119931506.00,United States,,EDP Services,Technology,/market-activity/stocks/wyy,12.13,4.75,119931506.0,118495.0,1437344.35
NAMM,Namib Minerals Ordinary Shares,$1.60,0.20,14.286%,895910,87172251.00,Cayman Islands,,Precious Metals,Basic Materials,/market-activity/stocks/namm,1.6,14.286,87172251.0,895910.0,1433456.0
ONIT,Onity Group Inc. Common Stock,$40.00,-0.02,-0.05%,35808,337285480.00,United States,,Finance: Consumer Services,Finance,/market-activity/stocks/onit,40.0,-0.05,337285480.0,35808.0,1432320.0
FORR,Forrester Research Inc. Common Stock,$9.12,-0.85,-8.526%,156950,177037440.00,United States,1996,Diversified Commercial Services,Industrials,/market-activity/stocks/forr,9.12,-8.526,177037440.0,156950.0,1431383.9999999998
LMNR,Limoneira Co Common Stock,$13.11,-0.17,-1.28%,109106,237710612.00,United States,,Farming/Seeds/Milling,Consumer Staples,/market-activity/stocks/lmnr,13.11,-1.28,237710612.0,109106.0,1430379.66
ONEW,OneWater Marine Inc. Class A Common Stock,$12.87,-0.48,-3.596%,111019,213867753.00,United States,2020,Auto & Home Supply Stores,Consumer Discretionary,/market-activity/stocks/onew,12.87,-3.596,213867753.0,111019.0,1428814.53
LDI,loanDepot Inc. Class A Common Stock,$1.05,-0.02,-1.869%,1354054,354715094.00,United States,2021,Finance: Consumer Services,Finance,/market-activity/stocks/ldi,1.05,-1.869,354715094.0,1354054.0,1421756.7
JELD,JELD-WEN Holding Inc. Common Stock,$1.19,0.02,1.709%,1191903,102520072.00,United States,2017,Forest Products,Basic Materials,/market-activity/stocks/jeld,1.19,1.709,102520072.0,1191903.0,1418364.5699999998
EFT,Eaton Vance Floating Rate Income Trust Common Shares of Beneficial Interest,$10.76,0.07,0.655%,131724,313012865.00,United States,2004,Finance Companies,Finance,/market-activity/stocks/eft,10.76,0.655,313012865.0,131724.0,1417350.24
WTBA,West Bancorporation Common Stock,$27.02,0.06,0.223%,52254,460099289.00,United States,,Major Banks,Finance,/market-activity/stocks/wtba,27.02,0.223,460099289.0,52254.0,1411903.08
ALLT,Allot Ltd. Ordinary Shares,$8.08,-0.05,-0.615%,174448,395298640.00,Israel,2006,Computer Communications Equipment,Telecommunications,/market-activity/stocks/allt,8.08,-0.615,395298640.0,174448.0,1409539.84
TTGT,TechTarget Inc. Common Stock,$3.59,-0.32,-8.184%,391571,259555000.00,United States,,Telecommunications Equipment,Telecommunications,/market-activity/stocks/ttgt,3.59,-8.184,259555000.0,391571.0,1405739.89
ORGO,Organogenesis Holdings Inc. Class A Common Stock,$2.68,0.05,1.901%,523795,344847789.00,United States,2016,Biotechnology: Pharmaceutical Preparations,Health Care,/market-activity/stocks/orgo,2.68,1.901,344847789.0,523795.0,1403770.6
HVT,Haverty Furniture Companies Inc. Common Stock,$25.55,0.10,0.393%,54684,411236269.00,United States,,Other Specialty Stores,Consumer Discretionary,/market-activity/stocks/hvt,25.55,0.393,411236269.0,54684.0,1397176.2
ARMP,Armata Pharmaceuticals Inc. Common Stock,$5.16,0.10,1.976%,270038,189427780.00,United States,,Biotechnology: Biological Products (No Diagnostic Substances),Health Care,/market-activity/stocks/armp,5.16,1.976,189427780.0,270038.0,1393396.08
MIMI,Mint Incorporation Limited Class A Ordinary Shares,$2.16,0.03,1.408%,640699,15257173.00,Hong Kong,2025,Business Services,Consumer Discretionary,/market-activity/stocks/mimi,2.16,1.408,15257173.0,640699.0,1383909.84
BOC,Boston Omaha Corporation Class A Common Stock,$14.11,0.05,0.356%,98012,429006183.00,United States,2022,Real Estate,Finance,/market-activity/stocks/boc,14.11,0.356,429006183.0,98012.0,1382949.3199999998
AII,American Integrity Insurance Group Inc. Common Stock,$18.74,-0.19,-1.004%,73670,367131911.00,United States,2025,Property-Casualty Insurers,Finance,/market-activity/stocks/aii,18.74,-1.004,367131911.0,73670.0,1380575.7999999998
INFU,InfuSystems Holdings Inc. Common Stock,$9.15,0.21,2.349%,150548,184662582.00,United States,,Medical/Dental Instruments,Health Care,/market-activity/stocks/infu,9.15,2.349,184662582.0,150548.0,1377514.2
VGZ,Vista Gold Corp Common Stock,$1.68,0.12,7.692%,819767,245231861.00,United States,1986,Precious Metals,Basic Materials,/market-activity/stocks/vgz,1.68,7.692,245231861.0,819767.0,1377208.56
RC,Ready Capital Corporation Common Stock,$1.54,0.00,0.00%,892880,254475869.00,United States,2013,Real Estate Investment Trusts,Real Estate,/market-activity/stocks/rc,1.54,0.0,254475869.0,892880.0,1375035.2
CMRC,Commerce.com Inc. Series 1 Common Stock,$2.97,-0.02,-0.669%,461438,245061365.00,United States,2020,Computer Software: Prepackaged Software,Technology,/market-activity/stocks/cmrc,2.97,-0.669,245061365.0,461438.0,1370470.86
MPAA,Motorcar Parts  of America Inc. Common Stock,$14.23,0.47,3.416%,96265,269300160.00,United States,,Auto Parts:O.E.M.,Consumer Discretionary,/market-activity/stocks/mpaa,14.23,3.416,269300160.0,96265.0,1369850.95
BRR,ProCap Financial Inc. Common Stock,$2.00,0.02,1.01%,684710,181147048.00,United States,2025,Finance: Consumer Services,Finance,/market-activity/stocks/brr,2.0,1.01,181147048.0,684710.0,1369420.0
MSLE,Satellos Bioscience Inc. Common Stock,$8.525,0.175,2.096%,159343,177585895.00,Canada,,Biotechnology: Pharmaceutical Preparations,Health Care,/market-activity/stocks/msle,8.525,2.096,177585895.0,159343.0,1358399.075
BCX,BlackRock Resources Common Shares of Beneficial Interest,$11.53,0.08,0.699%,117750,978412855.00,United States,2011,Finance/Investors Services,Finance,/market-activity/stocks/bcx,11.53,0.699,978412855.0,117750.0,1357657.5
MSB,Mesabi Trust Common Stock,$22.22,-1.73,-7.223%,60956,291526622.00,United States,,Precious Metals,Industrials,/market-activity/stocks/msb,22.22,-7.223,291526622.0,60956.0,1354442.3199999998
ACRE,Ares Commercial Real Estate Corporation Common Stock,$4.59,0.07,1.549%,294369,254658309.00,United States,2012,Real Estate Investment Trusts,Real Estate,/market-activity/stocks/acre,4.59,1.549,254658309.0,294369.0,1351153.71
BCML,BayCom Corp Common Stock,$33.94,0.05,0.148%,39522,370262219.00,United States,2018,Major Banks,Finance,/market-activity/stocks/bcml,33.94,0.148,370262219.0,39522.0,1341376.68
AVBC,Avidia Bancorp Inc. Common Stock,$20.65,0.52,2.583%,64624,414574563.00,United States,2025,Banks,Finance,/market-activity/stocks/avbc,20.65,2.583,414574563.0,64624.0,1334485.5999999999
DGICA,Donegal Group Inc. Class A Common Stock,$18.57,-0.04,-0.215%,71847,688011128.00,United States,,Property-Casualty Insurers,Finance,/market-activity/stocks/dgica,18.57,-0.215,688011128.0,71847.0,1334198.79
FTCI,FTC Solar Inc. Common Stock,$3.57,-0.28,-7.273%,372626,57138900.00,United States,2021,Semiconductors,Technology,/market-activity/stocks/ftci,3.57,-7.273,57138900.0,372626.0,1330274.8199999998
TCPC,BlackRock TCP Capital Corp. Common Stock,$3.24,0.03,0.935%,409608,271844991.00,United States,2012,Finance/Investors Services,Finance,/market-activity/stocks/tcpc,3.24,0.935,271844991.0,409608.0,1327129.9200000002
ASTI,Ascent Solar Technologies Inc. Common Stock,$3.16,0.16,5.333%,419614,31019922.00,United States,,Semiconductors,Technology,/market-activity/stocks/asti,3.16,5.333,31019922.0,419614.0,1325980.24
SPOK,Spok Holdings Inc. Common Stock,$10.66,0.01,0.094%,123916,222655527.00,United States,,Telecommunications Equipment,Telecommunications,/market-activity/stocks/spok,10.66,0.094,222655527.0,123916.0,1320944.56
APC,ARKO Petroleum Corp. Class A Common Stock,$21.21,0.46,2.217%,62210,266614430.00,United States,2026,Oil Refining/Marketing,Energy,/market-activity/stocks/apc,21.21,2.217,266614430.0,62210.0,1319474.1
ILLR,Triller Group Inc. Common Stock,$1.29,-0.15,-10.417%,1021879,25473242.00,United States,2019,Investment Managers,Finance,/market-activity/stocks/illr,1.29,-10.417,25473242.0,1021879.0,1318223.9100000001
FBYD,Falcon's Beyond Global Inc. Class A Common Stock,$10.525,-0.305,-2.816%,125200,1276074281.00,United States,,Services-Misc. Amusement & Recreation,Consumer Discretionary,/market-activity/stocks/fbyd,10.525,-2.816,1276074281.0,125200.0,1317730.0
RTB,RTB Digital Inc. Common Stock,$16.03,1.13,7.584%,82017,218328552.00,United States,,Professional Services,Consumer Discretionary,/market-activity/stocks/rtb,16.03,7.584,218328552.0,82017.0,1314732.51
PPIH,Perma-Pipe International Holdings Inc. Common Stock,$25.74,0.77,3.084%,51073,209155853.00,United States,,Pollution Control Equipment,Industrials,/market-activity/stocks/ppih,25.74,3.084,209155853.0,51073.0,1314619.02
NWFL,Norwood Financial Corp. Common Stock,$30.96,-0.28,-0.896%,42430,337176041.00,United States,,Major Banks,Finance,/market-activity/stocks/nwfl,30.96,-0.896,337176041.0,42430.0,1313632.8
RLGT,Radiant Logistics Inc. Common Stock,$9.07,0.22,2.486%,144280,424763211.00,United States,,Integrated Freight & Logistics,Industrials,/market-activity/stocks/rlgt,9.07,2.486,424763211.0,144280.0,1308619.6
NCMI,National CineMedia Inc. Common Stock,$3.90,-0.11,-2.743%,335295,365743127.00,United States,2007,Advertising,Consumer Discretionary,/market-activity/stocks/ncmi,3.9,-2.743,365743127.0,335295.0,1307650.5
KVHI,KVH Industries Inc. Common Stock,$9.31,0.34,3.79%,140442,181524062.00,United States,1996,Radio And Television Broadcasting And Communications Equipment,Technology,/market-activity/stocks/kvhi,9.31,3.79,181524062.0,140442.0,1307515.02
AMTX,Aemetis Inc. (DE) Common Stock,$1.55,0.09,6.164%,841463,109068039.00,United States,,Major Chemicals,Industrials,/market-activity/stocks/amtx,1.55,6.164,109068039.0,841463.0,1304267.6500000001
THM,International Tower Hill Mines Ltd. Ordinary Shares (Canada),$2.14,0.14,7.00%,608384,559904192.00,Canada,,Metal Mining,Basic Materials,/market-activity/stocks/thm,2.14,7.0,559904192.0,608384.0,1301941.76
SEVN,Seven Hills Realty Trust Common Stock,$8.16,0.12,1.493%,159184,184383988.00,United States,,Real Estate Investment Trusts,Real Estate,/market-activity/stocks/sevn,8.16,1.493,184383988.0,159184.0,1298941.44
API,Agora Inc. American Depositary Shares,$3.95,-0.04,-1.003%,328845,333971651.00,China,2020,Computer Software: Prepackaged Software,Technology,/market-activity/stocks/api,3.95,-1.003,333971651.0,328845.0,1298937.75
INLF,INLIF LIMITED Class A Ordinary Shares,$2.23,-0.07,-3.043%,582115,153939.00,China,2025,Industrial Machinery/Components,Industrials,/market-activity/stocks/inlf,2.23,-3.043,153939.0,582115.0,1298116.45
FRBA,First Bank Common Stock,$17.61,-0.04,-0.227%,73623,442616837.00,United States,2013,Commercial Banks,Finance,/market-activity/stocks/frba,17.61,-0.227,442616837.0,73623.0,1296501.03
GUT,Gabelli Utility Trust (The) Common Stock,$6.41,-0.04,-0.62%,202227,470487776.00,United States,,Trusts Except Educational Religious and Charitable,Finance,/market-activity/stocks/gut,6.41,-0.62,470487776.0,202227.0,1296275.07
VCV,Invesco California Value Municipal Income Trust Common Stock,$10.66,-0.09,-0.837%,121386,510512997.00,United States,,Trusts Except Educational Religious and Charitable,Finance,/market-activity/stocks/vcv,10.66,-0.837,510512997.0,121386.0,1293974.76
NVA,Nova Minerals Corp Common Stock,$4.59,0.31,7.243%,281553,172518290.00,,2026,Precious Metals,Basic Materials,/market-activity/stocks/nva,4.59,7.243,172518290.0,281553.0,1292328.27
AUTL,Autolus Therapeutics plc American Depositary Share,$1.465,0.065,4.643%,879142,389918226.00,United Kingdom,2018,Biotechnology: Biological Products (No Diagnostic Substances),Health Care,/market-activity/stocks/autl,1.465,4.643,389918226.0,879142.0,1287943.03
GGT,Gabelli Multi-Media Trust Inc. (The) Common Stock,$4.10,-0.03,-0.726%,313772,112896579.00,United States,,Trusts Except Educational Religious and Charitable,Finance,/market-activity/stocks/ggt,4.1,-0.726,112896579.0,313772.0,1286465.2
LUXE,LuxExperience B.V. American Depositary Shares each representing one Ordinary Share,$8.20,0.00,0.00%,156649,1118268899.00,,2021,Catalog/Specialty Distribution,Consumer Discretionary,/market-activity/stocks/luxe,8.2,0.0,1118268899.0,156649.0,1284521.7999999998
TSBK,Timberland Bancorp Inc. Common Stock,$43.34,-0.33,-0.756%,29350,339263483.00,United States,,Banks,Finance,/market-activity/stocks/tsbk,43.34,-0.756,339263483.0,29350.0,1272029.0
SJT,San Juan Basin Royalty Trust Common Stock,$2.44,-0.26,-9.63%,520207,113725462.00,United States,,Oil & Gas Production,Energy,/market-activity/stocks/sjt,2.44,-9.63,113725462.0,520207.0,1269305.08
MLEC,Moolec Science SA Ordinary Shares,$8.45,1.85,28.03%,149654,6135697.00,Luxembourg,,Blank Checks,Finance,/market-activity/stocks/mlec,8.45,28.03,6135697.0,149654.0,1264576.2999999998
FISN,Deep Fission Inc. Common Stock,$10.98,0.67,6.499%,114787,646679431.00,United States,2026,Electric Utilities: Central,Utilities,/market-activity/stocks/fisn,10.98,6.499,646679431.0,114787.0,1260361.26
GANX,Gain Therapeutics Inc. Common Stock,$1.84,0.21,12.883%,682762,78483430.00,United States,2021,Biotechnology: Pharmaceutical Preparations,Health Care,/market-activity/stocks/ganx,1.84,12.883,78483430.0,682762.0,1256282.08
DSX,Diana Shipping inc. common stock,$2.22,0.06,2.778%,564696,274258261.00,Greece,2005,Marine Transportation,Consumer Discretionary,/market-activity/stocks/dsx,2.22,2.778,274258261.0,564696.0,1253625.12
AGMB,AgomAb Therapeutics NV American Depositary Shares,$11.64,-0.34,-2.838%,107672,573246429.00,Belgium,2026,Biotechnology: Biological Products (No Diagnostic Substances),Health Care,/market-activity/stocks/agmb,11.64,-2.838,573246429.0,107672.0,1253302.08
OVLY,Oak Valley Bancorp (CA) Common Stock,$33.33,0.25,0.756%,37600,280420555.00,United States,,Major Banks,Finance,/market-activity/stocks/ovly,33.33,0.756,280420555.0,37600.0,1253208.0
LSTA,Lisata Therapeutics Inc. Common Stock,$2.24,-1.285,-36.454%,559448,20398316.00,United States,,Misc Health and Biotechnology Services,Health Care,/market-activity/stocks/lsta,2.24,-36.454,20398316.0,559448.0,1253163.52
VTIX,Virtuix Holdings Inc. Class A Common Stock,$2.29,-0.50,-17.921%,546366,75336480.00,United States,,Computer peripheral equipment,Technology,/market-activity/stocks/vtix,2.29,-17.921,75336480.0,546366.0,1251178.1400000001
OPRX,OptimizeRx Corporation Common Stock,$6.66,0.15,2.304%,187616,124975400.00,United States,,Business Services,Consumer Discretionary,/market-activity/stocks/oprx,6.66,2.304,124975400.0,187616.0,1249522.56
GBAB,Guggenheim Taxable Municipal Bond & Investment Grade Debt Trust Common Shares of Beneficial Interest,$13.91,-0.08,-0.572%,89788,311540949.00,United States,2010,Investment Managers,Finance,/market-activity/stocks/gbab,13.91,-0.572,311540949.0,89788.0,1248951.08
MYFW,First Western Financial Inc. Common Stock,$32.70,-0.36,-1.089%,38087,318137254.00,United States,2018,Major Banks,Finance,/market-activity/stocks/myfw,32.7,-1.089,318137254.0,38087.0,1245444.9000000001
BLW,Blackrock Limited Duration Income Trust,$12.80,0.10,0.787%,96447,457104038.00,United States,2003,Other Consumer Services,Consumer Discretionary,/market-activity/stocks/blw,12.8,0.787,457104038.0,96447.0,1234521.6
RNAC,Cartesian Therapeutics Inc. Common Stock,$8.13,-0.05,-0.611%,151827,238871709.00,United States,2016,Biotechnology: Pharmaceutical Preparations,Health Care,/market-activity/stocks/rnac,8.13,-0.611,238871709.0,151827.0,1234353.51
PLX,Protalix BioTherapeutics Inc. (DE) Common Stock,$2.36,-0.05,-2.075%,519848,190149075.00,Israel,,Biotechnology: Biological Products (No Diagnostic Substances),Health Care,/market-activity/stocks/plx,2.36,-2.075,190149075.0,519848.0,1226841.28
FGI,FGI Industries Ltd. Ordinary Shares,$4.56,0.35,8.314%,268785,8806596.00,United States,2022,Industrial Specialties,Industrials,/market-activity/stocks/fgi,4.56,8.314,8806596.0,268785.0,1225659.5999999999
PEPG,PepGen Inc. Common Stock,$2.12,-0.08,-3.636%,578038,146638736.00,United States,2022,Biotechnology: Pharmaceutical Preparations,Health Care,/market-activity/stocks/pepg,2.12,-3.636,146638736.0,578038.0,1225440.56
FLWS,1-800-FLOWERS.COM Inc. Common Stock,$4.20,-0.03,-0.709%,291571,269213629.00,United States,1999,Other Specialty Stores,Consumer Discretionary,/market-activity/stocks/flws,4.2,-0.709,269213629.0,291571.0,1224598.2
CFBK,CF Bankshares Inc. Common Stock,$33.01,-0.14,-0.422%,37079,211970876.00,United States,,Major Banks,Finance,/market-activity/stocks/cfbk,33.01,-0.422,211970876.0,37079.0,1223977.79
NKTX,Nkarta Inc. Common Stock,$2.58,0.01,0.389%,473707,184587024.00,United States,2020,Biotechnology: Pharmaceutical Preparations,Health Care,/market-activity/stocks/nktx,2.58,0.389,184587024.0,473707.0,1222164.06
RBBN,Ribbon Communications Inc. Common Stock,$2.27,0.16,7.583%,537466,399835682.00,United States,,EDP Services,Technology,/market-activity/stocks/rbbn,2.27,7.583,399835682.0,537466.0,1220047.82
BJDX,Bluejay Diagnostics Inc. Common Stock,$1.16,-0.05,-4.132%,1050004,1200269.00,United States,2021,Medical/Dental Instruments,Health Care,/market-activity/stocks/bjdx,1.16,-4.132,1200269.0,1050004.0,1218004.64
STAK,STAK Inc. Class A Ordinary Shares,$1.44,-0.24,-14.286%,844117,19022903.00,China,2025,Oil and Gas Field Machinery,Consumer Discretionary,/market-activity/stocks/stak,1.44,-14.286,19022903.0,844117.0,1215528.48
NGEN,NervGen Pharma Corp. Common stock,$1.78,0.05,2.89%,680776,146303782.00,Canada,,,,/market-activity/stocks/ngen,1.78,2.89,146303782.0,680776.0,1211781.28
VRXA,Veraxa Biotech AG Ordinary Shares,$2.10,-0.02,-0.943%,575855,296956407.00,Switzerland,,Biotechnology: Pharmaceutical Preparations,Health Care,/market-activity/stocks/vrxa,2.1,-0.943,296956407.0,575855.0,1209295.5
LESL,Leslie's Inc. Common Stock,$2.38,0.10,4.386%,507071,22275486.00,United States,2020,Other Specialty Stores,Consumer Discretionary,/market-activity/stocks/lesl,2.38,4.386,22275486.0,507071.0,1206828.98
CPZ,Calamos Long/Short Equity & Dynamic Income Trust Common Stock,$13.09,0.03,0.23%,92063,256985419.00,United States,2019,Trusts Except Educational Religious and Charitable,Finance,/market-activity/stocks/cpz,13.09,0.23,256985419.0,92063.0,1205104.67
ESOA,Energy Services of America Corporation Common Stock,$16.24,0.32,2.01%,74149,303033187.00,United States,,Water Sewer Pipeline Comm & Power Line Construction,Industrials,/market-activity/stocks/esoa,16.24,2.01,303033187.0,74149.0,1204179.7599999998
NIPG,NIP Group Inc. American Depositary Shares,$7.50,2.78,58.898%,160350,63911895.00,Sweden,2024,Services-Misc. Amusement & Recreation,Consumer Discretionary,/market-activity/stocks/nipg,7.5,58.898,63911895.0,160350.0,1202625.0
FAC,Factorial Energy Inc. Class A Common Stock,$5.25,0.03,0.575%,228496,561872036.00,United States,2025,Industrial Machinery/Components,Miscellaneous,/market-activity/stocks/fac,5.25,0.575,561872036.0,228496.0,1199604.0
HOFT,Hooker Furnishings Corporation Common Stock,$14.27,0.62,4.542%,83951,153283346.00,United States,,Home Furnishings,Consumer Discretionary,/market-activity/stocks/hoft,14.27,4.542,153283346.0,83951.0,1197980.77
KROS,Keros Therapeutics Inc. Common Stock,$10.57,-0.04,-0.377%,113327,209199717.00,United States,2020,Biotechnology: Pharmaceutical Preparations,Health Care,/market-activity/stocks/kros,10.57,-0.377,209199717.0,113327.0,1197866.3900000001
AFYA,Afya Limited Class A Common Shares,$14.00,0.01,0.071%,85427,1280336722.00,Brazil,2019,Other Consumer Services,Real Estate,/market-activity/stocks/afya,14.0,0.071,1280336722.0,85427.0,1195978.0
GALT,Galectin Therapeutics Inc. Common Stock,$3.845,-0.155,-3.875%,310665,253219773.00,United States,,Biotechnology: Pharmaceutical Preparations,Health Care,/market-activity/stocks/galt,3.845,-3.875,253219773.0,310665.0,1194506.925
EXFY,Expensify Inc. Class A Common Stock,$1.78,0.00,0.00%,671064,171659852.00,United States,2021,Computer Software: Prepackaged Software,Technology,/market-activity/stocks/exfy,1.78,0.0,171659852.0,671064.0,1194493.92
GNT,GAMCO Natural Resources Gold & Income Trust,$8.18,0.00,0.00%,145806,151129091.00,United States,2011,Finance/Investors Services,Finance,/market-activity/stocks/gnt,8.18,0.0,151129091.0,145806.0,1192693.08
VFF,Village Farms International Inc. Common Shares,$1.99,0.04,2.051%,598393,227434485.00,Canada,,,,/market-activity/stocks/vff,1.99,2.051,227434485.0,598393.0,1190802.07
ANTX,AN2 Therapeutics Inc. Common Stock,$5.00,0.20,4.167%,238148,180080805.00,United States,2022,Biotechnology: Pharmaceutical Preparations,Health Care,/market-activity/stocks/antx,5.0,4.167,180080805.0,238148.0,1190740.0
TARA,Protara Therapeutics Inc.  Common Stock,$4.09,0.02,0.491%,290102,229875329.00,United States,2014,Biotechnology: Biological Products (No Diagnostic Substances),Health Care,/market-activity/stocks/tara,4.09,0.491,229875329.0,290102.0,1186517.18
NCDL,Nuveen Churchill Direct Lending Corp. Common Stock,$12.65,0.04,0.317%,93684,624746372.00,United States,2024,,,/market-activity/stocks/ncdl,12.65,0.317,624746372.0,93684.0,1185102.6
CURI,CuriosityStream Inc. Class A Common Stock,$2.59,0.02,0.778%,456387,153554884.00,United States,2020,Movies/Entertainment,Consumer Discretionary,/market-activity/stocks/curi,2.59,0.778,153554884.0,456387.0,1182042.3299999998
BWEN,Broadwind Inc. Common Stock,$5.09,0.30,6.263%,230578,119126950.00,United States,,Metal Fabrications,Telecommunications,/market-activity/stocks/bwen,5.09,6.263,119126950.0,230578.0,1173642.02
FC,Franklin Covey Company Common Stock,$20.51,-0.57,-2.704%,57188,231637335.00,United States,,Other Consumer Services,Consumer Discretionary,/market-activity/stocks/fc,20.51,-2.704,231637335.0,57188.0,1172925.8800000001
COYA,Coya Therapeutics Inc. Common Stock,$4.55,0.11,2.477%,257677,106730183.00,United States,2022,Biotechnology: Pharmaceutical Preparations,Health Care,/market-activity/stocks/coya,4.55,2.477,106730183.0,257677.0,1172430.3499999999
SPPL,SIMPPLE LTD. Ordinary Shares,$3.33,-0.05,-1.479%,352078,32587993.00,Singapore,2023,Diversified Commercial Services,Consumer Discretionary,/market-activity/stocks/sppl,3.33,-1.479,32587993.0,352078.0,1172419.74
SUJA,Suja Life Inc. Class A Common Stock,$9.39,0.43,4.799%,124537,362688863.00,United States,2026,Beverages (Production/Distribution),Consumer Staples,/market-activity/stocks/suja,9.39,4.799,362688863.0,124537.0,1169402.4300000002
PFSA,Profusa Inc. Common Stock,$2.00,0.05,2.564%,584504,1060000.00,United States,,Medical/Dental Instruments,Health Care,/market-activity/stocks/pfsa,2.0,2.564,1060000.0,584504.0,1169008.0
NPWR,NET Power Inc. Class A Common Stock,$1.54,-0.01,-0.645%,758188,346132989.00,United States,2021,Industrial Machinery/Components,Energy,/market-activity/stocks/npwr,1.54,-0.645,346132989.0,758188.0,1167609.52
TGEN,Tecogen Inc. Common Stock,$3.59,0.14,4.058%,323299,107405448.00,United States,2025,Industrial Machinery/Components,Industrials,/market-activity/stocks/tgen,3.59,4.058,107405448.0,323299.0,1160643.41
XNET,Xunlei Limited American Depositary Shares,$5.82,-0.05,-0.852%,198336,1852325120.00,China,2014,Computer Software: Prepackaged Software,Technology,/market-activity/stocks/xnet,5.82,-0.852,1852325120.0,198336.0,1154315.52
AOMR,Angel Oak Mortgage REIT Inc. Common Stock,$8.96,0.11,1.243%,127465,223235237.00,United States,2021,Real Estate,Finance,/market-activity/stocks/aomr,8.96,1.243,223235237.0,127465.0,1142086.4000000001
FTF,Franklin Limited Duration Income Trust Common Shares of Beneficial Interest,$5.92,0.05,0.852%,192274,239199814.00,United States,2003,Finance/Investors Services,Finance,/market-activity/stocks/ftf,5.92,0.852,239199814.0,192274.0,1138262.08
NMG,Nouveau Monde Graphite Inc. Common Shares,$1.32,-0.04,-2.941%,860856,212291031.00,Canada,,Other Metals and Minerals,Basic Materials,/market-activity/stocks/nmg,1.32,-2.941,212291031.0,860856.0,1136329.9200000002
XGN,Exagen Inc. Common Stock,$4.86,0.18,3.846%,233773,117416818.00,United States,2019,Medical Specialities,Health Care,/market-activity/stocks/xgn,4.86,3.846,117416818.0,233773.0,1136136.78
TG,Tredegar Corporation Common Stock,$7.72,0.17,2.252%,146891,270329843.00,United States,,Metal Fabrications,Industrials,/market-activity/stocks/tg,7.72,2.252,270329843.0,146891.0,1133998.52
GAM,General American Investors Inc. Common Stock,$64.56,0.29,0.451%,17561,1547865382.00,United States,,Investment Managers,Finance,/market-activity/stocks/gam,64.56,0.451,1547865382.0,17561.0,1133738.1600000001
WHWK,Whitehawk Therapeutics Inc. Common Stock,$3.91,0.12,3.166%,289591,210292816.00,United States,,Biotechnology: Pharmaceutical Preparations,Health Care,/market-activity/stocks/whwk,3.91,3.166,210292816.0,289591.0,1132300.81
EQ,Equillium Inc. Common Stock,$2.63,0.16,6.478%,429010,166285842.00,United States,2018,Biotechnology: Pharmaceutical Preparations,Health Care,/market-activity/stocks/eq,2.63,6.478,166285842.0,429010.0,1128296.3
ARTNA,Artesian Resources Corporation Class A Common Stock,$33.29,-0.74,-2.175%,33656,343700541.00,United States,,Water Supply,Utilities,/market-activity/stocks/artna,33.29,-2.175,343700541.0,33656.0,1120408.24
CNXU,Conexeu Sciences Inc. Common Stock,$9.65,0.77,8.671%,115852,258217885.00,United States,,Industrial Specialties,Health Care,/market-activity/stocks/cnxu,9.65,8.671,258217885.0,115852.0,1117971.8
PLG,Platinum Group Metals Ltd. Ordinary Shares (Canada),$1.34,0.10,8.065%,832877,171366050.00,Canada,,Precious Metals,Basic Materials,/market-activity/stocks/plg,1.34,8.065,171366050.0,832877.0,1116055.1800000002
BCYC,Bicycle Therapeutics plc American Depositary Shares,$4.16,0.00,0.00%,268176,290414696.00,United Kingdom,2019,Biotechnology: Pharmaceutical Preparations,Health Care,/market-activity/stocks/bcyc,4.16,0.0,290414696.0,268176.0,1115612.1600000001
GLIBA,Liberty Capital Corporation Series A GCI Group Common Stock,$22.32,0.75,3.477%,49681,890679466.00,United States,,Cable & Other Pay Television Services,Telecommunications,/market-activity/stocks/gliba,22.32,3.477,890679466.0,49681.0,1108879.92
CMDB,Costamare Bulkers Holdings Limited Common Stock,$18.91,0.28,1.503%,58634,457252726.00,,2025,Marine Transportation,Consumer Discretionary,/market-activity/stocks/cmdb,18.91,1.503,457252726.0,58634.0,1108768.94
CSHR,CoinShares PLC Ordinary Shares,$4.25,0.14,3.406%,260674,560065888.00,Jersey,,Investment Bankers/Brokers/Service,Finance,/market-activity/stocks/cshr,4.25,3.406,560065888.0,260674.0,1107864.5
DMRC,Digimarc Corporation Common Stock,$6.50,0.42,6.908%,169904,145645026.00,United States,,EDP Services,Technology,/market-activity/stocks/dmrc,6.5,6.908,145645026.0,169904.0,1104376.0
EPM,Evolution Petroleum Corporation Inc. Common Stock,$3.89,0.03,0.777%,282249,139544900.00,United States,,Oil & Gas Production,Energy,/market-activity/stocks/epm,3.89,0.777,139544900.0,282249.0,1097948.61
LCUT,Lifetime Brands Inc. Common Stock,$8.47,-0.26,-2.978%,129467,193581918.00,United States,1991,Industrial Machinery/Components,Consumer Discretionary,/market-activity/stocks/lcut,8.47,-2.978,193581918.0,129467.0,1096585.49
TONX,TON Strategy Company Common Stock,$3.52,0.07,2.029%,311500,198987772.00,United States,,Other Consumer Services,Consumer Discretionary,/market-activity/stocks/tonx,3.52,2.029,198987772.0,311500.0,1096480.0
AP,Ampco-Pittsburgh Corporation Common Stock,$8.38,0.67,8.69%,129575,170335140.00,United States,,Fluid Controls,Industrials,/market-activity/stocks/ap,8.38,8.69,170335140.0,129575.0,1085838.5
ADCT,ADC Therapeutics SA Common Shares,$1.27,0.01,0.794%,850691,161532771.00,Switzerland,2020,Biotechnology: Pharmaceutical Preparations,Health Care,/market-activity/stocks/adct,1.27,0.794,161532771.0,850691.0,1080377.57
CPIX,Cumberland Pharmaceuticals Inc. Common Stock,$7.85,0.55,7.534%,137149,117617390.00,United States,2009,Biotechnology: Pharmaceutical Preparations,Health Care,/market-activity/stocks/cpix,7.85,7.534,117617390.0,137149.0,1076619.65
RPAY,Repay Holdings Corporation Class A Common Stock,$3.74,-0.06,-1.579%,287704,335377312.00,United States,2018,Business Services,Consumer Discretionary,/market-activity/stocks/rpay,3.74,-1.579,335377312.0,287704.0,1076012.96
CNDT,Conduent Incorporated Common Stock ,$1.55,-0.05,-3.125%,691150,240400062.00,United States,,Business Services,Consumer Discretionary,/market-activity/stocks/cndt,1.55,-3.125,240400062.0,691150.0,1071282.5
ELAB,PMGC Holdings Inc. Common Stock,$1.05,-0.02,-1.869%,1020071,4770939.00,United States,2023,Biotechnology: Pharmaceutical Preparations,Health Care,/market-activity/stocks/elab,1.05,-1.869,4770939.0,1020071.0,1071074.55
USDE,StablecoinX Inc. Class A Common Stock,$1.87,0.14,8.092%,570281,118776040.00,United States,,Finance: Consumer Services,Finance,/market-activity/stocks/usde,1.87,8.092,118776040.0,570281.0,1066425.47
GLND,Greenland Energy Company Common Stock,$2.21,0.05,2.315%,479540,96643729.00,United States,,Oil & Gas Production,Energy,/market-activity/stocks/glnd,2.21,2.315,96643729.0,479540.0,1059783.4
ORMP,Oramed Pharmaceuticals Inc. Common Stock,$4.02,-0.08,-1.951%,263616,164522846.00,Israel,,Biotechnology: Pharmaceutical Preparations,Health Care,/market-activity/stocks/ormp,4.02,-1.951,164522846.0,263616.0,1059736.3199999998
DYAI,Dyadic International Inc. Common Stock,$1.47,0.26,21.488%,720207,53564893.00,United States,,Biotechnology: Biological Products (No Diagnostic Substances),Health Care,/market-activity/stocks/dyai,1.47,21.488,53564893.0,720207.0,1058704.29
JYNT,The Joint Corp. Common Stock,$8.81,0.10,1.148%,120142,125590039.00,United States,2014,Multi-Sector Companies,Miscellaneous,/market-activity/stocks/jynt,8.81,1.148,125590039.0,120142.0,1058451.02
OBIO,Orchestra BioMed Holdings Inc. Ordinary Shares,$3.69,-0.02,-0.539%,285476,220959838.00,United States,2020, Medicinal Chemicals and Botanical Products ,Health Care,/market-activity/stocks/obio,3.69,-0.539,220959838.0,285476.0,1053406.44
VBNK,VersaBank Common Shares,$20.76,-0.10,-0.479%,50165,668382670.00,Canada,,Commercial Banks,Finance,/market-activity/stocks/vbnk,20.76,-0.479,668382670.0,50165.0,1041425.4
BOOM,DMC Global Inc. Common Stock,$6.40,0.16,2.564%,160629,131000365.00,United States,,Industrial Specialties,Industrials,/market-activity/stocks/boom,6.4,2.564,131000365.0,160629.0,1028025.6000000001
XFLT,XAI Floating Rate & Alternative Income Trust Common Shares of Beneficial Interest,$17.46,0.07,0.403%,58787,619280569.00,United States,2017,Investment Managers,Finance,/market-activity/stocks/xflt,17.46,0.403,619280569.0,58787.0,1026421.02
NERV,Minerva Neurosciences Inc Common Stock,$4.48,0.11,2.517%,228501,208717416.00,United States,2014,Biotechnology: Pharmaceutical Preparations,Health Care,/market-activity/stocks/nerv,4.48,2.517,208717416.0,228501.0,1023684.4800000001
QTI,QT Imaging Holdings Inc. Common Stock,$3.09,-0.18,-5.505%,331102,42545910.00,United States,,Biotechnology: Electromedical & Electrotherapeutic Apparatus,Health Care,/market-activity/stocks/qti,3.09,-5.505,42545910.0,331102.0,1023105.1799999999
LZM,Lifezone Metals Limited Ordinary Shares,$3.23,0.18,5.902%,314801,271977744.00,Isle of Man,,Metal Mining,Basic Materials,/market-activity/stocks/lzm,3.23,5.902,271977744.0,314801.0,1016807.23
PDC,Perpetuals.com Ltd American Depositary Shares,$3.99,0.82,25.868%,254815,12171774.00,Japan,2023,EDP Services,Technology,/market-activity/stocks/pdc,3.99,25.868,12171774.0,254815.0,1016711.8500000001
SLSR,Solaris Resources Inc. Common Shares,$7.79,0.65,9.104%,128790,1301205205.00,,2024,,,/market-activity/stocks/slsr,7.79,9.104,1301205205.0,128790.0,1003274.1
JILL,J. Jill Inc. Common Stock,$16.26,0.26,1.625%,61681,243110008.00,United States,2017,Apparel,Consumer Discretionary,/market-activity/stocks/jill,16.26,1.625,243110008.0,61681.0,1002933.06
VENU,Venu Holding Corporation Common Stock,$2.41,0.05,2.119%,415159,138530523.00,United States,2024,Services-Misc. Amusement & Recreation,Consumer Discretionary,/market-activity/stocks/venu,2.41,2.119,138530523.0,415159.0,1000533.1900000001
