version,symbol,setup_date,entry_date,exit_date,grade,score,setup_close,setup_high,setup_low,short_trigger,initial_stop,risk,target_1r,target_2r,target_3r,risk_pct,exit_price,exit_reason,partial_hit,pnl,pnl_r,pnl_pct_on_entry,return_3d_pct,return_5d_pct,return_10d_pct,volume_ratio,dollar_volume,failed_from_high_pct
profit_model,BBAI,2024-03-04,2024-03-05,2024-03-11,B,61,4.329999923706055,4.795000076293945,4.019999980926514,4.010185695375715,4.844071504047939,0.8338858086722238,3.1762998867034913,2.3424140780312674,1.5085282693590436,20.794194384409845,2.4200000762939453,partial_runner_time,True,1.2120357138769968,1.453479242927628,30.223929911141955,37.89808213519776,73.89557859928033,95.9275949758194,6.164831180644153,292292747.8498459,-9.697604696333794
profit_model,BBAI,2025-02-10,2025-02-11,2025-02-12,B,57,8.720000267028809,9.699999809265137,8.199999809265137,8.181251235348837,9.793742678846632,1.6124914434977953,6.568759791851042,4.956268348353246,3.343776904855451,19.709594499808084,9.793742678846632,stop,False,-1.6124914434977953,-1.0,-19.709594499808084,22.644164603110873,106.14657748722149,136.95652469682778,3.0345859332522074,1635241594.0752983,-10.103088262952987
profit_model,BFLY,2026-02-26,2026-02-27,2026-03-05,B,67,4.670000076293945,4.960000038146973,3.930000066757202,3.9239314951215474,4.990342896325248,1.0664114012037005,2.857520093917847,1.7911086927141464,0.7246972915104459,27.177115669055976,3.759999990463257,time,False,0.16393150465829054,0.1537225731769696,4.177736152175424,58.843536918467485,52.61438443204565,42.378052348433926,14.212778122921122,301816033.9307785,-5.8467733794891235
profit_model,BFLY,2026-06-18,2026-06-22,2026-06-26,B,62,8.899999618530273,8.9399995803833,7.099999904632568,7.087231334958758,9.003842428752355,1.9166110937935974,5.17062024116516,3.254009147371563,1.3373980535779655,27.043156956647454,8.890000343322754,time,False,-1.8027690083639962,-0.9406024071350486,-25.43685852995353,58.08169516199166,56.69013886455498,71.48361310995304,12.413851848887056,538272866.9286728,-0.4474268873658316
profit_model,CAPR,2024-09-25,2024-09-26,2024-09-30,B,70,10.34000015258789,12.869999885559082,9.899999618530273,9.883056761877878,12.954714168821063,3.071657406943185,6.811399354934693,3.739741947991508,0.6680845410483229,31.08003405172733,12.954714168821063,stop,False,-3.071657406943185,-1.0,-31.08003405172733,104.75247053571377,101.95313249423651,147.36843486181704,22.425734773725747,434123872.4063873,-19.658117758105064
profit_model,CBRL,2026-06-10,2026-06-11,2026-06-17,B,55,44.4900016784668,48.90999984741211,43.150001525878906,43.10037296295166,49.15814266204834,6.057769699096681,37.04260326385498,30.984833564758297,24.927063865661616,14.055028489669537,43.880001068115234,time,False,-0.7796281051635745,-0.12869886837722316,-1.808866261630101,32.64758635671399,34.329719544876205,28.695406627752405,10.623098454423756,504859192.0467377,-9.037003031557322
profit_model,CPRI,2023-08-10,2023-08-11,2023-08-17,B,67,53.900001525878906,54.52000045776367,53.650001525878906,53.59965867178781,54.771714728219166,1.1720560564313587,52.42760261535645,51.25554655892509,50.08349050249373,2.186685672026995,51.630001068115234,partial_runner_time,True,1.5708568300519659,1.340257423211364,2.9307217041641103,49.93046003338046,52.47525842281955,50.264854003012836,22.84180554469473,2676533935.771179,-1.137195390093726
profit_model,CRML,2025-10-14,2025-10-15,2025-10-21,B,67,29.969999313354492,32.150001525878906,24.75,24.68431428364345,32.47843010766166,7.79411582401821,16.89019845962524,9.09608263560703,1.3019668115888194,31.57517658565391,16.270000457763672,partial_runner_time,True,8.104214824948993,1.039786296217871,32.83143591442232,103.73894789690179,199.10177588997223,381.83280264115666,3.7323476551950434,2543095300.7349014,-6.780721956637037
profit_model,FCEL,2019-09-09,2019-09-10,2019-09-10,B,62,19.200000762939453,19.200000762939453,14.399999618530273,14.37428533417838,19.328572184698924,4.954286850520544,9.419998483657835,4.465711633137291,-0.4885752173832536,34.466317700960865,19.328572184698924,stop,False,-4.954286850520544,-1.0,-34.466317700960865,88.23530511735103,88.23530511735103,88.23530511735103,7.073355553941737,40674184.016246796,0.0
profit_model,FCEL,2019-11-14,2019-11-15,2019-11-21,B,58,26.700000762939453,30.0,24.299999237060547,24.236999235834393,30.315000006130763,6.07800077029637,18.158998465538023,12.080997695241653,6.002996924945283,25.077365028382097,23.100000381469727,time,False,1.1369988543646663,0.1870679023144028,4.691170071432003,97.77778342918113,117.07317356833525,270.83335375344365,3.4109275330698305,88658420.53337097,-10.999997456868494
profit_model,FCEL,2020-06-10,2020-06-11,2020-06-17,B,55,101.0999984741211,102.5999984741211,77.4000015258789,77.26371581486293,103.28142702920097,26.017711214338036,51.2460046005249,25.228293386186863,-0.7894178281511728,33.673906231329745,70.80000305175781,time,False,6.463712763105121,0.24843510291339732,8.365780360076498,28.62595475419518,39.25619917217915,55.299540466672845,5.969848761370253,172644726.69431305,-1.4619883258364275
profit_model,NUAI,2025-10-20,2025-10-21,2025-10-24,B,60,5.639999866485596,6.210000038146973,5.059999942779541,5.043935657228742,6.290321465900966,1.2463858086722244,3.7975498485565176,2.551164039884293,1.3047782312120688,24.710581049660302,5.043935657228742,partial_runner_breakeven,True,0.6231929043361122,0.5,12.355290524830151,68.35820976252226,140.00000405818875,215.08379813857687,0.7329651460079446,232066818.5063362,-9.178746669242555
profit_model,POET,2026-04-22,2026-04-23,2026-04-24,B,68,12.770000457763672,12.949999809265137,11.3100004196167,11.289828991889953,13.050856947898865,1.7610279560089115,9.528801035881042,7.76777307987213,6.006745123863219,15.598358108647576,13.050856947898865,stop,False,-1.7610279560089115,-1.0,-15.598358108647576,75.89531756434214,83.21378539686502,105.30548052269633,5.561050908713975,1075596706.5567017,-1.3899564027227473
profit_model,QUBT,2025-03-17,2025-03-18,2025-03-18,B,56,8.020000457763672,8.579999923706055,7.739999771118164,7.725589770589556,8.652049926349095,0.9264601557595391,6.799129614830017,5.872669459070478,4.946209303310939,11.992096179976677,8.652049926349095,stop,False,-0.9264601557595391,-1.0,-11.992096179976677,47.9704860677334,77.43363919483303,47.697987316833725,5.92256391394233,636655706.3388824,-6.526800360395524
profit_model,RCAT,2021-09-27,2021-09-28,2021-10-04,B,67,3.5999999046325684,4.239999771118164,3.4100000858306885,3.404070086138589,4.2696497695786615,0.8655796834400724,2.5384904026985167,1.6729107192584443,0.8073310358183718,25.42778678279047,3.130000114440918,time,False,0.2740699716976711,0.3166317058279777,8.051243504465052,62.16215577646862,54.50643873440455,36.882119695186844,408.012380706732,854206537.371254,-15.094337288532833
profit_model,REPL,2025-10-20,2025-10-21,2025-10-27,B,73,8.944999694824219,10.289999961853027,8.609999656677246,8.596073940822057,10.359628541128975,1.763554600306918,6.832519340515139,5.068964740208221,3.305410139901303,20.51581468991257,9.329999923706055,time,False,-0.7339259828839975,-0.4161628921249558,-8.537920775653667,88.71308284291534,96.16227647081521,91.13247912232616,31.711642814485742,990342957.7125549,-13.070945306268012
profit_model,SBET,2025-07-17,2025-07-18,2025-07-18,B,62,36.400001525878906,39.08000183105469,32.31999969482422,32.24134254183088,39.47328759602138,7.231945054190497,25.009397487640385,17.777452433449888,10.54550737925939,22.430657299110777,39.47328759602138,stop,False,-7.231945054190497,-1.0,-22.430657299110777,52.428822466970246,96.96971010570716,203.8397572349494,3.0931961246584154,3578000029.988861,-6.857728197561485
profit_model,TE,2025-10-15,2025-10-16,2025-10-16,B,68,5.239999771118164,5.260000228881836,4.630000114440918,4.620987257276263,5.305064514705113,0.6840772574288501,3.936909999847413,3.252832742418563,2.5687554849897127,14.8037036101256,5.305064514705113,stop,False,-0.6840772574288501,-1.0,-14.8037036101256,43.95603351929327,78.83957855733328,119.24684272464741,5.685020190028316,155070457.2265625,-0.3802368230680364
profit_model,UMAC,2026-05-28,2026-05-29,2026-05-29,A,80,29.600000381469727,32.0,24.700000762939453,24.64767219407218,32.26164284433637,7.613970650264193,17.033701543807986,9.419730893543793,1.8057602432796003,30.89123626082373,32.26164284433637,stop,False,-7.613970650264193,-1.0,-30.89123626082373,76.40047181301438,105.9846946221329,97.72878993638541,11.661780157341612,1442257058.5870743,-7.4999988079071045
profit_model,WEN,2026-06-24,2026-06-25,2026-06-25,B,55,7.860000133514404,8.890000343322754,7.5,7.490485714503697,8.937571770804269,1.4470860563005719,6.043399658203125,4.596313601902553,3.149227545601981,19.318988266656785,8.937571770804269,stop,False,-1.4470860563005719,-1.0,-19.318988266656785,15.588234015402126,16.100445430706166,17.138600429650896,23.73445569563158,1654387762.1023655,-11.586053656139384
profit_model,AMSC,2023-08-01,2023-08-02,2023-08-08,A,80,16.1299991607666,17.3700008392334,13.3100004196167,13.281614704813276,17.511929413250513,4.230314708437238,9.051299996376038,4.8209852879388,0.5906705795015625,31.850906704168775,8.699999809265137,partial_runner_time,True,4.405964801992688,1.0415217556285166,33.173412268885954,90.8875683414881,129.44521592277925,106.79485597867586,71.65868184029364,784097002.2039413,-7.138754280690773
profit_model,BTBT,2021-01-04,2021-01-05,2021-01-11,B,72,29.270000457763672,33.0,25.5,25.435491430418832,33.322542847905844,7.887051417487012,17.54844001293182,9.661388595444809,1.774337177957797,31.0080559640956,18.760000228881836,time,False,6.675491201536996,0.8463861648899906,26.244789568145077,177.17802362384845,405.52678153034253,431.2159572033909,3.354323824293978,1131932384.7026825,-11.303028915867664
profit_model,COUR,2024-07-26,2024-07-29,2024-08-02,B,62,10.720000267028809,11.739999771118164,9.994999885559082,9.983021312441144,11.79989263670785,1.8168713242667067,8.166149988174437,6.3492786639077305,4.532407339641024,18.199613798304394,8.6899995803833,time,False,1.2930217320578432,0.7116749077316797,12.952208470660484,42.93333689371745,49.30362845857206,50.773559292888734,10.116026223549266,267309638.65852356,-8.688241260435792
profit_model,HTZ,2025-04-17,2025-04-21,2025-04-22,A,75,8.239999771118164,8.739999771118164,6.679999828338623,6.665648399761745,8.811756914002554,2.14610851424081,4.519539885520935,2.373431371280125,0.2273228570393151,32.1965454151095,8.811756914002554,stop,False,-2.14610851424081,-1.0,-32.1965454151095,105.23038717634603,99.03381731538599,116.27296311996184,17.89612583095614,2199322682.909584,-5.720823948443099
profit_model,HYMC,2025-12-23,2025-12-24,2025-12-31,B,58,27.139999389648438,29.799999237060547,24.790000915527344,24.74516234261649,30.024192101614815,5.279029758998327,19.466132583618162,14.187102824619835,8.908073065621508,21.333583049106544,23.770000457763672,time,False,0.9751618848528167,0.18472369533257746,3.940818295515396,76.69270830908015,105.13983619579807,132.36300240182217,5.730991828093727,430535380.317688,-8.926174213132265
profit_model,LAC,2025-09-25,2025-09-26,2025-10-02,B,68,7.369999885559082,7.53000020980835,6.369999885559082,6.36040702853884,7.577964494909559,1.2175574663707192,5.142849562168121,3.925292095797402,2.7077346294266826,19.142760218136946,6.860000133514404,time,False,-0.4995931049755642,-0.4103240452910575,-7.854734810742676,123.33333309250646,128.88198198991995,159.50704606675234,9.072407105064796,1568745010.6406212,-2.124838244238769
profit_model,LAES,2024-12-17,2024-12-18,2024-12-20,B,60,2.9800000190734863,3.200000047683716,2.6500000953674316,2.6424686666897363,3.2376571910721914,0.5951885243824551,2.0472801423072813,1.4520916179248262,0.8569030935423712,22.52395768719019,2.6424686666897363,partial_runner_breakeven,True,0.29759426219122753,0.5,11.261978843595095,61.0810800361494,421.89144020902336,623.3009746661453,2.0124550918882997,257009803.64499092,-6.875000791624175
profit_model,LAES,2025-01-03,2025-01-06,2025-01-13,B,55,8.140000343322754,9.329000473022461,7.820000171661377,7.782801600694657,9.514993327856065,1.7321917271614078,6.050609873533249,4.318418146371841,2.5862264192104334,22.25666046795797,3.3499999046325684,partial_runner_time,True,3.082496711611748,1.7795355232778556,39.60651793226515,-5.017495528747329,-7.077624079448475,247.86327529470933,0.4992306254541715,368304897.5340843,-12.745203874070421
profit_model,PGY,2022-07-28,2022-07-29,2022-07-29,B,55,215.63999938964844,250.44000244140625,204.0,203.20822285243443,254.3988881792341,51.19066532679966,152.01755752563477,100.82689219883511,49.63622687203545,25.19123714987324,254.3988881792341,stop,False,-51.19066532679966,-1.0,-25.19123714987324,85.8324695693738,235.8878654830726,534.9823474766946,0.6552544088621117,130706519.75004578,-13.8955449259348
profit_model,RDGT,2022-12-14,2022-12-15,2022-12-21,B,63,18840.0,22770.0,17220.0,17167.8,23031.0,5863.200000000001,11304.599999999999,5441.399999999998,-421.8000000000029,34.15230839129068,9930.0,partial_runner_time,True,6550.5,1.1172226770364304,38.15573340789152,89.72809667673715,214.0,248.88888888888889,3.3649893692416724,22363080.0,-17.259552042160742
profit_model,SOC,2025-12-18,2025-12-19,2025-12-23,B,60,8.25,9.470000267028809,7.849999904632568,7.832339903967721,9.558300270353044,1.7259603663853227,6.106379537582399,4.380419171197076,2.6544588048117532,22.036331256652723,9.558300270353044,stop,False,-1.7259603663853227,-1.0,-22.036331256652723,47.321431080297586,46.27659920745266,61.764708907271526,8.97391397791688,413369550.0,-12.882790207265549
profit_model,SPCE,2020-02-19,2020-02-20,2020-02-20,B,55,747.0,750.0,640.0,638.841857169015,755.7907141549247,116.94885698590963,521.8930001831054,404.9441431971958,287.99528621128616,18.306386106909255,755.7907141549247,stop,False,-116.94885698590963,-1.0,-18.306386106909255,57.86136532751771,70.2370147631918,89.69020395011236,4.1118810461644575,3170682585.0,-0.40000000000000036
profit_model,ZD,2026-03-03,2026-03-04,2026-03-10,B,67,41.47999954223633,50.54999923706055,41.11000061035156,41.03575775146484,50.92121353149414,9.885455780029297,31.150301971435546,21.26484619140625,11.379390411376953,24.089858020658625,39.849998474121094,time,False,1.1857592773437489,0.1199498843279672,2.889575683055155,50.01808359678084,56.46925380651311,37.396484956806674,11.211086202520937,439775103.1467438,-17.94263072545129
profit_model,ADMA,2019-04-02,2019-04-03,2019-04-09,B,67,5.059999942779541,6.313000202178955,5.010000228881836,4.999893084594182,6.363535923617227,1.3636428390230453,3.6362502455711363,2.272607406548091,0.9089645675250457,27.27343997064141,5.110000133514404,time,False,-0.11010704892022272,-0.08074478578210899,-2.2021880679706496,53.799392141317725,51.044778711255745,27.455917035619915,35.096753356175924,126465084.56988335,-19.847936310328905
profit_model,BLZE,2026-05-05,2026-05-06,2026-05-12,B,73,7.590000152587891,8.420000076293945,7.119999885559082,7.1110213133267,8.464892937455858,1.353871624129158,5.757149689197542,4.403278065068384,3.049406440939226,19.039060136015618,7.03000020980835,time,False,0.08102110351835012,0.05984400741869806,1.1393736560247572,77.33644347012209,76.92308205311633,82.45193343719825,52.03227793174883,282142316.6721344,-9.857481189850281
profit_model,DGXX,2026-05-11,2026-05-12,2026-05-12,B,57,7.429999828338623,8.079999923706055,7.159999847412109,7.146835562842233,8.145821346555437,0.9989857837132039,6.147849779129029,5.148863995415825,4.149878211702621,13.978015513706826,8.145821346555437,stop,False,-0.9989857837132039,-1.0,-13.978015513706826,19.070514437009667,88.10125920620135,123.12312308012183,3.4476905526727246,284173717.43450165,-8.044555711694812
profit_model,EYPT,2023-12-07,2023-12-08,2023-12-14,B,55,21.18000030517578,24.15999984741211,19.639999389648438,19.59402796132224,24.3898569890431,4.79582902772086,14.79819893360138,10.00236990588052,5.206540878159661,24.475973175028727,20.3700008392334,time,False,-0.7759728779111583,-0.1618016141580274,-3.9602519678082273,15.485278783856216,238.8800048828125,253.00000508626303,1.9917221230319753,103959913.4979248,-12.334435269276423
profit_model,MLTX,2022-05-31,2022-06-01,2022-06-07,B,58,7.730000019073486,9.0,7.0,6.9829357147216795,9.085321426391602,2.102385711669922,4.8805500030517575,2.7781642913818354,0.6757785797119134,30.10747624724077,6.119999885559082,time,False,0.8629358291625975,0.41045552410892705,12.357779942658283,54.60000038146973,54.90982712693271,64.81876172203485,26.53691143222255,10433954.025745392,-14.111110899183487
profit_model,NVAX,2020-05-19,2020-05-20,2020-05-27,B,55,53.900001525878906,61.0,52.060001373291016,51.945829950060165,61.570857116154265,9.6250271660941,42.320802783966066,32.695775617871966,23.070748451777867,18.52896984290642,45.470001220703125,partial_runner_time,True,8.05042794772557,0.8364057377505032,15.497736691212971,40.73107728347733,35.35912089141677,203.14960317387948,1.0047010751932424,678029679.1946411,-11.639341760854249
profit_model,NVAX,2024-05-14,2024-05-15,2024-05-21,B,57,13.479999542236328,15.0,12.5600004196167,12.535671845844814,15.121642868859427,2.585971023014613,9.9497008228302,7.363729799815587,4.777758776800974,20.628898513100292,15.121642868859427,stop,False,-2.585971023014613,-1.0,-20.628898513100292,201.5659994395296,192.40779071214337,211.3163921420759,3.118717688804374,762285886.113739,-10.133336385091141
profit_model,QDEL,2020-05-11,2020-05-12,2020-05-18,B,55,208.9499969482422,210.80999755859375,187.5,187.26358571733746,211.99206897190638,24.728483254568914,162.53510246276855,137.80661920819963,113.07813595363072,13.20517449233029,182.8000030517578,time,False,4.463582665579651,0.18050369768452923,2.3835828244350434,46.82734912015618,50.334548305718975,51.314362002708116,6.037501030866002,841337162.7120972,-0.8823113855568332
profit_model,SATL,2024-12-09,2024-12-10,2024-12-16,A,79,4.739999771118164,5.489999771118164,4.619999885559082,4.609787028687341,5.54106405547687,0.9312770267895285,3.6785100018978127,2.7472329751082842,1.8159559483187557,20.202170317068077,4.019999980926514,partial_runner_time,True,0.760532037275178,0.8166549967382162,16.498203334390116,81.60919393232913,163.33332759362668,238.57141798856287,9.707651602339736,38782204.12731171,-13.661202755337188
profit_model,SIDU,2025-12-24,2025-12-26,2025-12-26,B,62,2.200000047683716,2.359999895095825,1.8899999856948853,1.8827899859632764,2.3960498937538692,0.5132599077905928,1.3695300781726836,0.8562701703820907,0.3430102625914979,27.260603233344575,2.3960498937538692,stop,False,-0.5132599077905928,-1.0,-27.260603233344575,89.65518198172089,144.44445621820176,94.69027052807711,3.0340837716158853,184224263.9929533,-6.779654852722472
profit_model,VEEE,2025-09-05,2025-09-08,2025-09-12,B,55,105.08000183105469,128.02000427246094,96.19999694824219,95.98069268362863,129.11652559552874,33.13583291190011,62.84485977172852,29.709026859828413,-3.426806052071697,34.52343589676142,88.80000305175781,time,False,7.18068963187082,0.21670466684698939,7.481389674421078,25.66371487634258,44.67652462370888,42.7135756495995,259.70880698959763,226142987.1806183,-17.919076453539063
profit_model,VRDN,2020-01-30,2020-01-31,2020-02-06,B,74,30.600000381469727,34.04999923706055,28.5,28.410321427753992,34.49839209829058,6.088070670536588,22.322250757217404,16.234180086680816,10.146109416144228,21.429080575586738,19.200000762939453,partial_runner_time,True,7.6491956676755635,1.2564235997939528,26.92400255705336,39.72603157297825,200.00000934974835,200.88495724594614,8.21800465422117,57040236.71108246,-10.132155456367197
profit_model,ALOY,2022-04-01,2022-04-04,2022-04-08,B,59,12.800000190734863,15.399999618530273,12.039999961853027,12.014359962599618,15.52819961479732,3.513839652197701,8.500520310401917,4.986680658204216,1.4728410060065151,29.246998284854044,12.760000228881836,time,False,-0.7456402662822175,-0.21220099380911223,-6.206242101979428,30.612244302161006,86.04651130554547,72.97297332128352,110.46779119216828,61927360.92278957,-16.88311358571024
profit_model,ALOY,2026-03-04,2026-03-05,2026-03-11,B,64,25.8799991607666,26.899999618530273,21.5,21.4369385773795,27.21530673163278,5.778368154253279,15.658570423126221,9.880202268872942,4.101834114619663,26.955192941359073,16.8700008392334,partial_runner_time,True,5.17265294619969,0.8951753865651948,24.129625261220518,40.195018658127466,61.95243993821049,117.66188741365697,5.393521947365822,56540034.166526794,-3.791823316833942
profit_model,MNKD,2017-10-10,2017-10-11,2017-10-17,B,72,6.710000038146973,6.960000038146973,5.71999979019165,5.706142646414893,7.02928575703076,1.3231431106158666,4.382999535799026,3.0598564251831597,1.736713314567293,23.18804825966247,4.75,time,False,0.956142646414893,0.72262980379337,16.756374764231087,35.282257793163026,137.94326939685257,256.91489655138304,4.589549824542707,323654838.8400078,-3.591954003301412
profit_model,MNKD,2025-09-02,2025-09-03,2025-09-09,B,55,5.739999771118164,6.199999809265137,5.619999885559082,5.614199886322021,6.22899980545044,0.6147999191284184,4.999399967193603,4.3846000480651846,3.769800128936766,10.950802101404811,5.510000228881836,time,False,0.10419965744018533,0.16948547681643447,1.8560019156790069,26.991145914597414,47.17947771171478,50.656164234233934,7.109545330959868,159099591.65592194,-7.419355682230167
profit_model,MNKD,2026-05-06,2026-05-07,2026-05-13,B,55,3.559999942779541,4.289999961853027,3.4000000953674316,3.395528667313712,4.312357102121625,0.9168284348079134,2.4787002325057985,1.561871797697885,0.6450433628899717,27.001051224616504,3.2100000381469727,time,False,0.1855286291667393,0.20235915698405424,5.463909963496661,25.35211444965224,29.45454337380149,29.927004758712993,10.314306393785271,131142209.8921299,-17.01631761223068
profit_model,MRAM,2026-05-13,2026-05-14,2026-05-20,B,67,41.459999084472656,51.5,41.29999923706055,41.19822351864406,52.00887859208243,10.810655073438369,30.387568445205694,19.576913371767326,8.766258298328957,26.240585515892594,28.940000534057617,partial_runner_time,True,11.534439029012407,1.0669509803668018,27.9974184415805,53.6124469657786,92.30055710328584,214.3290402081107,3.59252593569095,649665747.6539612,-19.49514740879096
profit_model,NEXT,2020-09-18,2020-09-21,2020-09-25,B,58,4.900000095367432,5.110000133514404,4.03000020980835,4.017967353378023,5.170164415666036,1.1521970622880122,2.865770291090011,1.713573228801999,0.5613761665139867,28.676118070479745,3.109999895095825,partial_runner_time,True,1.0300822602851052,0.894015697488055,25.63689969802977,41.21037622382764,141.37931844466053,276.92309808449005,4.314162533689132,23805180.463314056,-4.10958968023637
profit_model,NVCR,2017-04-03,2017-04-04,2017-04-10,B,67,11.100000381469727,14.300000190734863,11.0,10.983137143680027,14.384314472334726,3.4011773286546987,7.5819598150253285,4.18078248637063,0.7796051577159311,30.967266311627743,11.199999809265137,time,False,-0.21686266558510958,-0.06376105819536537,-1.9745056694470742,33.73494128181409,46.05263843100496,50.00000322187266,68.26408071879271,260591378.95565033,-22.377620745337147
profit_model,TLRY,2018-08-27,2018-08-28,2018-08-29,B,68,534.4000244140625,586.7999877929688,500.0,499.1454285975865,591.0728448050363,91.92741620744982,407.21801239013666,315.29059618268684,223.36317997523702,18.41696045694173,591.0728448050363,stop,False,-91.92741620744982,-1.0,-18.41696045694173,37.02564728565705,48.857945519237454,100.37495311369678,5.056355206111364,798692900.4882812,-8.929782629340089
profit_model,TLRY,2020-03-27,2020-03-30,2020-04-03,B,57,91.0,106.0,85.0,84.69614285877773,107.51928570611136,22.823142847333628,61.873000011444105,39.04985716411048,16.22671431677685,26.94708646341654,55.400001525878906,partial_runner_time,True,26.059642090116228,1.1418077810068437,30.768392999393193,126.36815490783096,149.3150684931507,125.80645588775816,4.749299694041294,503508460.0,-14.150943396226412
profit_model,TLRY,2021-01-15,2021-01-19,2021-01-25,B,57,197.0,226.10000610351562,185.6999969482422,185.3665683746338,227.76714897155762,42.40058059692382,142.96598777770998,100.56540718078617,58.16482658386235,22.873909232235675,171.8000030517578,time,False,13.566565322875988,0.3199617819351334,7.318776757768626,47.56554307116105,74.18214204934444,138.49879375206146,3.385308800279717,1937890970.0,-12.87041367446613
profit_model,VIR,2020-01-27,2020-01-28,2020-01-31,B,64,24.774999618530273,27.475000381469727,23.0,22.96604999950954,27.64475038392203,4.67870038441249,18.28734961509705,13.60864923068456,8.929948846272069,20.37224679260216,27.64475038392203,stop,False,-4.67870038441249,-1.0,-20.37224679260216,50.24257102733915,51.25153167206131,92.95170813169263,16.89976103634763,66580333.97483826,-9.82711820000718
profit_model,VIR,2021-03-11,2021-03-12,2021-03-18,B,55,61.83000183105469,68.19999694824219,55.0,54.81905285971505,69.10473264966693,14.285679789951878,40.53337306976317,26.247693279811294,11.962013489859416,26.05969830691842,51.75,time,False,3.0690528597150504,0.2148342189409657,5.598514931604025,45.82547076871366,55.860863839053046,-3.5563855211206086,6.065372644738032,580781573.1994629,-9.340169211476312
profit_model,ADVB,2026-04-07,2026-04-08,2026-04-14,B,63,6.519999980926514,7.590000152587891,6.039999961853027,6.029494246755328,7.64252872807639,1.613034481321062,4.416459765434266,2.803425284113204,1.190390802792142,26.75240103577659,6.309999942779541,time,False,-0.28050569602421316,-0.17389937987840243,-4.652225950379878,46.188339129149945,44.88888846503363,55.98086719343105,51.671071039950256,97526159.71469879,-14.0974986844572
profit_model,BATL,2023-12-15,2023-12-18,2023-12-22,A,81,9.59000015258789,9.678999900817871,9.569999694824219,9.556556839261736,9.746214178630284,0.1896573393685479,9.366899499893188,9.17724216052464,8.987584821156092,1.9845781546484196,9.630000114440918,time,False,-0.07344327517918181,-0.3872419355017135,-0.7685118857604729,112.63857352321108,87.3046946668184,89.15187037252832,46.75705712380529,10086762.160491943,-0.9195138871988195
profit_model,BORR,2022-03-07,2022-03-08,2022-03-14,B,57,3.9100000858306885,4.068999767303467,3.1500000953674316,3.1443786675589425,4.097106906345912,0.9527282387869698,2.1916504287719727,1.238922189985003,0.28619395119803315,30.299411728505202,2.8299999237060547,time,False,0.3143787438528878,0.329977354563522,9.998119727003099,47.54716774032997,86.19048873313217,85.30807015291897,7.367940022713185,31836002.69885063,-3.907586398761276
profit_model,CBIO,2017-05-19,2017-05-22,2017-05-24,A,75,1276.0,1464.0,1126.0,1123.8614285714286,1474.692857142857,350.83142857142843,773.0300000000002,422.19857142857177,71.36714285714334,31.216609063394937,1474.692857142857,stop,False,-350.83142857142843,-1.0,-31.216609063394937,137.61638733705772,155.20000000000002,224.68193384223918,18.311872729803955,461553444.0,-12.841530054644812
profit_model,GRRR,2024-12-02,2024-12-03,2024-12-09,B,57,7.340000152587891,7.670000076293945,6.650000095367432,6.63871438230787,7.726428641591753,1.0877142592838833,5.551000123023987,4.463285863740103,3.37557160445622,16.384411147173836,7.726428641591753,stop,False,-1.0877142592838833,-1.0,-16.384411147173836,48.582997319190646,53.556481807815274,78.15534845802202,7.0763036037849805,32248290.670394897,-4.302476146330192
profit_model,NBR,2020-06-08,2020-06-09,2020-06-15,B,60,84.16000366210938,87.0,69.98999786376953,69.81966928754534,87.85164288112095,18.031973593575614,51.787695693969724,33.75572210039411,15.723748506818495,25.826495280739202,51.959999084472656,partial_runner_time,True,17.945821898324148,0.995222281421144,25.703103554409676,110.18981452988048,115.13293957049355,221.71255410169638,1.5570384709763612,192246696.36535645,-3.264363606770837
profit_model,TIGR,2024-10-07,2024-10-08,2024-10-14,B,73,11.460000038146973,14.479999542236328,11.281999588012695,11.258266729627337,14.598663834163121,3.340397104535784,7.917869625091553,4.577472520555769,1.2370754160199855,29.67061613263408,7.309999942779541,partial_runner_time,True,3.64433194569179,1.0909876375905445,32.370275400398356,42.18361589976149,114.60673615511388,202.37467423466376,8.680745229847753,1393163554.637432,-20.856350825705473
profit_model,TMC,2023-06-20,2023-06-21,2023-06-21,B,58,1.659999966621399,1.6699999570846558,1.4199999570846558,1.417317100082125,1.6834142420973097,0.26609714201518475,1.1512199580669402,0.8851228160517555,0.6190256740365707,18.774707650092278,1.6834142420973097,stop,False,-0.26609714201518475,-1.0,-18.774707650092278,64.35643389065842,72.91666705471775,144.477160185503,4.127477146550361,14735487.703704834,-0.5988018395350125
profit_model,ABTC,2025-05-13,2025-05-14,2025-05-15,B,58,96.0,121.5,93.75,93.36310715266636,123.43446423666818,30.071357084001818,63.29175006866454,33.22039298466272,3.1490359006609054,32.209036311130326,93.36310715266636,partial_runner_breakeven,True,15.035678542000909,0.5,16.104518155565163,213.7254862850727,235.07853849292562,375.836449221036,3.6602938014118793,70428000.0,-20.98765432098766
profit_model,CRNT,2021-01-19,2021-01-20,2021-01-26,B,70,6.460000038146973,6.900000095367432,5.800000190734863,5.788800189835684,6.956000099863325,1.167199910027641,4.621600279808043,3.4544003697804024,2.2872004597527615,20.16307130581358,5.309999942779541,time,False,0.4788002470561432,0.41021271758391803,8.271148275196108,113.20132340410431,107.71705003378872,121.23287223834542,16.471168929265204,284553957.68032074,-6.376812335348648
profit_model,FUBO,2025-01-07,2025-01-08,2025-01-15,B,73,65.5199966430664,77.4000015258789,60.720001220703125,60.610458365849084,77.9477158001491,17.337257434300014,43.27320093154907,25.935943497249056,8.598686062949042,28.604399144535552,47.15999984741211,time,False,13.450458518436974,0.7758123549475939,22.19164626218307,287.23402096708213,336.7999776204427,292.805728083444,8.30680201198244,2096615846.739357,-15.348843215255481
profit_model,JANX,2024-02-29,2024-03-01,2024-03-07,B,62,48.380001068115234,54.880001068115234,45.540000915527344,45.417938059398104,55.49031534876142,10.072377289363317,35.34556077003479,25.27318348067147,15.200806191308153,22.17709063804382,40.61000061035156,time,False,4.807937449046541,0.4773388953692038,10.585987947666547,220.39734997282343,231.1430677960625,435.1770052242153,3.4701601618379048,215358736.75460815,-11.844023093097999
profit_model,TSHA,2023-08-15,2023-08-16,2023-08-22,B,58,2.180000066757202,2.4800000190734863,2.049999952316284,2.0463813806431634,2.49809287743909,0.4517114967959266,1.5946698838472368,1.1429583870513103,0.6912468902553837,22.073671167490627,1.9900000095367432,time,False,0.056381371106420275,0.1248172152055987,2.7551741644902967,210.09957875710836,203.62118143214025,221.53394581357352,4.607119733909558,81362616.49153233,-12.096772177782578
profit_model,WRD,2025-02-18,2025-02-19,2025-02-25,B,73,40.400001525878906,44.0,38.70000076293945,38.62740790639605,44.36296428271702,5.735556376320972,32.89185153007508,27.156295153754108,21.420738777433137,14.848411237481093,22.329999923706055,partial_runner_time,True,11.016482179505484,1.9207347041320377,28.51985876505407,143.96136973896853,152.65792435376486,182.12292169587806,9.349074069963105,425355456.06536865,-8.181814713911573
profit_model,ABUS,2020-05-19,2020-05-20,2020-05-27,B,64,2.309999942779541,2.690000057220459,2.2799999713897705,2.274128542627607,2.719357201031276,0.4452286584036691,1.828899884223938,1.3836712258202688,0.9384425674165997,19.577989988606205,2.2200000286102295,time,False,0.054128514017377505,0.12157464034649265,2.3801870915720333,25.54347287363512,39.999998555038886,81.88976200568976,11.958888376247927,28141343.30291748,-14.126398005863505
profit_model,CRMD,2018-10-01,2018-10-02,2018-10-08,B,69,5.949999809265137,7.150000095367432,5.75,5.739285713604518,7.20357152734484,1.4642858137403216,4.274999899864197,2.810714086123875,1.3464282723835534,25.513380702921776,7.20357152734484,stop,False,-1.4642858137403216,-1.0,-25.513380702921776,65.277776857953,72.46376020371036,112.49999680689396,6.399538960888773,19755546.366710663,-16.783220560791168
profit_model,CRVS,2021-09-22,2021-09-23,2021-09-29,B,55,7.489999771118164,8.890000343322754,7.039999961853027,7.020041390487126,8.989793200152262,1.9697518096651354,5.050289580821991,3.0805377711568553,1.11078596149172,28.058977149826358,6.320000171661377,time,False,0.7000412188257492,0.35539564700019677,9.972038338326277,40.78946483904191,227.07423126144462,197.2222153892382,1.3890958686884787,219012087.3073578,-15.748037324386887
profit_model,CRVS,2026-01-23,2026-01-26,2026-01-30,B,55,25.100000381469727,26.950000762939453,24.989999771118164,24.947175485066005,27.164122193200246,2.216946708134241,22.730228776931764,20.513282068797523,18.29633536066328,8.886563969782312,20.700000762939453,partial_runner_time,True,3.2320607151303964,1.457888321479078,12.955617829622387,17.234939562615814,251.54062816284454,262.7167645193468,0.7971969911799357,136890382.0804596,-6.864565228561226
profit_model,MFA,2020-06-08,2020-06-09,2020-06-09,B,62,13.600000381469727,13.920000076293945,12.119999885559082,12.100114169120788,14.019428658485413,1.9193144893646252,10.180799679756163,8.261485190391538,6.342170701026912,15.861953552989371,14.019428658485413,stop,False,-1.9193144893646252,-1.0,-15.861953552989371,75.25773170536871,83.78378657026823,104.8192869718822,3.060193994440719,233049606.53686523,-2.2988483697581663
profit_model,OCGN,2020-12-28,2020-12-29,2021-01-04,B,60,2.25,2.4700000286102295,2.0999999046325684,2.093421333347048,2.5028928850378307,0.40947155169078275,1.6839497816562652,1.2744782299654824,0.8650066782746997,19.559920650856405,2.5028928850378307,stop,False,-0.40947155169078275,-1.0,-19.559920650856405,179.50310310663107,665.3061230696027,637.7049007328635,1.412291450579637,317515050.0,-8.906883646232778
profit_model,OCGN,2021-04-26,2021-04-27,2021-04-30,B,57,11.59000015258789,12.600000381469727,10.779999732971191,10.752051161357334,12.73974323953901,1.9876920781816754,8.764359083175659,6.776667004993984,4.788974926812308,18.486631511998404,12.73974323953901,stop,False,-1.9876920781816754,-1.0,-18.486631511998404,78.30769465519832,105.49646147083807,73.50300075487321,4.446223489334885,3133472441.253662,-8.015874589711913
profit_model,OCGN,2024-02-20,2024-02-21,2024-02-27,B,66,1.0399999618530273,1.2799999713897705,1.0,0.9983699999536787,1.2881499716213771,0.2897799716676984,0.7085900282859803,0.41881005661828186,0.12903008495058343,29.025308420840304,0.9900000095367432,time,False,0.008369990416935535,0.02888395070496355,0.8383655776239147,55.922034264538986,64.03784800909675,106.3491954614848,12.915076934662014,42808374.429798126,-18.75000116415324
profit_model,OMER,2018-03-22,2018-03-23,2018-03-29,B,55,15.75,18.200000762939453,15.270000457763672,15.247700459616524,18.311500753675187,3.0638002940586624,12.183900165557862,9.1200998714992,6.056299577440537,20.093523624582772,11.170000076293945,partial_runner_time,True,3.5707503386906208,1.1654644545909336,23.418287551934398,43.70437906187161,43.18181818181819,48.72521032165571,11.575540296024904,243332775.0,-13.461542089209
profit_model,OMER,2020-08-10,2020-08-11,2020-08-17,B,72,21.31999969482422,25.459999084472656,19.68000030517578,19.652186020442418,25.599070508139473,5.946884487697055,13.705301532745363,7.758417045048308,1.8115325573512528,30.260676758865607,13.489999771118164,partial_runner_time,True,6.054535368510654,1.0181020635319735,30.808457452075107,54.380876517134546,66.56249513383963,52.06846646726122,52.39527265905713,387058198.45962524,-16.260799444306762
profit_model,OMER,2025-10-15,2025-10-16,2025-10-22,A,75,10.420000076293945,12.100000381469727,9.1899995803833,9.174156723022461,12.179214668273925,3.0050579452514636,6.169098777770998,3.164040832519534,0.15898288726807053,32.755685737418226,7.739999771118164,time,False,1.4341569519042974,0.4772476864116798,15.632575235010906,148.6873492599977,137.357639936232,151.69083121588068,123.67811550902492,1304802829.5536041,-13.88429960505274
profit_model,ROOT,2023-06-22,2023-06-23,2023-06-29,A,75,12.899999618530273,14.800000190734863,12.100000381469727,12.073848951884678,14.930757338660104,2.8569083867754266,9.216940565109251,6.3600321783338245,3.503123791558398,23.66195235802975,11.210000038146973,time,False,0.863848913737705,0.3023719338486473,7.154710293132015,103.14960334281626,122.7979223406034,114.28570862794069,38.922296757706434,125745326.28154755,-12.837841538637507
profit_model,ACRS,2019-09-17,2019-09-18,2019-09-24,B,64,1.7999999523162842,2.0799999237060547,1.6100000143051147,1.6066257288626262,2.0968713509184975,0.4902456220558713,1.116380106806755,0.6261344847508836,0.13588886269501232,30.51399048631752,1.2450000047683716,time,False,0.36162572409425464,0.7376419244250623,22.5083986642153,66.66665562876992,60.71428077257413,89.47368156876918,47.0809575702183,60269038.40341568,-13.46153757981291
profit_model,BIOA,2025-10-23,2025-10-24,2025-10-30,B,63,7.949999809265137,8.600000381469727,7.75,7.740164286749703,8.649178947721209,0.909014660971506,6.831149625778197,5.922134964806691,5.013120303835185,11.74412618770428,7.730000019073486,time,False,0.01016426767621681,0.011181632280115029,0.1313185004821784,48.32088826931691,55.57729161540201,45.871561238404766,17.278868234465882,40975889.01691437,-7.558145853169207
profit_model,BKKT,2025-10-03,2025-10-06,2025-10-10,B,55,40.380001068115234,46.84000015258789,39.61000061035156,39.514884895597184,47.315578726359774,7.80069383076259,31.714191064834594,23.913497234072004,16.112803403309414,19.741152862707075,32.939998626708984,time,False,6.5748862688882,0.842859162470865,16.639011568070607,19.9999977327209,124.95821365916586,286.7816349723713,1.1526913235010734,207726839.4947052,-13.791629085030532
profit_model,GERN,2023-01-04,2023-01-05,2023-01-11,B,67,3.190000057220459,3.8399999141693115,3.0899999141693115,3.0855856282370433,3.8620713438306535,0.7764857155936102,2.309099912643433,1.5326141970498228,0.7561284814562126,25.16493817211798,3.299999952316284,time,False,-0.21441432407924088,-0.276134280094676,-6.948902085784831,51.90477152800659,56.37255474862033,56.37255474862033,22.468354954953295,389144597.98026085,-16.927079986392755
profit_model,GEVO,2020-12-28,2020-12-29,2020-12-29,B,62,4.820000171661377,4.949999809265137,4.119999885559082,4.110942742994854,4.99528552208628,0.8843427790914262,3.2265999639034275,2.3422571848120013,1.457914405720575,21.511921580478536,4.99528552208628,stop,False,-0.8843427790914262,-1.0,-21.511921580478536,67.94426354907085,101.67363849779542,167.77779440820999,3.215891951258331,367657563.0939007,-2.626255406322109
profit_model,HYLN,2020-06-29,2020-06-30,2020-07-07,A,78,31.84000015258789,34.66999816894531,28.0,27.947364285332817,34.93317674228123,6.985812456948416,20.9615518283844,13.975739371435985,6.989926914487569,24.996319458342168,23.760000228881836,time,False,4.187364056450981,0.5994097439999313,14.983037447465378,96.42197378707446,74.08419113613733,212.7701296472417,7.222117487188566,1201460117.7577972,-8.162671375311215
profit_model,LTBR,2024-10-21,2024-10-22,2024-10-28,B,70,8.829999923706055,9.779999732971191,7.869999885559082,7.8523427431924,9.8682854448046,2.0159427016122002,5.8364000415802,3.8204573399679997,1.8045146383557995,25.673136891024335,7.8523427431924,partial_runner_breakeven,True,1.0079713508061001,0.5,12.836568445512167,81.31417107194368,135.46666463216144,193.35548012234597,13.901133909591714,108846526.05953217,-9.713699746457195
profit_model,NB,2025-04-16,2025-04-17,2025-04-24,B,64,3.7899999618530273,4.14900016784668,3.299999952316284,3.2929213808264053,4.184393025296075,0.8914716444696693,2.401449736356736,1.5099780918870667,0.6185064474173974,27.072363453935296,2.799999952316284,time,False,0.4929214285101211,0.5529300136106481,14.969122293056856,83.98058578289141,90.45225847688867,86.69950814128991,24.31221079790809,59640197.39971161,-8.652692009409401
profit_model,DBVT,2024-12-12,2024-12-13,2024-12-19,B,66,3.8399999141693115,3.930000066757202,3.5399999618530273,3.530027104616165,3.979864352941513,0.4498372483253479,3.080189856290817,2.6303526079654693,2.1805153596401214,12.743166978437708,3.049999952316284,partial_runner_time,True,0.4649322003126144,1.0335564741325045,13.170782731515837,9.965630037462848,4.91802798135097,526.4274170486599,30.58668424522083,18708479.581832886,-2.2900801796207904
profit_model,EH,2020-12-08,2020-12-09,2020-12-15,B,61,22.200000762939453,24.3799991607666,20.072999954223633,20.03367852347238,24.57660631452288,4.542927791050502,15.490750732421876,10.947822941371374,6.404895150320872,22.676453481709807,18.610000610351562,time,False,1.423677913120816,0.3133833462916667,7.106422874125535,66.9172965757141,62.995601684824635,75.21705311175573,5.838271114412563,112540683.86764526,-8.941749273458965
profit_model,EH,2024-10-07,2024-10-08,2024-10-14,B,68,21.270000457763672,22.979999542236328,18.38599967956543,18.357135399409703,23.12432094301496,4.767185543605258,13.589949855804445,8.822764312199187,4.055578768593929,25.969114678745317,16.969999313354492,time,False,1.3871360860552109,0.29097589623209164,7.5563864180018845,46.48760184019729,50.4243277321268,80.71367570537056,11.45215094042033,308880819.64759827,-7.441249427919905
profit_model,KYTX,2025-12-15,2025-12-16,2025-12-22,B,67,10.819999694824219,13.670000076293945,10.399999618530273,10.381056761060442,13.764714363643101,3.383657602582659,6.9973991584777835,3.6137415558951247,0.2300839533124659,32.5945390769351,8.130000114440918,partial_runner_time,True,2.8173571246010916,0.8326365890126339,27.139405837458245,32.27382996523869,30.83433005939764,60.77265474233682,37.42788415279515,210442502.06451416,-20.848576192856804
profit_model,RZLT,2025-04-23,2025-04-24,2025-04-30,B,63,3.9700000286102295,4.289999961853027,3.809999942779541,3.8023170852661132,4.328414249420166,0.5260971641540526,3.2762199211120606,2.750122756958008,2.2240255928039554,13.836225447705726,3.759999990463257,time,False,0.04231709480285639,0.08043589223846306,1.1129291390987384,44.36363740400835,51.526725267893326,55.07812958385341,20.18417852800229,67218849.48441982,-7.459205969423288
profit_model,SLDP,2024-12-27,2024-12-30,2025-01-06,B,63,2.130000114440918,2.700000047683716,2.0199999809265137,2.0163942667416164,2.7180286186082023,0.701634351866586,1.3147599148750304,0.6131255630084445,-0.08850878885814151,34.796486155477375,2.009999990463257,time,False,0.006394276278359534,0.009113402531316468,0.3171143850102459,50.00001259253097,88.49558614416708,90.17858083683006,14.368432454247891,103131623.54106903,-21.11110826578656
profit_model,UNCY,2023-03-10,2023-03-13,2023-03-17,A,78,26.799999237060547,28.700000762939453,21.799999237060547,21.739199238504682,29.004000755718778,7.264801517214096,14.474397721290586,7.20959620407649,-0.05520531313760557,33.41798121223623,20.899999618530273,time,False,0.8391996199744085,0.11551583590906205,3.8603060341247986,78.66666158040366,446.9387492950839,458.3332952525896,5.550220557586964,188244266.64108276,-6.620214199897845
profit_model,ABAT,2020-12-28,2020-12-29,2021-01-05,B,56,23.25,24.299999237060547,19.200000762939453,19.1450579057421,24.57471352304731,5.429655617305212,13.715402288436888,8.285746671131676,2.8560910538264643,28.36061214354811,14.399999618530273,partial_runner_time,True,5.087356952258519,0.9369575735234975,26.572690337659875,17.424246948868216,226.3157894736842,614.2856891725007,1.5589956694422502,35394102.75,-4.32098465031705
profit_model,ALT,2018-09-21,2018-09-24,2018-09-28,B,58,26.190000534057617,33.66999816894531,26.0,25.920130000795638,34.06934816496713,8.149218164171494,17.770911836624144,9.62169367245265,1.472475508281157,31.439727207854848,4.400000095367432,partial_runner_time,True,14.83467403479985,1.8203800335130733,57.232251668276696,513.3489613827786,380.550485332751,195.93219666854097,3.248446787962671,23062914.470291138,-22.215616399369708
profit_model,CYD,2025-02-21,2025-02-24,2025-02-24,B,59,20.0,23.0,19.600000381469727,19.567686094556535,23.161571434565953,3.593885340009418,15.973800754547117,12.379915414537699,8.78603007452828,18.36642985094282,23.161571434565953,stop,False,-3.593885340009418,-1.0,-18.36642985094282,51.17158497360996,78.41213141785168,83.82352747822306,15.497921354742743,40634000.0,-13.043478260869568
profit_model,EVGO,2021-01-22,2021-01-25,2021-01-26,A,75,22.0,24.0,20.0,19.9682742868151,24.15862856592451,4.19035427910941,15.777920007705688,11.587565728596278,7.397211449486868,20.985059694799315,24.15862856592451,stop,False,-4.19035427910941,-1.0,-20.985059694799315,66.41452008793713,67.93892640735753,100.36430707827878,177.4366372784754,1095839800.0,-8.333333333333337
profit_model,FLGT,2020-08-05,2020-08-06,2020-08-12,B,56,36.13999938964844,43.63999938964844,34.36000061035156,34.2985549054827,43.94722791399275,9.648673008510045,24.64988189697266,15.001208888462614,5.352535879952569,28.131427213476222,43.94722791399275,stop,False,-9.648673008510045,-1.0,-28.131427213476222,37.15369588785051,40.84177554386568,84.76482810019978,3.5565678071000644,64900210.903930664,-17.186068068046367
profit_model,FULC,2021-08-11,2021-08-12,2021-08-13,B,63,20.200000762939453,25.25,18.90999984741211,18.870138417652676,25.44930714879717,6.579168731144495,12.29096968650818,5.711800955363685,-0.86736777578081,34.865503291644124,25.44930714879717,stop,False,-6.579168731144495,-1.0,-34.865503291644124,149.38271372370244,168.97470236092164,162.33767874427102,9.069805143963553,994484417.5609589,-19.999996978457613
profit_model,FULC,2025-12-08,2025-12-09,2025-12-15,B,55,12.989999771118164,15.739999771118164,12.739999771118164,12.712118340900966,15.879406922204154,3.167288581303188,9.544829759597778,6.3775411782945906,3.2102525969914026,24.915505790348924,12.920000076293945,time,False,-0.20788173539297894,-0.06563397368339753,-1.6353036513523,43.37747427684702,31.610941456280983,15.057571434979145,28.6965960806167,321088113.3424759,-17.471410673372844
profit_model,GSIT,2023-05-19,2023-05-22,2023-05-26,B,55,6.0,7.300000190734863,5.550000190734863,5.53098590527262,7.39507161804608,1.86408571277346,3.6669001924991598,1.8028144797256997,-0.061271233047760276,33.7025937997139,5.190000057220459,time,False,0.3409858480521608,0.1829239104809342,6.165010251194154,38.56813177180358,17.878189000631785,268.0981605860299,2.313038315689859,155450400.0,-17.808221325594197
profit_model,IMNN,2021-02-22,2021-02-23,2021-03-01,B,62,549.7825927734375,635.8695678710938,514.5652465820312,512.871457737514,644.3385120936803,131.46705435616627,381.4044033813477,249.93734902518145,118.47029466901517,25.633529098328317,420.65216064453125,time,False,92.21929709298274,0.7014631729950016,17.980976656373084,33.809519070034,14.693871054613572,63.37209344504797,15.78333962223077,956659646.4246826,-13.538464403301687
profit_model,LXRX,2019-09-11,2019-09-12,2019-09-16,B,69,2.200000047683716,2.7100000381469727,2.109999895095825,2.106428466183799,2.727857182707105,0.6214287165233063,1.4849997496604925,0.8635710331371862,0.24214231661387986,29.501534303186865,2.727857182707105,stop,False,-0.6214287165233063,-1.0,-29.501534303186865,59.42029386126579,76.00000381469727,70.54264439849393,15.307058225513162,32131000.69642067,-18.819187575066664
profit_model,CLNE,2021-06-09,2021-06-10,2021-06-16,B,57,13.020000457763672,14.5,11.149999618530273,11.128956762722561,14.605214279038565,3.4762575163160037,7.6526992464065575,4.176441730090554,0.7001842137745502,31.23614899790104,10.699999809265137,time,False,0.42895695345742446,0.12339619589287953,3.85442196068417,39.849622673805605,60.14760485226671,70.64220527495631,14.311454733381598,2046155567.9397583,-10.206893394733296
profit_model,KODK,2018-01-10,2018-01-11,2018-01-18,A,90,10.699999809265137,13.279999732971191,10.100000381469727,10.081128952843802,13.374356876100812,3.2932279232570103,6.787901029586791,3.494673106329781,0.20144518307277082,32.667253227903785,10.149999618530273,time,False,-0.06887066568647171,-0.0209128148100841,-0.683164217109274,239.68252334344885,250.81967136226206,229.23076336200418,28.175089133975472,1150388009.4935417,-19.427710659515352
profit_model,KODK,2020-12-07,2020-12-08,2020-12-14,B,67,12.039999961853027,14.180000305175781,11.119999885559082,11.099042741911752,14.284786023412432,3.185743281500679,7.913299460411073,4.727556178910394,1.5418128974097147,28.702865243241252,9.6899995803833,time,False,1.4090431615284515,0.4422965182758563,12.695177361626694,66.06896499107624,57.79816227086976,66.99028984953242,20.284005551988233,1624027434.8545074,-15.0916805166897
profit_model,NNDM,2020-10-16,2020-10-19,2020-10-23,B,63,4.909999847412109,6.0,4.590000152587891,4.577473009824753,6.062635713815689,1.4851627039909365,3.0923103058338164,1.6071476018428799,0.12198489785194333,32.44503464691746,3.9800000190734863,time,False,0.5974729907512666,0.4022946369079524,13.052463432747595,64.21404119570026,87.40458251448983,108.05085024009054,6.601687126878217,520587643.8217163,-18.16666920979818
profit_model,TNXP,2023-01-10,2023-01-11,2023-01-12,B,56,20600.0,21600.0,16800.0,16766.571428571428,21767.14285714286,5000.571428571431,11765.999999999996,6765.428571428565,1764.857142857134,29.82465109145751,21767.14285714286,stop,False,-5000.571428571431,-1.0,-29.82465109145751,71.66666666666666,123.91304347826089,212.12121212121212,1.382143643166312,19405200.0,-4.629629629629628
profit_model,BSIN,2025-06-13,2025-06-16,2025-06-23,B,73,2.2100000381469727,2.75,2.0999999046325684,2.0962427616119386,2.7687857151031494,0.6725429534912108,1.4236998081207277,0.7511568546295169,0.07861390113830602,32.083257044811376,1.840000033378601,time,False,0.2562427282333375,0.38100574380144214,12.223905213931216,74.0157536486491,70.00000916994568,81.14753986231523,329.0820080976646,236206793.07718277,-19.63636224920099
profit_model,GHRS,2025-02-03,2025-02-04,2025-02-04,A,85,17.989999771118164,20.5,17.510000228881836,17.483603085109166,20.63198571886335,3.148382633754185,14.335220451354981,11.186837817600797,8.038455183846612,18.007630454821243,17.483603085109166,partial_runner_breakeven,True,1.5741913168770925,0.5,9.003815227410621,90.77411653151393,104.1997606613152,102.5900849017141,101.12320973121444,185449912.6405716,-12.243903555521152
profit_model,KULR,2024-03-26,2024-03-27,2024-04-02,B,59,3.359999895095825,3.759999990463257,2.880000114440918,2.8723429713930404,3.7982857057026456,0.9259427343096052,1.9464002370834352,1.02045750277383,0.09451476846422491,32.23649625171808,3.7982857057026456,stop,False,-0.9259427343096052,-1.0,-32.23649625171808,90.90908598308718,162.4999976716935,199.99998935631348,7.123967209439554,36857098.84926677,-10.638300435690928
profit_model,KULR,2024-12-27,2024-12-30,2025-01-06,B,55,37.279998779296875,43.91999816894531,34.08000183105469,33.98685897963388,44.385712426049366,10.398853446415487,23.588005533218393,13.189152086802906,2.7902986403874195,30.59668871620895,27.760000228881836,partial_runner_time,True,8.312856098583765,0.7994012168186897,24.459030190360107,64.66431000144905,108.03570658804813,301.7241363363799,1.4574365471666344,361681228.15704346,-15.118396326217077
profit_model,MNTS,2026-05-27,2026-05-28,2026-06-03,A,78,19.5,22.200000762939453,17.469999313354492,17.43049931049347,22.397500777244566,4.967001466751096,12.463497843742374,7.496496376991278,2.5294949102401816,28.49603662105579,13.119999885559082,time,False,4.310499424934388,0.8678272905270301,24.729638251609874,158.2781391705105,235.6282304999658,265.1685288913304,6.70957737316278,864811350.0,-12.16216518085359
profit_model,PRQR,2022-12-22,2022-12-23,2022-12-27,B,73,2.700000047683716,3.0999999046325684,2.549999952316284,2.544955666746412,3.1252213324819293,0.5802656657355172,1.964690001010895,1.3844243352753778,0.8041586695398606,22.80061980322649,3.1252213324819293,stop,False,-0.5802656657355172,-1.0,-22.80061980322649,66.6666691195327,62.65060855266347,90.14085417488154,96.15976405146193,239441134.22868252,-12.903221588849146
profit_model,RILY,2025-02-27,2025-02-28,2025-03-06,B,56,6.130000114440918,7.210000038146973,5.760000228881836,5.7450145142419,7.284928611346653,1.5399140971047531,4.205100417137147,2.6651863200323938,1.1252722229276406,26.804355207237574,5.25,time,False,0.4950145142419,0.32145592742646767,8.616418862211022,35.0220300869545,99.02598267161338,41.89814515871777,7.721327140924273,131009749.44581985,-14.979194424298825
profit_model,RILY,2026-01-15,2026-01-16,2026-01-23,B,73,9.5,10.970000267028809,9.140000343322754,9.123428915568761,11.052857405798775,1.9294284902300145,7.194000425338746,5.264571935108732,3.3351434448787174,21.14806294963863,9.770000457763672,time,False,-0.646571542194911,-0.3351103943312409,-7.086935714395308,17.42892238340772,37.68115751734806,103.42612087362282,6.1541285977780635,170372050.0,-13.400184423395222
profit_model,VNDA,2026-02-23,2026-02-24,2026-03-02,B,55,8.149999618530273,9.09000015258789,7.800000190734863,7.786571619851249,9.157143007005963,1.3705713871547145,6.416000232696534,5.04542884554182,3.6748574583871054,17.601730955129867,8.170000076293945,time,False,-0.3834284564426964,-0.27975810675479523,-4.924226927614406,35.157534576425874,33.82593455382763,7.661815504841729,34.70013322598231,391648231.6684723,-10.341039805043373
profit_model,CDXS,2026-03-12,2026-03-13,2026-03-19,B,58,1.7100000381469727,2.130000114440918,1.6299999952316284,1.6265142808641706,2.147428686278207,0.5209144054140362,1.1055998754501344,0.5846854700360982,0.06377106462206195,32.02642679148647,1.6699999570846558,time,False,-0.04348567622048516,-0.0834795040577187,-2.6735502252941257,36.80000305175781,35.71428976902349,59.81307984314732,19.933867993517996,70151041.5649414,-19.71831238160223
profit_model,EOLS,2018-05-14,2018-05-15,2018-05-18,B,59,13.720000267028809,17.5,13.649999618530273,13.623136760166712,17.6343142918178,4.011177531651089,9.611959228515623,5.600781696864534,1.5896041652134443,29.44386158832045,13.623136760166712,partial_runner_breakeven,True,2.0055887658255447,0.5,14.721930794160224,30.04739354486341,56.800003051757805,100.29197748966605,6.3510919126469885,14523992.282676697,-21.599998474121097
profit_model,IMRX,2024-09-17,2024-09-18,2024-09-20,B,57,2.7799999713897705,3.3499999046325684,2.630000114440918,2.6227801147529055,3.3860999030726298,0.7633197883197242,1.8594603264331813,1.096140538113457,0.3328207497937328,29.103461019325184,3.3860999030726298,stop,False,-0.7633197883197242,-1.0,-29.103461019325184,94.40559953563394,132.6359706583555,129.75205650796005,3.2624888262008183,100954586.96103096,-17.014923864761013
profit_model,LODE,2024-12-30,2024-12-31,2024-12-31,B,64,8.800000190734863,9.899999618530273,7.699999809265137,7.682571237427847,9.987142477716718,2.3045712402888707,5.377999997138977,3.073428756850106,0.7688575165612352,29.99739500053695,9.987142477716718,stop,False,-2.3045712402888707,-1.0,-29.99739500053695,109.5238235802343,158.82352776180917,131.57895529369247,6.945565959027143,47398649.02733803,-11.111105759403184
profit_model,NRXP,2021-10-14,2021-10-15,2021-10-21,B,68,119.0999984741211,134.89999389648438,112.51000213623047,112.22827358790806,136.3086366380964,24.08036305018834,88.14791053771972,64.06754748753139,39.987184437343046,21.45659224751975,106.4000015258789,time,False,5.828272062029157,0.24203422721999088,5.19322972340289,75.6637066567702,52.888313403376856,28.47896698488459,27.209406935399652,716824778.8162231,-11.71237667696814
profit_model,NRXP,2025-01-07,2025-01-08,2025-01-10,B,56,4.659999847412109,4.849999904632568,3.6700000762939453,3.6580572194712504,4.909714188746044,1.2516569692747934,2.406400250196457,1.1547432809216636,-0.09691368835312986,34.21644042669493,4.909714188746044,stop,False,-1.2516569692747934,-1.0,-34.21644042669493,55.85283720899079,204.57515912103017,210.66665649414062,2.2237147775009327,21522675.29525757,-3.9175270300310094
profit_model,RFIL,2018-03-14,2018-03-15,2018-03-21,B,58,4.75,5.5,4.710000038146973,4.70408575296402,5.529571425914765,0.8254856729507445,3.8786000800132756,3.053114407062531,2.2276287341117866,17.548270084800436,4.449999809265137,time,False,0.2540859436988834,0.30780176085992994,5.401388432147206,53.225811165403904,46.153846153846146,50.79364622831659,135.1163163805551,20001775.0,-13.636363636363635
profit_model,TATT,2021-01-06,2021-01-07,2021-01-13,B,55,6.590000152587891,8.34000015258789,6.25,6.240471429143633,8.387643006869725,2.147171577726092,4.093299851417541,1.946128273691449,-0.2010433040346431,34.407201476775995,6.300000190734863,time,False,-0.05952876159123033,-0.02772426861866007,-0.9539144961584951,45.4746103172188,44.83516211729104,44.51754901933105,420.94343680550577,193473837.4797821,-20.983213045349615
profit_model,TATT,2021-07-02,2021-07-06,2021-07-12,B,55,8.449999809265137,10.4399995803833,8.069999694824219,8.059585408483233,10.49207101208823,2.432485603604997,5.627099804878236,3.1946142012732395,0.7621285976682426,30.181274598128198,6.809999942779541,time,False,1.2495854657036922,0.5137072399737039,15.504339272692897,42.016808069591626,45.43889660044649,47.727274811351286,122.14078593919557,290084268.4521675,-19.061301255771713
profit_model,BETR,2025-09-23,2025-09-24,2025-09-30,A,75,67.75,75.0,59.0,58.8389557157244,75.805221421378,16.96626570565359,41.87269001007081,24.90642430441722,7.940158598763631,28.835089778997293,56.13999938964844,time,False,2.6989563260759653,0.1590778060947498,4.587022820588033,111.58650540735118,165.1663484268442,178.23408188345465,17.09541273125858,565312775.0,-9.666666666666668
profit_model,DPRO,2025-06-10,2025-06-11,2025-06-17,B,66,3.7100000381469727,4.369999885559082,3.490000009536743,3.483584295170648,4.4020784573895595,0.9184941622189116,2.5650901329517364,1.6465959707328248,0.7281018085139133,26.366353858358924,2.2699999809265137,partial_runner_time,True,1.066039238231523,1.1606380117388768,30.60179251896936,52.67489449487592,97.34042806153711,106.11111869046739,11.003361360541627,21435267.220401764,-15.102971732175952
profit_model,DPRO,2025-07-17,2025-07-18,2025-07-24,B,68,7.21999979019165,7.304999828338623,5.730000019073486,5.718098589692797,7.36450697524207,1.6464083855492726,4.071690204143525,2.425281818594252,0.7788734330449794,28.792934569491663,6.179999828338623,time,False,-0.4619012386458259,-0.2805508297333696,-8.077881683929506,105.69800027944561,85.84298089871348,136.7213082973497,7.617986125210104,199119652.2137165,-1.163587134078059
profit_model,IMXI,2025-08-11,2025-08-12,2025-08-18,B,72,14.899999618530273,15.270000457763672,14.890000343322754,14.875010341916765,15.344950464793614,0.4699401228768494,14.405070219039915,13.935130096163066,13.465189973286217,3.1592591337741136,14.4399995803833,partial_runner_time,True,0.4524754422051567,0.9628363703767652,3.0418495974427104,59.018140880598644,67.98195953517892,56.51259350916469,30.76199945765163,152123036.10534668,-2.423057158752606
profit_model,MGNX,2019-02-06,2019-02-07,2019-02-13,A,80,25.600000381469727,32.31999969482422,24.600000381469727,24.554301808221,32.54849256106785,7.994190752846855,16.560111055374144,8.565920302527289,0.571729549680434,32.557190244237894,21.290000915527344,time,False,3.2643008926936545,0.40833412581895007,13.294211817502127,123.97200085705533,123.97200085705533,124.5614143693293,44.32660033309134,664317449.8991013,-20.792077279724243
profit_model,MGNX,2020-05-07,2020-05-08,2020-05-11,B,57,20.729999542236328,25.0,19.850000381469727,19.803613240378244,25.231935705457413,5.4283224650791695,14.375290775299074,8.946968310219905,3.5186458451407354,27.410767919922726,25.231935705457413,stop,False,-5.4283224650791695,-1.0,-27.410767919922726,189.93005966066403,187.91666793602485,188.3170984319883,4.589060256816205,464179930.7498932,-17.08000183105469
profit_model,PALI,2023-03-31,2023-04-03,2023-04-10,A,75,52.79999923706055,54.75,45.75,45.66814286095755,55.159285695212226,9.491142834254674,36.17700002670288,26.685857192448204,17.19471435819353,20.782852640081426,30.149999618530273,partial_runner_time,True,12.504643038340976,1.3175065697262733,27.381544890960306,121.38364105890558,114.63413991177349,85.26315521775632,24.371304447361737,143895151.52077103,-3.561645229113153
profit_model,PALI,2025-10-06,2025-10-07,2025-10-13,B,62,1.909999966621399,2.2799999713897705,1.7200000286102295,1.7152857427937644,2.303571400472096,0.5882856576783317,1.1270000851154327,0.538714427437101,-0.04957123024123078,34.29665641131978,1.850000023841858,time,False,-0.13471428104809346,-0.22899467170378268,-7.853751575447607,45.80153053814533,107.60868825793052,203.17460017109372,4.637697425548148,103388871.19320631,-16.22807058821315
profit_model,SABS,2023-04-13,2023-04-14,2023-04-18,B,64,7.590000152587891,8.199999809265137,6.300000190734863,6.285528762681143,8.272356949533735,1.986828186852592,4.298700575828551,2.311872388975959,0.32504420212336704,31.609563202525134,8.272356949533735,stop,False,-1.986828186852592,-1.0,-31.609563202525134,84.67153056021404,72.4999997290698,81.57895847580936,504.9609864174935,19893390.39993286,-7.439020376415262
profit_model,WATT,2017-12-28,2017-12-29,2017-12-29,A,85,18942.0,20100.0,16548.0,16521.437142159597,20232.814289202008,3711.377147042411,12810.059995117186,9098.682848074775,5387.305701032365,22.464009124071143,16521.437142159597,partial_runner_breakeven,True,1855.6885735212054,0.5,11.232004562035572,257.5311438278596,245.78313253012047,263.2911392405063,18.266015682793313,1403147592.0,-5.761194029850747
profit_model,CHPT,2020-11-24,2020-11-25,2020-12-02,B,58,737.5999755859375,846.0,672.0,670.7265714808873,852.3671425955636,181.64057111467628,489.086000366211,307.44542925153473,125.80485813685846,27.081165237517688,590.0,time,False,80.72657148088729,0.4444302888142852,12.035690087937366,49.311735948570345,89.32237269779695,117.45281516550835,6.250264315376125,1041070733.5412598,-12.813241656508566
profit_model,OPK,2020-03-06,2020-03-09,2020-03-13,B,57,2.319999933242798,2.9100000858306885,2.2200000286102295,2.2159143141337805,2.9304286582129344,0.7145143440791539,1.5013999700546266,0.7868856259754726,0.0723712818963187,32.24467388119489,1.899999976158142,partial_runner_time,True,0.5152143410273962,0.7210692763507638,23.25064366167957,56.75675022593383,54.66666221618652,42.331284664397685,15.353796054241066,240974217.06604958,-20.274918734906812
profit_model,SHIP,2017-11-07,2017-11-08,2017-11-14,B,58,3432.0,3984.0,3192.0,3186.0342857142855,4013.8285714285716,827.7942857142862,2358.2399999999993,1530.4457142857132,702.651428571427,25.981964143512055,2328.0,partial_runner_time,True,842.9142857142858,1.0182654075546715,26.45653530766417,53.76344086021505,44.44444444444444,34.905660377358494,32.834795879435326,29535792.0,-13.855421686746983
profit_model,TBCH,2018-05-10,2018-05-11,2018-05-11,A,78,11.420000076293945,13.880000114440918,10.800000190734863,10.773777332987104,14.011114403179713,3.237337070192609,7.536440262794494,4.299103192601885,1.061766122409276,30.048301260882244,14.011114403179713,stop,False,-3.237337070192609,-1.0,-30.048301260882244,55.79809270338958,84.19355528411727,133.53784024745607,9.272113544546034,199195635.3307724,-17.723343068185994
profit_model,VTVT,2022-06-01,2022-06-02,2022-06-08,B,58,28.799999237060547,37.20000076293945,28.280000686645508,28.210686401639666,37.546572187968664,9.335885786328998,18.87480061531067,9.538914828981671,0.2030290426526733,33.09343719402154,27.1200008392334,time,False,1.090685562406268,0.11682721783115782,3.8662141958476943,46.93876875782463,42.011825749224485,63.63635575475788,139.01665382752128,25206565.73225403,-22.58064880000599
profit_model,VUZI,2020-05-08,2020-05-11,2020-05-15,B,64,2.740000009536743,3.0799999237060547,2.4700000286102295,2.4652857429640633,3.1035713519368855,0.6382856089728222,1.8270001339912412,1.188714525018419,0.5504289160455968,25.890938232798863,2.4000000953674316,time,False,0.06528564759663169,0.10228281302110873,2.6481979942064413,61.17646662834204,79.08497129237676,83.89261691270984,18.743563943771075,60994318.21229458,-11.038958525693786
profit_model,AIRS,2025-05-02,2025-05-05,2025-05-09,B,64,3.0199999809265137,3.119999885559082,2.375,2.370142857176917,3.144285599674497,0.7741427424975802,1.5960001146793368,0.8218573721817566,0.04771462968417639,32.662281944458975,3.144285599674497,stop,False,-0.7741427424975802,-1.0,-32.662281944458975,34.821427145934834,54.08162868107331,77.64705271869398,14.945773225920606,10841497.931528091,-3.205125266043052
profit_model,AIRS,2026-03-16,2026-03-17,2026-03-23,B,62,2.805000066757202,3.259999990463257,2.490000009536743,2.4832685816287996,3.2936571300029756,0.810388548374176,1.6728800332546236,0.8624914848804477,0.052102936506271735,32.63394682191946,2.7799999713897705,time,False,-0.2967313897609709,-0.36615940631969895,-11.949226594182655,24.11504772538653,36.1650555665763,64.03508796390538,105.75225529764465,217185825.66888332,-13.957052915248557
profit_model,AVXL,2016-09-28,2016-09-29,2016-10-05,B,67,4.130000114440918,4.880000114440918,4.0,3.9927685717173986,4.916157255853926,0.9233886841365271,3.0693798875808715,2.1459912034443445,1.2226025193078174,23.126526557970585,3.7699999809265137,time,False,0.22276859079088496,0.24125115957988894,5.579301349165502,32.79743581192835,58.23755863749898,61.960791830189876,22.977030081872137,112081595.10574341,-15.368852098601327
profit_model,CRON,2018-08-27,2018-08-28,2018-08-30,B,68,12.039999961853027,12.890000343322754,11.550000190734863,11.532945904050555,12.975271776744298,1.4423258726937433,10.090620031356812,8.648294158663068,7.205968285969325,12.506135766987127,11.532945904050555,partial_runner_breakeven,True,0.7211629363468717,0.5,6.253067883493563,47.54902189944814,64.48086993856424,106.51801233985876,9.381033331309574,818558661.406517,-6.594261899380339
profit_model,FBIO,2023-11-20,2023-11-21,2023-11-28,B,59,2.799999952316284,2.8399999141693115,2.2200000286102295,2.2125714567729404,2.8771427733557564,0.664571316582816,1.5480001401901244,0.8834288236073085,0.21885750702449247,30.03615158048276,1.9500000476837158,time,False,0.2625714090892246,0.395098919464882,11.867251034332146,102.89854797037977,108.95521511716093,17.64705116302181,7.0829343585199585,13876799.763679504,-1.4084494035883521
profit_model,MX,2026-05-29,2026-06-01,2026-06-02,B,68,8.800000190734863,9.670000076293945,7.760000228881836,7.742514513560704,9.757428652899605,2.0149141393389014,5.727600374221803,3.7126862348829013,1.6977720955439999,26.0240279280053,9.757428652899605,stop,False,-2.0149141393389014,-1.0,-26.0240279280053,37.93103499820252,52.777775018303586,103.23326433694086,6.144669146896808,142728083.09354782,-8.996896367063023
profit_model,NIKI,2022-01-25,2022-01-26,2022-02-01,B,57,225.0,235.0,203.0,202.53142857142856,237.34285714285716,34.81142857142859,167.71999999999997,132.90857142857138,98.09714285714279,17.188161273029944,181.0,partial_runner_time,True,28.171428571428578,0.8092580433355216,13.909657760347605,33.136094674556205,77.16535433070865,51.00671140939597,5.044434880313295,69093675.0,-4.255319148936165
profit_model,PRPO,2019-07-01,2019-07-02,2019-07-09,B,58,81.5999984741211,87.80000305175781,70.37999725341797,70.20074011121477,88.69628876277379,18.49554865155902,51.70519145965575,33.20964280809673,14.714094156537712,26.34665763104156,65.19999694824219,time,False,5.000743162972583,0.2703754972173298,7.1234906570076175,52.23880745727787,40.689652541588096,26.70806916259223,10.03749410274874,16492991.691589355,-7.061508385121396
profit_model,VERI,2025-10-15,2025-10-16,2025-10-22,B,66,8.390000343322754,9.420000076293945,7.46999979019165,7.453885503496442,9.500571509769985,2.046686006273543,5.4071994972229,3.360513490949357,1.313827484675814,27.45797484162442,5.599999904632568,time,False,1.853885598863874,0.9057987366803246,24.871398923343538,75.89099322581339,66.79920463944524,73.70601399275208,5.810591505157716,392022766.0417557,-10.934179666975307
profit_model,GTE,2020-06-08,2020-06-09,2020-06-15,B,58,6.400000095367432,7.0,5.400000095367432,5.390428666387286,7.047857144900731,1.6574284785134452,3.7330001878738406,2.0755717093603954,0.41814323084695015,30.747619180058063,4.300000190734863,partial_runner_time,True,1.3739284770829339,0.8289518943919778,25.48829716735224,88.23529164271378,166.6666600439286,146.153858850694,3.374053474725487,16219264.241685867,-8.571427209036687
profit_model,QTEX,2026-06-01,2026-06-02,2026-06-08,B,55,3.0799999237060547,3.8499999046325684,2.950000047683716,2.9398614762510573,3.9006927617958613,0.960831285544804,1.9790301907062533,1.0181989051614493,0.05736761961664527,32.68287615952797,1.409999966621399,partial_runner_time,True,1.2453463975872312,1.2961134970549,42.360716912938024,46.66666969420432,323.6588626941824,679.7467949489366,0.6649405802043308,135918548.63319397,-19.999999999999996
profit_model,RCKY,2025-04-30,2025-05-01,2025-05-01,B,56,21.389999389648438,21.389999389648438,17.469999313354492,17.442685031890868,21.526570796966553,4.083885765075685,13.358799266815183,9.274913501739498,5.191027736663813,23.413171524963165,21.526570796966553,stop,False,-4.083885765075685,-1.0,-23.413171524963165,56.13138457989357,59.38896622983836,74.897793869722,7.8658657337117965,12744161.636352539,0.0
profit_model,SENS,2020-12-24,2020-12-28,2021-01-04,A,75,18.200000762939453,23.399999618530273,17.600000381469727,17.569371807234628,23.553142489705767,5.983770682471139,11.585601124763489,5.60183044229235,-0.381940240178789,34.05796603386339,18.600000381469727,time,False,-1.0306285742350987,-0.17223731137528758,-5.866052500583496,111.62790646096576,112.1212228994767,117.70336734885944,27.24319691206278,130446048.46826553,-22.222217693854073
profit_model,XFOR,2025-08-13,2025-08-14,2025-08-20,B,58,2.930000066757202,3.450000047683716,2.7200000286102295,2.713800028221948,3.4810000496251243,0.7672000214031764,1.9466000068187714,1.179399985415595,0.41219996401241854,28.2703225523156,2.799999952316284,time,False,-0.0861999240943363,-0.11235651940765105,-3.176355044509803,96.64429852374097,85.44303716289141,65.5367287192558,11.456328505705939,226694691.16501808,-15.07246300693923
profit_model,ALXO,2023-10-03,2023-10-04,2023-10-06,B,62,7.510000228881836,8.319999694824219,6.909999847412109,6.899028418404716,8.374856839861188,1.4758284214564723,5.423199996948243,3.947371575491771,2.471543154035299,21.391829862874122,8.374856839861188,stop,False,-1.4758284214564723,-1.0,-21.391829862874122,51.7171821870585,52.02429437030034,51.41129377264135,254.32794016864813,320508034.76810455,-9.735570861213795
profit_model,AMTX,2020-08-12,2020-08-13,2020-08-19,A,81,3.3399999141693115,3.4700000286102295,2.8499999046325684,2.842265618443489,3.508671459555626,0.666405841112137,2.175859777331352,1.5094539362192152,0.8430480951070782,23.446290057756144,2.799999952316284,time,False,0.04226566612720495,0.06342331282191276,1.4870413888463707,69.54314038896598,100.0,224.27184533439132,10.893564856412507,52237598.65760803,-3.7464009616445026
profit_model,CNTN,2023-11-07,2023-11-08,2023-11-14,B,58,97.5,101.25,78.0,77.68392857142857,102.83035714285714,25.146428571428572,52.537499999999994,27.391071428571422,2.24464285714285,32.37018136680229,67.5,time,False,10.183928571428567,0.4049850873455473,13.109440728225634,67.74193548387098,67.74193548387098,1.9607843137254832,29.664808496323705,12037252.5,-3.703703703703709
profit_model,CPSH,2026-05-27,2026-05-28,2026-06-03,B,63,11.59000015258789,14.390000343322754,11.100000381469727,11.075528955459594,14.512357473373413,3.4368285179138187,7.638700437545776,4.201871919631957,0.7650434017181382,31.03082960403134,7.860000133514404,time,False,3.21552882194519,0.9356093285378814,29.032733649801173,148.17987073322647,169.5348753137422,171.42857621449141,6.300483644495293,140415169.8486328,-19.45795777575585
profit_model,LDI,2025-09-08,2025-09-09,2025-09-11,B,68,3.809999942779541,4.03000020980835,3.3499999046325684,3.3447070470878058,4.056464497532163,0.7117574504443573,2.6329495966434484,1.921192146199091,1.2094346957547337,21.280113337999975,4.056464497532163,stop,False,-0.7117574504443573,-1.0,-21.280113337999975,86.76470656983443,78.03737177621053,88.61386033439504,11.5334052733579,180598569.28768158,-5.45906341377761
profit_model,LXEO,2025-10-07,2025-10-08,2025-10-14,B,58,8.34000015258789,8.880000114440918,7.880000114440918,7.866777257919312,8.94611439704895,1.0793371391296382,6.787440118789673,5.708102979660035,4.628765840530397,13.720194480441064,8.5,time,False,-0.6332227420806884,-0.5866774329578893,-8.049328477468165,24.47761776134485,25.60241446212659,55.88785609820815,12.338658723711527,79805461.46011353,-6.081080573128183
profit_model,NIU,2024-10-07,2024-10-08,2024-10-14,B,57,3.369999885559082,3.5,3.0999999046325684,3.0955999049118588,3.5219999986035484,0.42640009369168963,2.669199811220169,2.2427997175284795,1.8163996238367899,13.774392905721147,2.5199999809265137,partial_runner_time,True,0.5010000088385174,1.1749528582438997,16.184262315151557,22.10144555085447,46.52173719243873,79.25531351631072,7.212632074836799,14446852.509403229,-3.714288984026226
profit_model,RTB,2025-10-01,2025-10-02,2025-10-08,B,73,17.850000381469727,20.299999237060547,15.399999618530273,15.371499616077967,20.442499249322072,5.070999633244105,10.300499982833863,5.229500349589758,0.1585007163456531,32.98962209217404,13.300000190734863,time,False,2.071499425343104,0.40849922602299416,13.476235091444165,70.00000363304501,75.86207933330364,82.14285749040609,62.04553300535771,139552481.0823555,-12.068960333348178
profit_model,BJDX,2022-06-09,2022-06-10,2022-06-16,B,58,52160.0,58560.0,45120.0,45033.782857142854,58991.08571428571,13957.302857142859,31076.479999999996,17119.177142857137,3161.874285714279,30.99296122073182,32960.0,time,False,12073.782857142854,0.8650512911213297,26.810501119667364,66.3265306122449,61.3861386138614,50.92592592592593,376.25,78500800.0,-10.928961748633881
profit_model,NKTX,2024-01-09,2024-01-10,2024-01-17,B,57,10.199999809265137,11.619999885559082,9.850000381469727,9.826177526542118,11.739114160197122,1.9129366336550042,7.913240892887114,6.000304259232109,4.087367625577105,19.46775975182464,8.979999542236328,time,False,0.8461779843057897,0.4423450152078571,8.611466483483778,69.85844487722852,60.12558857950283,120.30236624512068,3.91708240634621,142233897.3402977,-12.220310587598803
profit_model,NVA,2025-10-16,2025-10-17,2025-10-23,B,57,12.595999717712402,15.180000305175781,11.479999542236328,11.443862683091846,15.360684600898198,3.9168219178063524,7.527040765285493,3.610218847479141,-0.30660307032721157,34.22639738235765,6.815999984741211,partial_runner_time,True,4.2723423080784935,1.090767565575525,37.33304415117478,84.36768333768154,184.84848288788635,185.36473991255536,3.5789924628833822,168370728.22666168,-17.02240141973078
profit_model,PEPG,2025-09-25,2025-09-26,2025-10-02,A,85,5.880000114440918,6.340000152587891,4.900000095367432,4.88890295284135,6.395485865218299,1.506582912376949,3.3823200404644007,1.8757371280874517,0.3691542157105028,30.816380012234603,5.079999923706055,time,False,-0.191096970864705,-0.126841323696689,-3.908790432292026,177.35851093644075,186.82928054691595,335.5555563404727,53.42720117526979,735615062.3170853,-7.255520931796944
profit_model,PFSA,2026-04-06,2026-04-07,2026-04-13,A,95,46.25,56.25,43.0,42.89317857197353,56.784107140132356,13.890928568158827,29.0022500038147,15.111321435655874,1.220392867497047,32.38493632466581,18.125,partial_runner_time,True,19.329553570066178,1.3915235022066068,45.06440001323693,264.891513246743,289.4736842105263,251.043638181688,362.45848375451266,445780440.0,-17.777777777777782
profit_model,PLG,2020-12-08,2020-12-09,2020-12-11,B,57,4.829999923706055,5.199999809265137,4.369999885559082,4.361614172118051,5.241928376470294,0.880314204352243,3.481299967765808,2.600985763413565,1.720671559061322,20.183220468690656,5.241928376470294,stop,False,-0.880314204352243,-1.0,-20.183220468690656,93.19999694824219,93.19999694824219,98.76542349859338,5.375240671034133,62972090.00530243,-7.11538267558841
profit_model,TONX,2021-06-30,2021-07-01,2021-07-08,B,67,16400.0,20240.0,15440.0,15414.857142857143,20365.714285714286,4950.857142857143,10464.0,5513.142857142857,562.2857142857138,32.11743772241993,17280.0,time,False,-1865.1428571428569,-0.37673130193905807,-12.099644128113876,57.692307692307686,58.914728682170534,65.3225806451613,37.770345596432556,194471200.0,-18.972332015810277
profit_model,TONX,2024-10-14,2024-10-15,2024-10-21,A,78,12.529999732971191,16.1299991607666,12.199999809265137,12.147585523469107,16.392070589746748,4.24448506627764,7.903100457191467,3.658615390913827,-0.5858696753638135,34.94097702030831,10.510000228881836,time,False,1.6375852945872715,0.3858148324275795,13.480747193946158,81.33140390247404,49.16667026186763,30.520825365351634,39.74299699210184,474826845.8808899,-22.31865849411684
profit_model,XNET,2019-10-28,2019-10-29,2019-11-04,B,70,5.699999809265137,6.829999923706055,5.380000114440918,5.371234400953566,6.873828491142818,1.5025940901892518,3.868640310764314,2.366046220575062,0.8634521303858103,27.97483740278572,6.369999885559082,time,False,-0.9987654846055163,-0.6646941387076277,-18.594710452930588,147.82608380164444,145.6896540207188,152.21238200522055,22.743579714990442,411008176.24673843,-16.54465779009502
a_grade_profit_subset,UMAC,2026-05-28,2026-05-29,2026-05-29,A,80,29.600000381469727,32.0,24.700000762939453,24.64767219407218,32.26164284433637,7.613970650264193,17.033701543807986,9.419730893543793,1.8057602432796003,30.89123626082373,32.26164284433637,stop,False,-7.613970650264193,-1.0,-30.89123626082373,76.40047181301438,105.9846946221329,97.72878993638541,11.661780157341612,1442257058.5870743,-7.4999988079071045
a_grade_profit_subset,AMSC,2023-08-01,2023-08-02,2023-08-08,A,80,16.1299991607666,17.3700008392334,13.3100004196167,13.281614704813276,17.511929413250513,4.230314708437238,9.051299996376038,4.8209852879388,0.5906705795015625,31.850906704168775,8.699999809265137,partial_runner_time,True,4.405964801992688,1.0415217556285166,33.173412268885954,90.8875683414881,129.44521592277925,106.79485597867586,71.65868184029364,784097002.2039413,-7.138754280690773
a_grade_profit_subset,HTZ,2025-04-17,2025-04-21,2025-04-22,A,75,8.239999771118164,8.739999771118164,6.679999828338623,6.665648399761745,8.811756914002554,2.14610851424081,4.519539885520935,2.373431371280125,0.2273228570393151,32.1965454151095,8.811756914002554,stop,False,-2.14610851424081,-1.0,-32.1965454151095,105.23038717634603,99.03381731538599,116.27296311996184,17.89612583095614,2199322682.909584,-5.720823948443099
a_grade_profit_subset,SATL,2024-12-09,2024-12-10,2024-12-16,A,79,4.739999771118164,5.489999771118164,4.619999885559082,4.609787028687341,5.54106405547687,0.9312770267895285,3.6785100018978127,2.7472329751082842,1.8159559483187557,20.202170317068077,4.019999980926514,partial_runner_time,True,0.760532037275178,0.8166549967382162,16.498203334390116,81.60919393232913,163.33332759362668,238.57141798856287,9.707651602339736,38782204.12731171,-13.661202755337188
a_grade_profit_subset,BATL,2023-12-15,2023-12-18,2023-12-22,A,81,9.59000015258789,9.678999900817871,9.569999694824219,9.556556839261736,9.746214178630284,0.1896573393685479,9.366899499893188,9.17724216052464,8.987584821156092,1.9845781546484196,9.630000114440918,time,False,-0.07344327517918181,-0.3872419355017135,-0.7685118857604729,112.63857352321108,87.3046946668184,89.15187037252832,46.75705712380529,10086762.160491943,-0.9195138871988195
a_grade_profit_subset,CBIO,2017-05-19,2017-05-22,2017-05-24,A,75,1276.0,1464.0,1126.0,1123.8614285714286,1474.692857142857,350.83142857142843,773.0300000000002,422.19857142857177,71.36714285714334,31.216609063394937,1474.692857142857,stop,False,-350.83142857142843,-1.0,-31.216609063394937,137.61638733705772,155.20000000000002,224.68193384223918,18.311872729803955,461553444.0,-12.841530054644812
a_grade_profit_subset,OMER,2025-10-15,2025-10-16,2025-10-22,A,75,10.420000076293945,12.100000381469727,9.1899995803833,9.174156723022461,12.179214668273925,3.0050579452514636,6.169098777770998,3.164040832519534,0.15898288726807053,32.755685737418226,7.739999771118164,time,False,1.4341569519042974,0.4772476864116798,15.632575235010906,148.6873492599977,137.357639936232,151.69083121588068,123.67811550902492,1304802829.5536041,-13.88429960505274
a_grade_profit_subset,ROOT,2023-06-22,2023-06-23,2023-06-29,A,75,12.899999618530273,14.800000190734863,12.100000381469727,12.073848951884678,14.930757338660104,2.8569083867754266,9.216940565109251,6.3600321783338245,3.503123791558398,23.66195235802975,11.210000038146973,time,False,0.863848913737705,0.3023719338486473,7.154710293132015,103.14960334281626,122.7979223406034,114.28570862794069,38.922296757706434,125745326.28154755,-12.837841538637507
a_grade_profit_subset,HYLN,2020-06-29,2020-06-30,2020-07-07,A,78,31.84000015258789,34.66999816894531,28.0,27.947364285332817,34.93317674228123,6.985812456948416,20.9615518283844,13.975739371435985,6.989926914487569,24.996319458342168,23.760000228881836,time,False,4.187364056450981,0.5994097439999313,14.983037447465378,96.42197378707446,74.08419113613733,212.7701296472417,7.222117487188566,1201460117.7577972,-8.162671375311215
a_grade_profit_subset,UNCY,2023-03-10,2023-03-13,2023-03-17,A,78,26.799999237060547,28.700000762939453,21.799999237060547,21.739199238504682,29.004000755718778,7.264801517214096,14.474397721290586,7.20959620407649,-0.05520531313760557,33.41798121223623,20.899999618530273,time,False,0.8391996199744085,0.11551583590906205,3.8603060341247986,78.66666158040366,446.9387492950839,458.3332952525896,5.550220557586964,188244266.64108276,-6.620214199897845
a_grade_profit_subset,EVGO,2021-01-22,2021-01-25,2021-01-26,A,75,22.0,24.0,20.0,19.9682742868151,24.15862856592451,4.19035427910941,15.777920007705688,11.587565728596278,7.397211449486868,20.985059694799315,24.15862856592451,stop,False,-4.19035427910941,-1.0,-20.985059694799315,66.41452008793713,67.93892640735753,100.36430707827878,177.4366372784754,1095839800.0,-8.333333333333337
a_grade_profit_subset,KODK,2018-01-10,2018-01-11,2018-01-18,A,90,10.699999809265137,13.279999732971191,10.100000381469727,10.081128952843802,13.374356876100812,3.2932279232570103,6.787901029586791,3.494673106329781,0.20144518307277082,32.667253227903785,10.149999618530273,time,False,-0.06887066568647171,-0.0209128148100841,-0.683164217109274,239.68252334344885,250.81967136226206,229.23076336200418,28.175089133975472,1150388009.4935417,-19.427710659515352
a_grade_profit_subset,GHRS,2025-02-03,2025-02-04,2025-02-04,A,85,17.989999771118164,20.5,17.510000228881836,17.483603085109166,20.63198571886335,3.148382633754185,14.335220451354981,11.186837817600797,8.038455183846612,18.007630454821243,17.483603085109166,partial_runner_breakeven,True,1.5741913168770925,0.5,9.003815227410621,90.77411653151393,104.1997606613152,102.5900849017141,101.12320973121444,185449912.6405716,-12.243903555521152
a_grade_profit_subset,MNTS,2026-05-27,2026-05-28,2026-06-03,A,78,19.5,22.200000762939453,17.469999313354492,17.43049931049347,22.397500777244566,4.967001466751096,12.463497843742374,7.496496376991278,2.5294949102401816,28.49603662105579,13.119999885559082,time,False,4.310499424934388,0.8678272905270301,24.729638251609874,158.2781391705105,235.6282304999658,265.1685288913304,6.70957737316278,864811350.0,-12.16216518085359
a_grade_profit_subset,BETR,2025-09-23,2025-09-24,2025-09-30,A,75,67.75,75.0,59.0,58.8389557157244,75.805221421378,16.96626570565359,41.87269001007081,24.90642430441722,7.940158598763631,28.835089778997293,56.13999938964844,time,False,2.6989563260759653,0.1590778060947498,4.587022820588033,111.58650540735118,165.1663484268442,178.23408188345465,17.09541273125858,565312775.0,-9.666666666666668
a_grade_profit_subset,MGNX,2019-02-06,2019-02-07,2019-02-13,A,80,25.600000381469727,32.31999969482422,24.600000381469727,24.554301808221,32.54849256106785,7.994190752846855,16.560111055374144,8.565920302527289,0.571729549680434,32.557190244237894,21.290000915527344,time,False,3.2643008926936545,0.40833412581895007,13.294211817502127,123.97200085705533,123.97200085705533,124.5614143693293,44.32660033309134,664317449.8991013,-20.792077279724243
a_grade_profit_subset,PALI,2023-03-31,2023-04-03,2023-04-10,A,75,52.79999923706055,54.75,45.75,45.66814286095755,55.159285695212226,9.491142834254674,36.17700002670288,26.685857192448204,17.19471435819353,20.782852640081426,30.149999618530273,partial_runner_time,True,12.504643038340976,1.3175065697262733,27.381544890960306,121.38364105890558,114.63413991177349,85.26315521775632,24.371304447361737,143895151.52077103,-3.561645229113153
a_grade_profit_subset,WATT,2017-12-28,2017-12-29,2017-12-29,A,85,18942.0,20100.0,16548.0,16521.437142159597,20232.814289202008,3711.377147042411,12810.059995117186,9098.682848074775,5387.305701032365,22.464009124071143,16521.437142159597,partial_runner_breakeven,True,1855.6885735212054,0.5,11.232004562035572,257.5311438278596,245.78313253012047,263.2911392405063,18.266015682793313,1403147592.0,-5.761194029850747
a_grade_profit_subset,TBCH,2018-05-10,2018-05-11,2018-05-11,A,78,11.420000076293945,13.880000114440918,10.800000190734863,10.773777332987104,14.011114403179713,3.237337070192609,7.536440262794494,4.299103192601885,1.061766122409276,30.048301260882244,14.011114403179713,stop,False,-3.237337070192609,-1.0,-30.048301260882244,55.79809270338958,84.19355528411727,133.53784024745607,9.272113544546034,199195635.3307724,-17.723343068185994
a_grade_profit_subset,SENS,2020-12-24,2020-12-28,2021-01-04,A,75,18.200000762939453,23.399999618530273,17.600000381469727,17.569371807234628,23.553142489705767,5.983770682471139,11.585601124763489,5.60183044229235,-0.381940240178789,34.05796603386339,18.600000381469727,time,False,-1.0306285742350987,-0.17223731137528758,-5.866052500583496,111.62790646096576,112.1212228994767,117.70336734885944,27.24319691206278,130446048.46826553,-22.222217693854073
a_grade_profit_subset,AMTX,2020-08-12,2020-08-13,2020-08-19,A,81,3.3399999141693115,3.4700000286102295,2.8499999046325684,2.842265618443489,3.508671459555626,0.666405841112137,2.175859777331352,1.5094539362192152,0.8430480951070782,23.446290057756144,2.799999952316284,time,False,0.04226566612720495,0.06342331282191276,1.4870413888463707,69.54314038896598,100.0,224.27184533439132,10.893564856412507,52237598.65760803,-3.7464009616445026
a_grade_profit_subset,PEPG,2025-09-25,2025-09-26,2025-10-02,A,85,5.880000114440918,6.340000152587891,4.900000095367432,4.88890295284135,6.395485865218299,1.506582912376949,3.3823200404644007,1.8757371280874517,0.3691542157105028,30.816380012234603,5.079999923706055,time,False,-0.191096970864705,-0.126841323696689,-3.908790432292026,177.35851093644075,186.82928054691595,335.5555563404727,53.42720117526979,735615062.3170853,-7.255520931796944
a_grade_profit_subset,PFSA,2026-04-06,2026-04-07,2026-04-13,A,95,46.25,56.25,43.0,42.89317857197353,56.784107140132356,13.890928568158827,29.0022500038147,15.111321435655874,1.220392867497047,32.38493632466581,18.125,partial_runner_time,True,19.329553570066178,1.3915235022066068,45.06440001323693,264.891513246743,289.4736842105263,251.043638181688,362.45848375451266,445780440.0,-17.777777777777782
a_grade_profit_subset,TONX,2024-10-14,2024-10-15,2024-10-21,A,78,12.529999732971191,16.1299991607666,12.199999809265137,12.147585523469107,16.392070589746748,4.24448506627764,7.903100457191467,3.658615390913827,-0.5858696753638135,34.94097702030831,10.510000228881836,time,False,1.6375852945872715,0.3858148324275795,13.480747193946158,81.33140390247404,49.16667026186763,30.520825365351634,39.74299699210184,474826845.8808899,-22.31865849411684
relaxed_winrate_fade20,NVCR,2017-04-03,2017-04-04,2017-04-06,B,67,11.100000381469727,14.300000190734863,11.0,10.983137143680027,14.384314472334726,3.4011773286546987,7.5819598150253285,4.18078248637063,0.7796051577159311,30.967266311627743,10.949999809265137,time,False,0.03313733441489042,0.009742901123005415,0.3017110137239657,33.73494128181409,46.05263843100496,50.00000322187266,68.26408071879271,260591378.95565033,-22.377620745337147
relaxed_winrate_fade20,TIGR,2024-10-07,2024-10-08,2024-10-10,B,73,11.460000038146973,14.479999542236328,11.281999588012695,11.258266729627337,14.598663834163121,3.340397104535784,7.917869625091553,4.577472520555769,1.2370754160199855,29.67061613263408,8.109999656677246,partial_runner_time,True,3.2443320887429374,0.9712414384318547,28.81733189181892,42.18361589976149,114.60673615511388,202.37467423466376,8.680745229847753,1393163554.637432,-20.856350825705473
relaxed_winrate_fade20,ABTC,2025-05-13,2025-05-14,2025-05-15,B,58,96.0,121.5,93.75,93.36310715266636,123.43446423666818,30.071357084001818,63.29175006866454,33.22039298466272,3.1490359006609054,32.209036311130326,93.36310715266636,partial_runner_breakeven,True,15.035678542000909,0.5,16.104518155565163,213.7254862850727,235.07853849292562,375.836449221036,3.6602938014118793,70428000.0,-20.98765432098766
relaxed_winrate_fade20,KYTX,2025-12-15,2025-12-16,2025-12-18,B,67,10.819999694824219,13.670000076293945,10.399999618530273,10.381056761060442,13.764714363643101,3.383657602582659,6.9973991584777835,3.6137415558951247,0.2300839533124659,32.5945390769351,7.0,partial_runner_time,True,3.3823571818215505,0.9996156760187214,32.58201221390911,32.27382996523869,30.83433005939764,60.77265474233682,37.42788415279515,210442502.06451416,-20.848576192856804
relaxed_winrate_fade20,SLDP,2024-12-27,2024-12-30,2025-01-02,B,63,2.130000114440918,2.700000047683716,2.0199999809265137,2.0163942667416164,2.7180286186082023,0.701634351866586,1.3147599148750304,0.6131255630084445,-0.08850878885814151,34.796486155477375,2.069999933242798,time,False,-0.05360566650118148,-0.07640114307198925,-2.65849131716712,50.00001259253097,88.49558614416708,90.17858083683006,14.368432454247891,103131623.54106903,-21.11110826578656
relaxed_winrate_fade20,ALT,2018-09-21,2018-09-24,2018-09-26,B,58,26.190000534057617,33.66999816894531,26.0,25.920130000795638,34.06934816496713,8.149218164171494,17.770911836624144,9.62169367245265,1.472475508281157,31.439727207854848,12.130000114440918,partial_runner_time,True,10.969674025263107,1.3461014055915093,42.32106098590703,513.3489613827786,380.550485332751,195.93219666854097,3.248446787962671,23062914.470291138,-22.215616399369708
relaxed_winrate_fade20,EOLS,2018-05-14,2018-05-15,2018-05-17,B,59,13.720000267028809,17.5,13.649999618530273,13.623136760166712,17.6343142918178,4.011177531651089,9.611959228515623,5.600781696864534,1.5896041652134443,29.44386158832045,12.9399995803833,partial_runner_time,True,2.3471573557172505,0.5851541940481274,17.22919909737827,30.04739354486341,56.800003051757805,100.29197748966605,6.3510919126469885,14523992.282676697,-21.599998474121097
relaxed_winrate_fade20,TATT,2021-01-06,2021-01-07,2021-01-11,B,55,6.590000152587891,8.34000015258789,6.25,6.240471429143633,8.387643006869725,2.147171577726092,4.093299851417541,1.946128273691449,-0.2010433040346431,34.407201476775995,6.139999866485596,time,False,0.10047156265803725,0.046792517049074916,1.6099995617129963,45.4746103172188,44.83516211729104,44.51754901933105,420.94343680550577,193473837.4797821,-20.983213045349615
relaxed_winrate_fade20,MGNX,2019-02-06,2019-02-07,2019-02-11,A,80,25.600000381469727,32.31999969482422,24.600000381469727,24.554301808221,32.54849256106785,7.994190752846855,16.560111055374144,8.565920302527289,0.571729549680434,32.557190244237894,21.3700008392334,time,False,3.1843009689876,0.3983268685268263,12.968403638019419,123.97200085705533,123.97200085705533,124.5614143693293,44.32660033309134,664317449.8991013,-20.792077279724243
relaxed_winrate_fade20,OPK,2020-03-06,2020-03-09,2020-03-11,B,57,2.319999933242798,2.9100000858306885,2.2200000286102295,2.2159143141337805,2.9304286582129344,0.7145143440791539,1.5013999700546266,0.7868856259754726,0.0723712818963187,32.24467388119489,1.690000057220459,time,False,0.5259142569133215,0.7360443653389563,23.73351052244571,56.75675022593383,54.66666221618652,42.331284664397685,15.353796054241066,240974217.06604958,-20.274918734906812
relaxed_winrate_fade20,VTVT,2022-06-01,2022-06-02,2022-06-06,B,58,28.799999237060547,37.20000076293945,28.280000686645508,28.210686401639666,37.546572187968664,9.335885786328998,18.87480061531067,9.538914828981671,0.2030290426526733,33.09343719402154,25.799999237060547,time,False,2.4106871645791195,0.25821729397217014,8.545297800478208,46.93876875782463,42.011825749224485,63.63635575475788,139.01665382752128,25206565.73225403,-22.58064880000599
relaxed_winrate_fade20,SENS,2020-12-24,2020-12-28,2020-12-30,A,75,18.200000762939453,23.399999618530273,17.600000381469727,17.569371807234628,23.553142489705767,5.983770682471139,11.585601124763489,5.60183044229235,-0.381940240178789,34.05796603386339,17.799999237060547,time,False,-0.230627429825919,-0.03854215712201658,-1.3126674781334662,111.62790646096576,112.1212228994767,117.70336734885944,27.24319691206278,130446048.46826553,-22.222217693854073
relaxed_winrate_fade20,TONX,2024-10-14,2024-10-15,2024-10-17,A,78,12.529999732971191,16.1299991607666,12.199999809265137,12.147585523469107,16.392070589746748,4.24448506627764,7.903100457191467,3.658615390913827,-0.5858696753638135,34.94097702030831,10.880000114440918,time,False,1.2675854090281895,0.29864291880754473,10.434875363332223,81.33140390247404,49.16667026186763,30.520825365351634,39.74299699210184,474826845.8808899,-22.31865849411684
relaxed_winrate_fade15,CAPR,2024-09-25,2024-09-26,2024-09-30,B,70,10.34000015258789,12.869999885559082,9.899999618530273,9.883056761877878,12.954714168821063,3.071657406943185,6.811399354934693,3.739741947991508,0.6680845410483229,31.08003405172733,12.954714168821063,stop,False,-3.071657406943185,-1.0,-31.08003405172733,104.75247053571377,101.95313249423651,147.36843486181704,22.425734773725747,434123872.4063873,-19.658117758105064
relaxed_winrate_fade15,RCAT,2021-09-27,2021-09-28,2021-09-30,B,67,3.5999999046325684,4.239999771118164,3.4100000858306885,3.404070086138589,4.2696497695786615,0.8655796834400724,2.5384904026985167,1.6729107192584443,0.8073310358183718,25.42778678279047,3.4800000190734863,time,False,-0.07592993293489725,-0.08772148236327475,-2.230563149803665,62.16215577646862,54.50643873440455,36.882119695186844,408.012380706732,854206537.371254,-15.094337288532833
relaxed_winrate_fade15,LAES,2025-01-06,2025-01-07,2025-01-10,B,55,7.730000019073486,9.5,7.690000057220459,7.650801486287798,9.695992854663304,2.045191368375506,5.605610117912292,3.560418749536786,1.5152273811612798,26.73172702286178,5.730000019073486,partial_runner_time,True,1.9829964177949089,0.96958966699043,25.918806302175632,25.69105527162854,-14.867840484315309,284.5771172014735,0.6475831986417789,464470192.14606285,-18.63157874659488
relaxed_winrate_fade15,RDGT,2022-12-14,2022-12-15,2022-12-19,B,63,18840.0,22770.0,17220.0,17167.8,23031.0,5863.200000000001,11304.599999999999,5441.399999999998,-421.8000000000029,34.15230839129068,12060.0,partial_runner_time,True,5485.5,0.9355812525583298,31.95225946248209,89.72809667673715,214.0,248.88888888888889,3.3649893692416724,22363080.0,-17.259552042160742
relaxed_winrate_fade15,ZD,2026-03-03,2026-03-04,2026-03-06,B,67,41.47999954223633,50.54999923706055,41.11000061035156,41.03575775146484,50.92121353149414,9.885455780029297,31.150301971435546,21.26484619140625,11.379390411376953,24.089858020658625,42.31999969482422,time,False,-1.2842419433593761,-0.12991226423305796,-3.129568000516654,50.01808359678084,56.46925380651311,37.396484956806674,11.211086202520937,439775103.1467438,-17.94263072545129
relaxed_winrate_fade15,ADMA,2019-04-02,2019-04-03,2019-04-05,B,67,5.059999942779541,6.313000202178955,5.010000228881836,4.999893084594182,6.363535923617227,1.3636428390230453,3.6362502455711363,2.272607406548091,0.9089645675250457,27.27343997064141,5.079999923706055,time,False,-0.08010683911187311,-0.05874473639245893,-1.6021710415908825,53.799392141317725,51.044778711255745,27.455917035619915,35.096753356175924,126465084.56988335,-19.847936310328905
relaxed_winrate_fade15,VEEE,2025-09-05,2025-09-08,2025-09-10,B,55,105.08000183105469,128.02000427246094,96.19999694824219,95.98069268362863,129.11652559552874,33.13583291190011,62.84485977172852,29.709026859828413,-3.426806052071697,34.52343589676142,87.69000244140625,time,False,8.290690242222382,0.25020316417774235,8.637872899657163,25.66371487634258,44.67652462370888,42.7135756495995,259.70880698959763,226142987.1806183,-17.919076453539063
relaxed_winrate_fade15,ALOY,2022-04-01,2022-04-04,2022-04-06,B,59,12.800000190734863,15.399999618530273,12.039999961853027,12.014359962599618,15.52819961479732,3.513839652197701,8.500520310401917,4.986680658204216,1.4728410060065151,29.246998284854044,12.720000267028809,time,False,-0.7056403044291901,-0.2008174459491495,-5.873307497243544,30.612244302161006,86.04651130554547,72.97297332128352,110.46779119216828,61927360.92278957,-16.88311358571024
relaxed_winrate_fade15,MNKD,2026-05-06,2026-05-07,2026-05-11,B,55,3.559999942779541,4.289999961853027,3.4000000953674316,3.395528667313712,4.312357102121625,0.9168284348079134,2.4787002325057985,1.561871797697885,0.6450433628899717,27.001051224616504,3.359999895095825,time,False,0.03552877221788675,0.03875182189929619,1.046339928150112,25.35211444965224,29.45454337380149,29.927004758712993,10.314306393785271,131142209.8921299,-17.01631761223068
relaxed_winrate_fade15,MRAM,2026-05-13,2026-05-14,2026-05-18,B,67,41.459999084472656,51.5,41.29999923706055,41.19822351864406,52.00887859208243,10.810655073438369,30.387568445205694,19.576913371767326,8.766258298328957,26.240585515892594,33.349998474121094,time,False,7.8482250445229695,0.7259712747478134,19.049911317101554,53.6124469657786,92.30055710328584,214.3290402081107,3.59252593569095,649665747.6539612,-19.49514740879096
relaxed_winrate_fade15,NVCR,2017-04-03,2017-04-04,2017-04-06,B,67,11.100000381469727,14.300000190734863,11.0,10.983137143680027,14.384314472334726,3.4011773286546987,7.5819598150253285,4.18078248637063,0.7796051577159311,30.967266311627743,10.949999809265137,time,False,0.03313733441489042,0.009742901123005415,0.3017110137239657,33.73494128181409,46.05263843100496,50.00000322187266,68.26408071879271,260591378.95565033,-22.377620745337147
relaxed_winrate_fade15,TIGR,2024-10-07,2024-10-08,2024-10-10,B,73,11.460000038146973,14.479999542236328,11.281999588012695,11.258266729627337,14.598663834163121,3.340397104535784,7.917869625091553,4.577472520555769,1.2370754160199855,29.67061613263408,8.109999656677246,partial_runner_time,True,3.2443320887429374,0.9712414384318547,28.81733189181892,42.18361589976149,114.60673615511388,202.37467423466376,8.680745229847753,1393163554.637432,-20.856350825705473
relaxed_winrate_fade15,ABTC,2025-05-13,2025-05-14,2025-05-15,B,58,96.0,121.5,93.75,93.36310715266636,123.43446423666818,30.071357084001818,63.29175006866454,33.22039298466272,3.1490359006609054,32.209036311130326,93.36310715266636,partial_runner_breakeven,True,15.035678542000909,0.5,16.104518155565163,213.7254862850727,235.07853849292562,375.836449221036,3.6602938014118793,70428000.0,-20.98765432098766
relaxed_winrate_fade15,FUBO,2025-01-07,2025-01-08,2025-01-13,B,73,65.5199966430664,77.4000015258789,60.720001220703125,60.610458365849084,77.9477158001491,17.337257434300014,43.27320093154907,25.935943497249056,8.598686062949042,28.604399144535552,53.400001525878906,time,False,7.210456839970178,0.4158937402466561,11.896390547729142,287.23402096708213,336.7999776204427,292.805728083444,8.30680201198244,2096615846.739357,-15.348843215255481
relaxed_winrate_fade15,CRMD,2018-10-01,2018-10-02,2018-10-04,B,69,5.949999809265137,7.150000095367432,5.75,5.739285713604518,7.20357152734484,1.4642858137403216,4.274999899864197,2.810714086123875,1.3464282723835534,25.513380702921776,5.900000095367432,time,False,-0.1607143817629133,-0.1097561557004981,-2.8002505848759665,65.277776857953,72.46376020371036,112.49999680689396,6.399538960888773,19755546.366710663,-16.783220560791168
relaxed_winrate_fade15,CRVS,2021-09-22,2021-09-23,2021-09-27,B,55,7.489999771118164,8.890000343322754,7.039999961853027,7.020041390487126,8.989793200152262,1.9697518096651354,5.050289580821991,3.0805377711568553,1.11078596149172,28.058977149826358,7.670000076293945,time,False,-0.6499586858068191,-0.3299698381377877,-9.258616148440089,40.78946483904191,227.07423126144462,197.2222153892382,1.3890958686884787,219012087.3073578,-15.748037324386887
relaxed_winrate_fade15,OCGN,2024-02-20,2024-02-21,2024-02-23,B,66,1.0399999618530273,1.2799999713897705,1.0,0.9983699999536787,1.2881499716213771,0.2897799716676984,0.7085900282859803,0.41881005661828186,0.12903008495058343,29.025308420840304,0.7950000166893005,time,False,0.20336998326437816,0.7018082792056801,20.370201756244068,55.922034264538986,64.03784800909675,106.3491954614848,12.915076934662014,42808374.429798126,-18.75000116415324
relaxed_winrate_fade15,OMER,2020-08-10,2020-08-11,2020-08-13,B,72,21.31999969482422,25.459999084472656,19.68000030517578,19.652186020442418,25.599070508139473,5.946884487697055,13.705301532745363,7.758417045048308,1.8115325573512528,30.260676758865607,13.1899995803833,partial_runner_time,True,6.204535463878086,1.0433253709087609,31.57173180339358,54.380876517134546,66.56249513383963,52.06846646726122,52.39527265905713,387058198.45962524,-16.260799444306762
relaxed_winrate_fade15,GERN,2023-01-04,2023-01-05,2023-01-09,B,67,3.190000057220459,3.8399999141693115,3.0899999141693115,3.0855856282370433,3.8620713438306535,0.7764857155936102,2.309099912643433,1.5326141970498228,0.7561284814562126,25.16493817211798,2.950000047683716,time,False,0.13558558055332748,0.17461439126368808,4.394160360112729,51.90477152800659,56.37255474862033,56.37255474862033,22.468354954953295,389144597.98026085,-16.927079986392755
relaxed_winrate_fade15,KYTX,2025-12-15,2025-12-16,2025-12-18,B,67,10.819999694824219,13.670000076293945,10.399999618530273,10.381056761060442,13.764714363643101,3.383657602582659,6.9973991584777835,3.6137415558951247,0.2300839533124659,32.5945390769351,7.0,partial_runner_time,True,3.3823571818215505,0.9996156760187214,32.58201221390911,32.27382996523869,30.83433005939764,60.77265474233682,37.42788415279515,210442502.06451416,-20.848576192856804
relaxed_winrate_fade15,SLDP,2024-12-27,2024-12-30,2025-01-02,B,63,2.130000114440918,2.700000047683716,2.0199999809265137,2.0163942667416164,2.7180286186082023,0.701634351866586,1.3147599148750304,0.6131255630084445,-0.08850878885814151,34.796486155477375,2.069999933242798,time,False,-0.05360566650118148,-0.07640114307198925,-2.65849131716712,50.00001259253097,88.49558614416708,90.17858083683006,14.368432454247891,103131623.54106903,-21.11110826578656
relaxed_winrate_fade15,ALT,2018-09-21,2018-09-24,2018-09-26,B,58,26.190000534057617,33.66999816894531,26.0,25.920130000795638,34.06934816496713,8.149218164171494,17.770911836624144,9.62169367245265,1.472475508281157,31.439727207854848,12.130000114440918,partial_runner_time,True,10.969674025263107,1.3461014055915093,42.32106098590703,513.3489613827786,380.550485332751,195.93219666854097,3.248446787962671,23062914.470291138,-22.215616399369708
relaxed_winrate_fade15,FLGT,2020-08-05,2020-08-06,2020-08-10,B,56,36.13999938964844,43.63999938964844,34.36000061035156,34.2985549054827,43.94722791399275,9.648673008510045,24.64988189697266,15.001208888462614,5.352535879952569,28.131427213476222,43.4900016784668,time,False,-9.191446772984094,-0.9526125266010484,-26.798349954723076,37.15369588785051,40.84177554386568,84.76482810019978,3.5565678071000644,64900210.903930664,-17.186068068046367
relaxed_winrate_fade15,FULC,2021-08-11,2021-08-12,2021-08-13,B,63,20.200000762939453,25.25,18.90999984741211,18.870138417652676,25.44930714879717,6.579168731144495,12.29096968650818,5.711800955363685,-0.86736777578081,34.865503291644124,25.44930714879717,stop,False,-6.579168731144495,-1.0,-34.865503291644124,149.38271372370244,168.97470236092164,162.33767874427102,9.069805143963553,994484417.5609589,-19.999996978457613
relaxed_winrate_fade15,FULC,2025-12-08,2025-12-09,2025-12-11,B,55,12.989999771118164,15.739999771118164,12.739999771118164,12.712118340900966,15.879406922204154,3.167288581303188,9.544829759597778,6.3775411782945906,3.2102525969914026,24.915505790348924,12.800000190734863,time,False,-0.08788184983389691,-0.027746713814671642,-0.6913234087126058,43.37747427684702,31.610941456280983,15.057571434979145,28.6965960806167,321088113.3424759,-17.471410673372844
relaxed_winrate_fade15,GSIT,2023-05-19,2023-05-22,2023-05-24,B,55,6.0,7.300000190734863,5.550000190734863,5.53098590527262,7.39507161804608,1.86408571277346,3.6669001924991598,1.8028144797256997,-0.061271233047760276,33.7025937997139,5.159999847412109,time,False,0.3709860578605104,0.19901770359504703,6.707412823215731,38.56813177180358,17.878189000631785,268.0981605860299,2.313038315689859,155450400.0,-17.808221325594197
relaxed_winrate_fade15,LXRX,2019-09-11,2019-09-12,2019-09-16,B,69,2.200000047683716,2.7100000381469727,2.109999895095825,2.106428466183799,2.727857182707105,0.6214287165233063,1.4849997496604925,0.8635710331371862,0.24214231661387986,29.501534303186865,2.727857182707105,stop,False,-0.6214287165233063,-1.0,-29.501534303186865,59.42029386126579,76.00000381469727,70.54264439849393,15.307058225513162,32131000.69642067,-18.819187575066664
relaxed_winrate_fade15,KODK,2018-01-10,2018-01-11,2018-01-16,A,90,10.699999809265137,13.279999732971191,10.100000381469727,10.081128952843802,13.374356876100812,3.2932279232570103,6.787901029586791,3.494673106329781,0.20144518307277082,32.667253227903785,8.5,time,False,1.5811289528438017,0.48011525156754453,15.684046501535708,239.68252334344885,250.81967136226206,229.23076336200418,28.175089133975472,1150388009.4935417,-19.427710659515352
relaxed_winrate_fade15,KODK,2020-12-07,2020-12-08,2020-12-10,B,67,12.039999961853027,14.180000305175781,11.119999885559082,11.099042741911752,14.284786023412432,3.185743281500679,7.913299460411073,4.727556178910394,1.5418128974097147,28.702865243241252,10.0,time,False,1.0990427419117523,0.34498785520283237,9.902139918441723,66.06896499107624,57.79816227086976,66.99028984953242,20.284005551988233,1624027434.8545074,-15.0916805166897
relaxed_winrate_fade15,NNDM,2020-10-16,2020-10-19,2020-10-21,B,63,4.909999847412109,6.0,4.590000152587891,4.577473009824753,6.062635713815689,1.4851627039909365,3.0923103058338164,1.6071476018428799,0.12198489785194333,32.44503464691746,3.7799999713897705,time,False,0.7974730384349824,0.5369600490855372,17.421687396590755,64.21404119570026,87.40458251448983,108.05085024009054,6.601687126878217,520587643.8217163,-18.16666920979818
relaxed_winrate_fade15,BSIN,2025-06-13,2025-06-16,2025-06-18,B,73,2.2100000381469727,2.75,2.0999999046325684,2.0962427616119386,2.7687857151031494,0.6725429534912108,1.4236998081207277,0.7511568546295169,0.07861390113830602,32.083257044811376,1.9900000095367432,time,False,0.1062427520751954,0.1579716976048636,5.068246580062053,74.0157536486491,70.00000916994568,81.14753986231523,329.0820080976646,236206793.07718277,-19.63636224920099
relaxed_winrate_fade15,KULR,2024-12-27,2024-12-30,2025-01-02,B,55,37.279998779296875,43.91999816894531,34.08000183105469,33.98685897963388,44.385712426049366,10.398853446415487,23.588005533218393,13.189152086802906,2.7902986403874195,30.59668871620895,24.31999969482422,partial_runner_time,True,10.032856365612574,0.9648040928080323,29.519810499771733,64.66431000144905,108.03570658804813,301.7241363363799,1.4574365471666344,361681228.15704346,-15.118396326217077
relaxed_winrate_fade15,CDXS,2026-03-12,2026-03-13,2026-03-17,B,58,1.7100000381469727,2.130000114440918,1.6299999952316284,1.6265142808641706,2.147428686278207,0.5209144054140362,1.1055998754501344,0.5846854700360982,0.06377106462206195,32.02642679148647,1.4700000286102295,time,False,0.1565142522539411,0.30046059511358597,9.622679253131718,36.80000305175781,35.71428976902349,59.81307984314732,19.933867993517996,70151041.5649414,-19.71831238160223
relaxed_winrate_fade15,EOLS,2018-05-14,2018-05-15,2018-05-17,B,59,13.720000267028809,17.5,13.649999618530273,13.623136760166712,17.6343142918178,4.011177531651089,9.611959228515623,5.600781696864534,1.5896041652134443,29.44386158832045,12.9399995803833,partial_runner_time,True,2.3471573557172505,0.5851541940481274,17.22919909737827,30.04739354486341,56.800003051757805,100.29197748966605,6.3510919126469885,14523992.282676697,-21.599998474121097
relaxed_winrate_fade15,IMRX,2024-09-17,2024-09-18,2024-09-20,B,57,2.7799999713897705,3.3499999046325684,2.630000114440918,2.6227801147529055,3.3860999030726298,0.7633197883197242,1.8594603264331813,1.096140538113457,0.3328207497937328,29.103461019325184,3.3860999030726298,stop,False,-0.7633197883197242,-1.0,-29.103461019325184,94.40559953563394,132.6359706583555,129.75205650796005,3.2624888262008183,100954586.96103096,-17.014923864761013
relaxed_winrate_fade15,TATT,2021-01-06,2021-01-07,2021-01-11,B,55,6.590000152587891,8.34000015258789,6.25,6.240471429143633,8.387643006869725,2.147171577726092,4.093299851417541,1.946128273691449,-0.2010433040346431,34.407201476775995,6.139999866485596,time,False,0.10047156265803725,0.046792517049074916,1.6099995617129963,45.4746103172188,44.83516211729104,44.51754901933105,420.94343680550577,193473837.4797821,-20.983213045349615
relaxed_winrate_fade15,TATT,2021-07-02,2021-07-06,2021-07-08,B,55,8.449999809265137,10.4399995803833,8.069999694824219,8.059585408483233,10.49207101208823,2.432485603604997,5.627099804878236,3.1946142012732395,0.7621285976682426,30.181274598128198,7.110000133514404,time,False,0.9495852749688289,0.3903765241453116,11.782061071892473,42.016808069591626,45.43889660044649,47.727274811351286,122.14078593919557,290084268.4521675,-19.061301255771713
relaxed_winrate_fade15,DPRO,2025-06-10,2025-06-11,2025-06-13,B,66,3.7100000381469727,4.369999885559082,3.490000009536743,3.483584295170648,4.4020784573895595,0.9184941622189116,2.5650901329517364,1.6465959707328248,0.7281018085139133,26.366353858358924,2.4200000762939453,partial_runner_time,True,0.9910391905478071,1.0789825687662948,28.448836215093216,52.67489449487592,97.34042806153711,106.11111869046739,11.003361360541627,21435267.220401764,-15.102971732175952
relaxed_winrate_fade15,MGNX,2019-02-06,2019-02-07,2019-02-11,A,80,25.600000381469727,32.31999969482422,24.600000381469727,24.554301808221,32.54849256106785,7.994190752846855,16.560111055374144,8.565920302527289,0.571729549680434,32.557190244237894,21.3700008392334,time,False,3.1843009689876,0.3983268685268263,12.968403638019419,123.97200085705533,123.97200085705533,124.5614143693293,44.32660033309134,664317449.8991013,-20.792077279724243
relaxed_winrate_fade15,MGNX,2020-05-07,2020-05-08,2020-05-11,B,57,20.729999542236328,25.0,19.850000381469727,19.803613240378244,25.231935705457413,5.4283224650791695,14.375290775299074,8.946968310219905,3.5186458451407354,27.410767919922726,25.231935705457413,stop,False,-5.4283224650791695,-1.0,-27.410767919922726,189.93005966066403,187.91666793602485,188.3170984319883,4.589060256816205,464179930.7498932,-17.08000183105469
relaxed_winrate_fade15,PALI,2025-10-06,2025-10-07,2025-10-09,B,62,1.909999966621399,2.2799999713897705,1.7200000286102295,1.7152857427937644,2.303571400472096,0.5882856576783317,1.1270000851154327,0.538714427437101,-0.04957123024123078,34.29665641131978,2.0999999046325684,time,False,-0.3847141618388039,-0.6539580845079203,-22.428575731772966,45.80153053814533,107.60868825793052,203.17460017109372,4.637697425548148,103388871.19320631,-16.22807058821315
relaxed_winrate_fade15,OPK,2020-03-06,2020-03-09,2020-03-11,B,57,2.319999933242798,2.9100000858306885,2.2200000286102295,2.2159143141337805,2.9304286582129344,0.7145143440791539,1.5013999700546266,0.7868856259754726,0.0723712818963187,32.24467388119489,1.690000057220459,time,False,0.5259142569133215,0.7360443653389563,23.73351052244571,56.75675022593383,54.66666221618652,42.331284664397685,15.353796054241066,240974217.06604958,-20.274918734906812
relaxed_winrate_fade15,TBCH,2018-05-10,2018-05-11,2018-05-11,A,78,11.420000076293945,13.880000114440918,10.800000190734863,10.773777332987104,14.011114403179713,3.237337070192609,7.536440262794494,4.299103192601885,1.061766122409276,30.048301260882244,14.011114403179713,stop,False,-3.237337070192609,-1.0,-30.048301260882244,55.79809270338958,84.19355528411727,133.53784024745607,9.272113544546034,199195635.3307724,-17.723343068185994
relaxed_winrate_fade15,VTVT,2022-06-01,2022-06-02,2022-06-06,B,58,28.799999237060547,37.20000076293945,28.280000686645508,28.210686401639666,37.546572187968664,9.335885786328998,18.87480061531067,9.538914828981671,0.2030290426526733,33.09343719402154,25.799999237060547,time,False,2.4106871645791195,0.25821729397217014,8.545297800478208,46.93876875782463,42.011825749224485,63.63635575475788,139.01665382752128,25206565.73225403,-22.58064880000599
relaxed_winrate_fade15,AVXL,2016-09-28,2016-09-29,2016-10-03,B,67,4.130000114440918,4.880000114440918,4.0,3.9927685717173986,4.916157255853926,0.9233886841365271,3.0693798875808715,2.1459912034443445,1.2226025193078174,23.126526557970585,3.630000114440918,time,False,0.36276845727648066,0.39286647487532317,9.085636964940447,32.79743581192835,58.23755863749898,61.960791830189876,22.977030081872137,112081595.10574341,-15.368852098601327
relaxed_winrate_fade15,QTEX,2026-06-01,2026-06-02,2026-06-04,B,55,3.0799999237060547,3.8499999046325684,2.950000047683716,2.9398614762510573,3.9006927617958613,0.960831285544804,1.9790301907062533,1.0181989051614493,0.05736761961664527,32.68287615952797,1.8700000047683716,partial_runner_time,True,1.0153463785137449,1.0567374249663717,34.53721839331441,46.66666969420432,323.6588626941824,679.7467949489366,0.6649405802043308,135918548.63319397,-19.999999999999996
relaxed_winrate_fade15,SENS,2020-12-24,2020-12-28,2020-12-30,A,75,18.200000762939453,23.399999618530273,17.600000381469727,17.569371807234628,23.553142489705767,5.983770682471139,11.585601124763489,5.60183044229235,-0.381940240178789,34.05796603386339,17.799999237060547,time,False,-0.230627429825919,-0.03854215712201658,-1.3126674781334662,111.62790646096576,112.1212228994767,117.70336734885944,27.24319691206278,130446048.46826553,-22.222217693854073
relaxed_winrate_fade15,XFOR,2025-08-13,2025-08-14,2025-08-18,B,58,2.930000066757202,3.450000047683716,2.7200000286102295,2.713800028221948,3.4810000496251243,0.7672000214031764,1.9466000068187714,1.179399985415595,0.41219996401241854,28.2703225523156,2.490000009536743,time,False,0.22380001868520472,0.291710130919814,8.246739492881355,96.64429852374097,85.44303716289141,65.5367287192558,11.456328505705939,226694691.16501808,-15.07246300693923
relaxed_winrate_fade15,CPSH,2026-05-27,2026-05-28,2026-06-01,B,63,11.59000015258789,14.390000343322754,11.100000381469727,11.075528955459594,14.512357473373413,3.4368285179138187,7.638700437545776,4.201871919631957,0.7650434017181382,31.03082960403134,9.449999809265137,time,False,1.6255291461944577,0.4729735969431394,14.676763093948358,148.17987073322647,169.5348753137422,171.42857621449141,6.300483644495293,140415169.8486328,-19.45795777575585
relaxed_winrate_fade15,NVA,2025-10-16,2025-10-17,2025-10-21,B,57,12.595999717712402,15.180000305175781,11.479999542236328,11.443862683091846,15.360684600898198,3.9168219178063524,7.527040765285493,3.610218847479141,-0.30660307032721157,34.22639738235765,6.863999843597412,partial_runner_time,True,4.248342378650393,1.084640166900851,37.12332536921526,84.36768333768154,184.84848288788635,185.36473991255536,3.5789924628833822,168370728.22666168,-17.02240141973078
relaxed_winrate_fade15,PFSA,2026-04-06,2026-04-07,2026-04-09,A,95,46.25,56.25,43.0,42.89317857197353,56.784107140132356,13.890928568158827,29.0022500038147,15.111321435655874,1.220392867497047,32.38493632466581,26.25,partial_runner_time,True,15.267053570066178,1.099066451544625,35.593197049849074,264.891513246743,289.4736842105263,251.043638181688,362.45848375451266,445780440.0,-17.777777777777782
relaxed_winrate_fade15,TONX,2021-06-30,2021-07-01,2021-07-06,B,67,16400.0,20240.0,15440.0,15414.857142857143,20365.714285714286,4950.857142857143,10464.0,5513.142857142857,562.2857142857138,32.11743772241993,15040.0,time,False,374.8571428571431,0.07571560480147743,2.4317912218268107,57.692307692307686,58.914728682170534,65.3225806451613,37.770345596432556,194471200.0,-18.972332015810277
relaxed_winrate_fade15,TONX,2024-10-14,2024-10-15,2024-10-17,A,78,12.529999732971191,16.1299991607666,12.199999809265137,12.147585523469107,16.392070589746748,4.24448506627764,7.903100457191467,3.658615390913827,-0.5858696753638135,34.94097702030831,10.880000114440918,time,False,1.2675854090281895,0.29864291880754473,10.434875363332223,81.33140390247404,49.16667026186763,30.520825365351634,39.74299699210184,474826845.8808899,-22.31865849411684
relaxed_winrate_fade15,XNET,2019-10-28,2019-10-29,2019-10-31,B,70,5.699999809265137,6.829999923706055,5.380000114440918,5.371234400953566,6.873828491142818,1.5025940901892518,3.868640310764314,2.366046220575062,0.8634521303858103,27.97483740278572,5.480000019073486,time,False,-0.10876561811992058,-0.07238522953742055,-2.024965026672662,147.82608380164444,145.6896540207188,152.21238200522055,22.743579714990442,411008176.24673843,-16.54465779009502
